lci_name,activity_name,flow_type,name,reference_product,categories,unit,location,impact_score,share_%,total_score
Au-Ag ingot,gold-silver mine operation and beneficiation,Biosphere (direct),Copper ion,,"('water', 'surface water')",kilogram,,16586.095658956765,1.7800679916082216,931767.5356867621
Au-Ag ingot,gold-silver mine operation and beneficiation,Biosphere (direct),Nickel II,,"('water', 'surface water')",kilogram,,1764.8789428519176,0.1894119375549083,931767.5356867621
Au-Ag ingot,gold-silver mine operation and beneficiation,Biosphere (direct),Arsenic ion,,"('water', 'surface water')",kilogram,,1592.022440897817,0.17086047537859453,931767.5356867621
Au-Ag ingot,gold-silver mine operation and beneficiation,Biosphere (direct),Cadmium II,,"('water', 'surface water')",kilogram,,843.8602775060556,0.09056553756019046,931767.5356867621
Au-Ag ingot,gold-silver mine operation and beneficiation,Biosphere (direct),Cobalt II,,"('water', 'surface water')",kilogram,,743.8647606235572,0.07983372806343693,931767.5356867621
Au-Ag ingot,gold-silver mine operation and beneficiation,Biosphere (direct),Zinc II,,"('water', 'surface water')",kilogram,,134.81283053300407,0.014468504790053656,931767.5356867621
Au-Ag ingot,gold-silver mine operation and beneficiation,Biosphere (direct),Antimony ion,,"('water', 'surface water')",kilogram,,10.413494225339354,0.0011176064658299193,931767.5356867621
Au-Ag ingot,gold-silver mine operation and beneficiation,Biosphere (direct),Lead II,,"('air', 'non-urban air or from high stacks')",kilogram,,0.1391439861812501,1.4933337002205555e-05,931767.5356867621
Au-Ag ingot,gold-silver mine operation and beneficiation,Biosphere (direct),Lead II,,"('water', 'surface water')",kilogram,,0.02666018205756686,2.861248223025595e-06,931767.5356867621
Au-Ag ingot,gold-silver mine operation and beneficiation,Technosphere (first-tier),market for copper sulfate,copper sulfate,,kilogram,GLO,259408.99202412638,27.840526965014746,931767.5356867621
Au-Ag ingot,gold-silver mine operation and beneficiation,Technosphere (first-tier),"market for hydrogen peroxide, without water, in 50% solution state","hydrogen peroxide, without water, in 50% solution state",,kilogram,RoW,99272.68602964336,10.654233188804344,931767.5356867621
Au-Ag ingot,gold-silver mine operation and beneficiation,Technosphere (first-tier),market for chromium,chromium,,kilogram,GLO,96633.9872272892,10.371040364275498,931767.5356867621
Au-Ag ingot,gold-silver mine operation and beneficiation,Technosphere (first-tier),"market for cement, Portland","cement, Portland",,kilogram,CA-QC,73569.610381448,7.895704407346978,931767.5356867621
Au-Ag ingot,gold-silver mine operation and beneficiation,Technosphere (first-tier),"market for steel, unalloyed","steel, unalloyed",,kilogram,GLO,69668.80025188769,7.477058127007837,931767.5356867621
Au-Ag ingot,gold-silver mine operation and beneficiation,Technosphere (first-tier),"market for mine infrastructure, underground, non-ferrous metal","mine infrastructure, underground, non-ferrous metal",,unit,GLO,55357.17707694731,5.941093132864532,931767.5356867621
Au-Ag ingot,gold-silver mine operation and beneficiation,Technosphere (first-tier),"market for electricity, high voltage","electricity, high voltage",,kilowatt hour,CA-QC,39076.52957607956,4.1938067253307,931767.5356867621
Au-Ag ingot,gold-silver mine operation and beneficiation,Technosphere (first-tier),market for sodium cyanide,sodium cyanide,,kilogram,RoW,31586.29193080525,3.38993265176646,931767.5356867621
Au-Ag ingot,gold-silver mine operation and beneficiation,Technosphere (first-tier),"market for diesel, burned in building machine","diesel, burned in building machine",,megajoule,GLO,30502.26518238319,3.2735917505326477,931767.5356867621
Au-Ag ingot,gold-silver mine operation and beneficiation,Technosphere (first-tier),"market for heat, district or industrial, natural gas","heat, district or industrial, natural gas",,megajoule,CA-QC,30010.93751768835,3.2208610375729285,931767.5356867621
Au-Ag ingot,gold-silver mine operation and beneficiation,Technosphere (first-tier),market for zinc,zinc,,kilogram,GLO,17873.457802829773,1.9182314384516612,931767.5356867621
Au-Ag ingot,gold-silver mine operation and beneficiation,Technosphere (first-tier),"market for sodium silicate, spray powder, 80%","sodium silicate, spray powder, 80%",,kilogram,RoW,13490.323356695446,1.4478207106402738,931767.5356867621
Au-Ag ingot,gold-silver mine operation and beneficiation,Technosphere (first-tier),"market for carboxymethyl cellulose, powder","carboxymethyl cellulose, powder",,kilogram,GLO,12519.994988450655,1.3436822500177314,931767.5356867621
Au-Ag ingot,gold-silver mine operation and beneficiation,Technosphere (first-tier),"market for oxygen, liquid","oxygen, liquid",,kilogram,RoW,11918.628794951295,1.2791418823329828,931767.5356867621
Au-Ag ingot,gold-silver mine operation and beneficiation,Technosphere (first-tier),market for zinc monosulfate,zinc monosulfate,,kilogram,RoW,11500.629231504226,1.2342809543184667,931767.5356867621
Au-Ag ingot,gold-silver mine operation and beneficiation,Technosphere (first-tier),market for soap,soap,,kilogram,GLO,10534.5258124993,1.1305959275276527,931767.5356867621
Au-Ag ingot,gold-silver mine operation and beneficiation,Technosphere (first-tier),"market for soda ash, dense","soda ash, dense",,kilogram,GLO,9510.42191472017,1.0206861207833866,931767.5356867621
Au-Ag ingot,gold-silver mine operation and beneficiation,Technosphere (first-tier),"market for quicklime, milled, loose","quicklime, milled, loose",,kilogram,RoW,7805.673752256742,0.8377275933426406,931767.5356867621
Au-Ag ingot,gold-silver mine operation and beneficiation,Technosphere (first-tier),market for ammonium nitrate,ammonium nitrate,,kilogram,RNA,6239.998268552825,0.6696947499843526,931767.5356867621
Au-Ag ingot,gold-silver mine operation and beneficiation,Technosphere (first-tier),"treatment of municipal solid waste, sanitary landfill",municipal solid waste,,kilogram,RoW,4810.7237065417685,0.5163008499749897,931767.5356867621
Au-Ag ingot,gold-silver mine operation and beneficiation,Technosphere (first-tier),"market for sulfur dioxide, liquid","sulfur dioxide, liquid",,kilogram,RoW,3093.2034123884096,0.3319715802406181,931767.5356867621
Au-Ag ingot,gold-silver mine operation and beneficiation,Technosphere (first-tier),"market for lime, hydrated, loose weight","lime, hydrated, loose weight",,kilogram,RoW,2473.764762010272,0.26549162395822,931767.5356867621
Au-Ag ingot,gold-silver mine operation and beneficiation,Technosphere (first-tier),"market for chemical, inorganic","chemical, inorganic",,kilogram,GLO,2150.2557953514433,0.2307717014165546,931767.5356867621
Au-Ag ingot,gold-silver mine operation and beneficiation,Technosphere (first-tier),"market for borax, anhydrous, powder","borax, anhydrous, powder",,kilogram,GLO,1737.5976510363225,0.1864840300274704,931767.5356867621
Au-Ag ingot,gold-silver mine operation and beneficiation,Technosphere (first-tier),"market for aluminium sulfate, powder","aluminium sulfate, powder",,kilogram,RoW,1557.9319368373763,0.1672017834028847,931767.5356867621
Au-Ag ingot,gold-silver mine operation and beneficiation,Technosphere (first-tier),"market for transport, passenger car, large size, petrol, EURO 3","transport, passenger car, large size, petrol, EURO 3",,kilometer,GLO,1421.0921638233924,0.15251574125470815,931767.5356867621
Au-Ag ingot,gold-silver mine operation and beneficiation,Technosphere (first-tier),market for manganese dioxide,manganese dioxide,,kilogram,GLO,1322.0340668038755,0.14188453838214768,931767.5356867621
Au-Ag ingot,gold-silver mine operation and beneficiation,Technosphere (first-tier),market for iron sulfate,iron sulfate,,kilogram,RoW,971.6451614136157,0.10427978269252124,931767.5356867621
Au-Ag ingot,gold-silver mine operation and beneficiation,Technosphere (first-tier),market for sodium nitrate,sodium nitrate,,kilogram,GLO,865.7568018509223,0.0929155361924918,931767.5356867621
Au-Ag ingot,gold-silver mine operation and beneficiation,Technosphere (first-tier),"market for carbon dioxide, liquid","carbon dioxide, liquid",,kilogram,RoW,787.5182511820734,0.08451874754378845,931767.5356867621
Au-Ag ingot,gold-silver mine operation and beneficiation,Technosphere (first-tier),market for fatty alcohol,fatty alcohol,,kilogram,GLO,535.9614761144622,0.05752094332406958,931767.5356867621
Au-Ag ingot,gold-silver mine operation and beneficiation,Technosphere (first-tier),"market for phosphoric acid, industrial grade, without water, in 85% solution state","phosphoric acid, industrial grade, without water, in 85% solution state",,kilogram,GLO,405.30672526143223,0.04349869573022843,931767.5356867621
Au-Ag ingot,gold-silver mine operation and beneficiation,Technosphere (first-tier),"market for diesel, low-sulfur","diesel, low-sulfur",,kilogram,RoW,372.62872041179145,0.039991597275080455,931767.5356867621
Au-Ag ingot,gold-silver mine operation and beneficiation,Technosphere (first-tier),"market for polycarboxylates, 40% active substance","polycarboxylates, 40% active substance",,kilogram,RoW,360.8004388572689,0.03872215172117365,931767.5356867621
Au-Ag ingot,gold-silver mine operation and beneficiation,Technosphere (first-tier),market for polyacrylamide,polyacrylamide,,kilogram,GLO,356.7570309509746,0.038288201432992164,931767.5356867621
Au-Ag ingot,gold-silver mine operation and beneficiation,Technosphere (first-tier),market for waste mineral oil,waste mineral oil,,kilogram,RoW,169.61654223917557,0.018203740283155412,931767.5356867621
Au-Ag ingot,gold-silver mine operation and beneficiation,Technosphere (first-tier),"market for waste wood, untreated","waste wood, untreated",,kilogram,RoW,80.34090696346165,0.008622419636486491,931767.5356867621
Au-Ag ingot,gold-silver mine operation and beneficiation,Technosphere (first-tier),"market for waste plastic, mixture","waste plastic, mixture",,kilogram,RoW,56.53437424381731,0.006067433354194776,931767.5356867621
Au-Ag ingot,gold-silver mine operation and beneficiation,Technosphere (first-tier),market for lubricating oil,lubricating oil,,kilogram,RoW,24.072600681403777,0.0025835414692422175,931767.5356867621
Au-Ag ingot,gold-silver mine operation and beneficiation,Technosphere (first-tier),market for scrap aluminium,scrap aluminium,,kilogram,RoW,22.396082991853998,0.002403612718203033,931767.5356867621
Au-Ag ingot,gold-silver mine operation and beneficiation,Technosphere (first-tier),market for synthetic rubber,synthetic rubber,,kilogram,GLO,19.888131314559523,0.0021344520551363614,931767.5356867621
Au-Ag ingot,gold-silver mine operation and beneficiation,Technosphere (first-tier),market for silica sand,silica sand,,kilogram,GLO,14.670848682554881,0.0015745181196661557,931767.5356867621
Au-Ag ingot,gold-silver mine operation and beneficiation,Technosphere (first-tier),"electronics scrap, Recycled Content cut-off",electronics scrap,,kilogram,GLO,-0.0,-0.0,931767.5356867621
Au-Ag ingot,gold-silver mine operation and beneficiation,Technosphere (first-tier),"iron scrap, sorted, pressed, Recycled Content cut-off","iron scrap, sorted, pressed",,kilogram,GLO,-0.0,-0.0,931767.5356867621
Cu concentrate from Au mine,gold-silver mine operation and beneficiation,Biosphere (direct),Copper ion,,"('water', 'surface water')",kilogram,,5.961003730655943,1.7800719169670565,334.874320179855
Cu concentrate from Au mine,gold-silver mine operation and beneficiation,Biosphere (direct),Nickel II,,"('water', 'surface water')",kilogram,,0.6342933369502894,0.18941235524110117,334.874320179855
Cu concentrate from Au mine,gold-silver mine operation and beneficiation,Biosphere (direct),Arsenic ion,,"('water', 'surface water')",kilogram,,0.5721691171095521,0.17086085215559388,334.874320179855
Cu concentrate from Au mine,gold-silver mine operation and beneficiation,Biosphere (direct),Cadmium II,,"('water', 'surface water')",kilogram,,0.30328139700855616,0.09056573727291754,334.874320179855
Cu concentrate from Au mine,gold-silver mine operation and beneficiation,Biosphere (direct),Cobalt II,,"('water', 'surface water')",kilogram,,0.2673432436636156,0.07983390411066169,334.874320179855
Cu concentrate from Au mine,gold-silver mine operation and beneficiation,Biosphere (direct),Zinc II,,"('water', 'surface water')",kilogram,,0.048451413899422244,0.014468536695617587,334.874320179855
Cu concentrate from Au mine,gold-silver mine operation and beneficiation,Biosphere (direct),Antimony ion,,"('water', 'surface water')",kilogram,,0.0037425853077659387,0.001117608930346126,334.874320179855
Cu concentrate from Au mine,gold-silver mine operation and beneficiation,Biosphere (direct),Lead II,,"('air', 'non-urban air or from high stacks')",kilogram,,5.000802104242421e-05,1.4933369932805181e-05,334.874320179855
Cu concentrate from Au mine,gold-silver mine operation and beneficiation,Biosphere (direct),Lead II,,"('water', 'surface water')",kilogram,,9.581606664574037e-06,2.861254532574468e-06,334.874320179855
Cu concentrate from Au mine,gold-silver mine operation and beneficiation,Technosphere (first-tier),market for copper sulfate,copper sulfate,,kilogram,GLO,93.23098099862139,27.84058835820815,334.874320179855
Cu concentrate from Au mine,gold-silver mine operation and beneficiation,Technosphere (first-tier),"market for hydrogen peroxide, without water, in 50% solution state","hydrogen peroxide, without water, in 50% solution state",,kilogram,RoW,35.67836963820822,10.654256683237461,334.874320179855
Cu concentrate from Au mine,gold-silver mine operation and beneficiation,Technosphere (first-tier),market for chromium,chromium,,kilogram,GLO,34.73002750101474,10.371063234219294,334.874320179855
Cu concentrate from Au mine,gold-silver mine operation and beneficiation,Technosphere (first-tier),"market for cement, Portland","cement, Portland",,kilogram,CA-QC,26.4407447638162,7.895721818745417,334.874320179855
Cu concentrate from Au mine,gold-silver mine operation and beneficiation,Technosphere (first-tier),"market for steel, unalloyed","steel, unalloyed",,kilogram,GLO,25.038802787053715,7.4770746152185765,334.874320179855
Cu concentrate from Au mine,gold-silver mine operation and beneficiation,Technosphere (first-tier),"market for mine infrastructure, underground, non-ferrous metal","mine infrastructure, underground, non-ferrous metal",,unit,GLO,19.895239112290273,5.941106234005909,334.874320179855
Cu concentrate from Au mine,gold-silver mine operation and beneficiation,Technosphere (first-tier),"market for electricity, high voltage","electricity, high voltage",,kilowatt hour,CA-QC,14.0440127305252,4.193815973402324,334.874320179855
Cu concentrate from Au mine,gold-silver mine operation and beneficiation,Technosphere (first-tier),market for sodium cyanide,sodium cyanide,,kilogram,RoW,11.352038955318594,3.389940127156247,334.874320179855
Cu concentrate from Au mine,gold-silver mine operation and beneficiation,Technosphere (first-tier),"market for diesel, burned in building machine","diesel, burned in building machine",,megajoule,GLO,10.962442294094393,3.2735989693705574,334.874320179855
Cu concentrate from Au mine,gold-silver mine operation and beneficiation,Technosphere (first-tier),"market for heat, district or industrial, natural gas","heat, district or industrial, natural gas",,megajoule,CA-QC,10.785860288151433,3.2208681401304644,334.874320179855
Cu concentrate from Au mine,gold-silver mine operation and beneficiation,Technosphere (first-tier),market for zinc,zinc,,kilogram,GLO,6.423678654286216,1.9182356684848734,334.874320179855
Cu concentrate from Au mine,gold-silver mine operation and beneficiation,Technosphere (first-tier),"market for sodium silicate, spray powder, 80%","sodium silicate, spray powder, 80%",,kilogram,RoW,4.848390453698527,1.447823903336196,334.874320179855
Cu concentrate from Au mine,gold-silver mine operation and beneficiation,Technosphere (first-tier),"market for carboxymethyl cellulose, powder","carboxymethyl cellulose, powder",,kilogram,GLO,4.499656722626321,1.3436852130702757,334.874320179855
Cu concentrate from Au mine,gold-silver mine operation and beneficiation,Technosphere (first-tier),"market for oxygen, liquid","oxygen, liquid",,kilogram,RoW,4.283527128498229,1.2791447030628158,334.874320179855
Cu concentrate from Au mine,gold-silver mine operation and beneficiation,Technosphere (first-tier),market for zinc monosulfate,zinc monosulfate,,kilogram,RoW,4.133299069505034,1.2342836761221683,334.874320179855
Cu concentrate from Au mine,gold-silver mine operation and beneficiation,Technosphere (first-tier),market for soap,soap,,kilogram,GLO,3.786083775242704,1.1305984206878767,334.874320179855
Cu concentrate from Au mine,gold-silver mine operation and beneficiation,Technosphere (first-tier),"market for soda ash, dense","soda ash, dense",,kilogram,GLO,3.4180232454612995,1.0206883715734132,334.874320179855
Cu concentrate from Au mine,gold-silver mine operation and beneficiation,Technosphere (first-tier),"market for quicklime, milled, loose","quicklime, milled, loose",,kilogram,RoW,2.805340769414821,0.8377294406773631,334.874320179855
Cu concentrate from Au mine,gold-silver mine operation and beneficiation,Technosphere (first-tier),market for ammonium nitrate,ammonium nitrate,,kilogram,RNA,2.242640686691278,0.6696962267774955,334.874320179855
Cu concentrate from Au mine,gold-silver mine operation and beneficiation,Technosphere (first-tier),"treatment of municipal solid waste, sanitary landfill",municipal solid waste,,kilogram,RoW,1.7289627740911135,0.5163019885079628,334.874320179855
Cu concentrate from Au mine,gold-silver mine operation and beneficiation,Technosphere (first-tier),"market for sulfur dioxide, liquid","sulfur dioxide, liquid",,kilogram,RoW,1.1116900239851115,0.33197231229556295,334.874320179855
Cu concentrate from Au mine,gold-silver mine operation and beneficiation,Technosphere (first-tier),"market for lime, hydrated, loose weight","lime, hydrated, loose weight",,kilogram,RoW,0.8890652314033468,0.26549220941332435,334.874320179855
Cu concentrate from Au mine,gold-silver mine operation and beneficiation,Technosphere (first-tier),"market for chemical, inorganic","chemical, inorganic",,kilogram,GLO,0.7727968704336245,0.23077221030820436,334.874320179855
Cu concentrate from Au mine,gold-silver mine operation and beneficiation,Technosphere (first-tier),"market for borax, anhydrous, powder","borax, anhydrous, powder",,kilogram,GLO,0.6244885049009785,0.18648444125711908,334.874320179855
Cu concentrate from Au mine,gold-silver mine operation and beneficiation,Technosphere (first-tier),"market for aluminium sulfate, powder","aluminium sulfate, powder",,kilogram,RoW,0.5599170702105889,0.1672021521118333,334.874320179855
Cu concentrate from Au mine,gold-silver mine operation and beneficiation,Technosphere (first-tier),"market for transport, passenger car, large size, petrol, EURO 3","transport, passenger car, large size, petrol, EURO 3",,kilometer,GLO,0.5107371779555977,0.1525160775783852,334.874320179855
Cu concentrate from Au mine,gold-silver mine operation and beneficiation,Technosphere (first-tier),market for manganese dioxide,manganese dioxide,,kilogram,GLO,0.4751359311024152,0.14188485126217748,334.874320179855
Cu concentrate from Au mine,gold-silver mine operation and beneficiation,Technosphere (first-tier),market for iron sulfate,iron sulfate,,kilogram,RoW,0.3492069834369123,0.10428001264753879,334.874320179855
Cu concentrate from Au mine,gold-silver mine operation and beneficiation,Technosphere (first-tier),market for sodium nitrate,sodium nitrate,,kilogram,GLO,0.31115095630641676,0.09291574108737366,334.874320179855
Cu concentrate from Au mine,gold-silver mine operation and beneficiation,Technosphere (first-tier),"market for carbon dioxide, liquid","carbon dioxide, liquid",,kilogram,RoW,0.28303220539554347,0.08451893392229418,334.874320179855
Cu concentrate from Au mine,gold-silver mine operation and beneficiation,Technosphere (first-tier),market for fatty alcohol,fatty alcohol,,kilogram,GLO,0.19262329268436928,0.057521070167731815,334.874320179855
Cu concentrate from Au mine,gold-silver mine operation and beneficiation,Technosphere (first-tier),"market for phosphoric acid, industrial grade, without water, in 85% solution state","phosphoric acid, industrial grade, without water, in 85% solution state",,kilogram,GLO,0.1456662828324303,0.04349879165240128,334.874320179855
Cu concentrate from Au mine,gold-silver mine operation and beneficiation,Technosphere (first-tier),"market for diesel, low-sulfur","diesel, low-sulfur",,kilogram,RoW,0.13392188482433673,0.0399916854634926,334.874320179855
Cu concentrate from Au mine,gold-silver mine operation and beneficiation,Technosphere (first-tier),"market for polycarboxylates, 40% active substance","polycarboxylates, 40% active substance",,kilogram,RoW,0.12967082828134116,0.03872223711023804,334.874320179855
Cu concentrate from Au mine,gold-silver mine operation and beneficiation,Technosphere (first-tier),market for polyacrylamide,polyacrylamide,,kilogram,GLO,0.12821763699934297,0.038288285865120855,334.874320179855
Cu concentrate from Au mine,gold-silver mine operation and beneficiation,Technosphere (first-tier),market for waste mineral oil,waste mineral oil,,kilogram,RoW,0.06095978594713363,0.01820378042556181,334.874320179855
Cu concentrate from Au mine,gold-silver mine operation and beneficiation,Technosphere (first-tier),"market for waste wood, untreated","waste wood, untreated",,kilogram,RoW,0.02887433281351276,0.008622438650418125,334.874320179855
Cu concentrate from Au mine,gold-silver mine operation and beneficiation,Technosphere (first-tier),"market for waste plastic, mixture","waste plastic, mixture",,kilogram,RoW,0.020318321002550575,0.006067446733938263,334.874320179855
Cu concentrate from Au mine,gold-silver mine operation and beneficiation,Technosphere (first-tier),market for lubricating oil,lubricating oil,,kilogram,RoW,0.00865163601000625,0.0025835471663995056,334.874320179855
Cu concentrate from Au mine,gold-silver mine operation and beneficiation,Technosphere (first-tier),market for scrap aluminium,scrap aluminium,,kilogram,RoW,0.008049099499461037,0.0024036180185862,334.874320179855
Cu concentrate from Au mine,gold-silver mine operation and beneficiation,Technosphere (first-tier),market for synthetic rubber,synthetic rubber,,kilogram,GLO,0.007147747571191892,0.002134456761973556,334.874320179855
Cu concentrate from Au mine,gold-silver mine operation and beneficiation,Technosphere (first-tier),market for silica sand,silica sand,,kilogram,GLO,0.005272668476464045,0.0015745215917518517,334.874320179855
Cu concentrate from Au mine,gold-silver mine operation and beneficiation,Technosphere (first-tier),"electronics scrap, Recycled Content cut-off",electronics scrap,,kilogram,GLO,-0.0,-0.0,334.874320179855
Cu concentrate from Au mine,gold-silver mine operation and beneficiation,Technosphere (first-tier),"iron scrap, sorted, pressed, Recycled Content cut-off","iron scrap, sorted, pressed",,kilogram,GLO,-0.0,-0.0,334.874320179855
Cu concentrate from Cu mine,"copper mine operation and beneficiation, sulfide ore",Biosphere (direct),Copper ion,,"('air', 'non-urban air or from high stacks')",kilogram,,7.65904518510265,0.05176289465888841,14796.40046325633
Cu concentrate from Cu mine,"copper mine operation and beneficiation, sulfide ore",Biosphere (direct),Aluminium III,,"('water', 'surface water')",kilogram,,5.770460167121919,0.03899908076597151,14796.40046325633
Cu concentrate from Cu mine,"copper mine operation and beneficiation, sulfide ore",Biosphere (direct),Iron ion,,"('water', 'surface water')",kilogram,,1.6374416351751861,0.011066486333898704,14796.40046325633
Cu concentrate from Cu mine,"copper mine operation and beneficiation, sulfide ore",Biosphere (direct),Copper ion,,"('water', 'surface water')",kilogram,,1.282520707276179,0.008667788564259548,14796.40046325633
Cu concentrate from Cu mine,"copper mine operation and beneficiation, sulfide ore",Biosphere (direct),Zinc II,,"('air', 'non-urban air or from high stacks')",kilogram,,0.4034743036141196,0.0027268409274002893,14796.40046325633
Cu concentrate from Cu mine,"copper mine operation and beneficiation, sulfide ore",Biosphere (direct),Nickel II,,"('air', 'non-urban air or from high stacks')",kilogram,,0.35924069470947245,0.002427892483726493,14796.40046325633
Cu concentrate from Cu mine,"copper mine operation and beneficiation, sulfide ore",Biosphere (direct),Manganese II,,"('air', 'non-urban air or from high stacks')",kilogram,,0.25316816481716004,0.001711011846738324,14796.40046325633
Cu concentrate from Cu mine,"copper mine operation and beneficiation, sulfide ore",Biosphere (direct),Zinc II,,"('water', 'surface water')",kilogram,,0.16476503833738282,0.0011135481142629335,14796.40046325633
Cu concentrate from Cu mine,"copper mine operation and beneficiation, sulfide ore",Biosphere (direct),Nickel II,,"('water', 'surface water')",kilogram,,0.11837226669993187,0.0008000071841383577,14796.40046325633
Cu concentrate from Cu mine,"copper mine operation and beneficiation, sulfide ore",Biosphere (direct),Cobalt II,,"('air', 'non-urban air or from high stacks')",kilogram,,0.037770633789547266,0.0002552690695506822,14796.40046325633
Cu concentrate from Cu mine,"copper mine operation and beneficiation, sulfide ore",Biosphere (direct),Chromium III,,"('air', 'non-urban air or from high stacks')",kilogram,,0.011918733329146043,8.055157305821538e-05,14796.40046325633
Cu concentrate from Cu mine,"copper mine operation and beneficiation, sulfide ore",Biosphere (direct),Cadmium II,,"('water', 'surface water')",kilogram,,0.011809571396157816,7.981381299785945e-05,14796.40046325633
Cu concentrate from Cu mine,"copper mine operation and beneficiation, sulfide ore",Biosphere (direct),Manganese II,,"('water', 'surface water')",kilogram,,0.006605003956843449,4.463926191539322e-05,14796.40046325633
Cu concentrate from Cu mine,"copper mine operation and beneficiation, sulfide ore",Biosphere (direct),Cadmium II,,"('air', 'non-urban air or from high stacks')",kilogram,,0.0037346763343686796,2.5240438332572457e-05,14796.40046325633
Cu concentrate from Cu mine,"copper mine operation and beneficiation, sulfide ore",Biosphere (direct),Cobalt II,,"('water', 'surface water')",kilogram,,0.0015690157838591453,1.0604037027488259e-05,14796.40046325633
Cu concentrate from Cu mine,"copper mine operation and beneficiation, sulfide ore",Biosphere (direct),Arsenic ion,,"('water', 'surface water')",kilogram,,0.0007324823680214532,4.950409187967135e-06,14796.40046325633
Cu concentrate from Cu mine,"copper mine operation and beneficiation, sulfide ore",Biosphere (direct),Carbon disulfide,,"('air', 'non-urban air or from high stacks')",kilogram,,0.000643195575401711,4.346973285826837e-06,14796.40046325633
Cu concentrate from Cu mine,"copper mine operation and beneficiation, sulfide ore",Biosphere (direct),Beryllium II,,"('air', 'non-urban air or from high stacks')",kilogram,,0.0005753626565669657,3.888531254582861e-06,14796.40046325633
Cu concentrate from Cu mine,"copper mine operation and beneficiation, sulfide ore",Biosphere (direct),Arsenic ion,,"('air', 'non-urban air or from high stacks')",kilogram,,0.0003512668942427895,2.374002346821344e-06,14796.40046325633
Cu concentrate from Cu mine,"copper mine operation and beneficiation, sulfide ore",Biosphere (direct),Lead II,,"('air', 'non-urban air or from high stacks')",kilogram,,0.00016568718022348075,1.1197803184289932e-06,14796.40046325633
Cu concentrate from Cu mine,"copper mine operation and beneficiation, sulfide ore",Biosphere (direct),Chromium III,,"('water', 'surface water')",kilogram,,7.22254226923413e-05,4.881283314255894e-07,14796.40046325633
Cu concentrate from Cu mine,"copper mine operation and beneficiation, sulfide ore",Biosphere (direct),Lead II,,"('water', 'surface water')",kilogram,,3.148517997051408e-05,2.1278945544019796e-07,14796.40046325633
Cu concentrate from Cu mine,"copper mine operation and beneficiation, sulfide ore",Biosphere (direct),Mercury II,,"('air', 'non-urban air or from high stacks')",kilogram,,2.2452543419342014e-05,1.517432802329057e-07,14796.40046325633
Cu concentrate from Cu mine,"copper mine operation and beneficiation, sulfide ore",Biosphere (direct),Mercury II,,"('water', 'surface water')",kilogram,,1.3585485390811125e-05,9.181615099258599e-08,14796.40046325633
Cu concentrate from Cu mine,"copper mine operation and beneficiation, sulfide ore",Biosphere (direct),Selenium IV,,"('air', 'non-urban air or from high stacks')",kilogram,,5.392807157729811e-06,3.644675048584745e-08,14796.40046325633
Cu concentrate from Cu mine,"copper mine operation and beneficiation, sulfide ore",Biosphere (direct),Antimony ion,,"('air', 'non-urban air or from high stacks')",kilogram,,3.617587369621083e-06,2.444910421696534e-08,14796.40046325633
Cu concentrate from Cu mine,"copper mine operation and beneficiation, sulfide ore",Biosphere (direct),Barium II,,"('air', 'non-urban air or from high stacks')",kilogram,,1.8969046142321006e-07,1.282004105621941e-09,14796.40046325633
Cu concentrate from Cu mine,"copper mine operation and beneficiation, sulfide ore",Biosphere (direct),Molybdenum VI,,"('air', 'non-urban air or from high stacks')",kilogram,,1.37737099108773e-12,9.308824767943621e-15,14796.40046325633
Cu concentrate from Cu mine,"copper mine operation and beneficiation, sulfide ore",Technosphere (first-tier),market for blasting,blasting,,kilogram,GLO,14375.289991207937,97.15396678337999,14796.40046325633
Cu concentrate from Cu mine,"copper mine operation and beneficiation, sulfide ore",Technosphere (first-tier),"market for steel, chromium steel 18/8, hot rolled","steel, chromium steel 18/8, hot rolled",,kilogram,GLO,139.98890465882886,0.9461010805057698,14796.40046325633
Cu concentrate from Cu mine,"copper mine operation and beneficiation, sulfide ore",Technosphere (first-tier),"market for mine infrastructure, open cast, non-ferrous metal","mine infrastructure, open cast, non-ferrous metal",,unit,GLO,102.99139849514421,0.696057117073177,14796.40046325633
Cu concentrate from Cu mine,"copper mine operation and beneficiation, sulfide ore",Technosphere (first-tier),"market for mine infrastructure, underground, non-ferrous metal","mine infrastructure, underground, non-ferrous metal",,unit,GLO,43.580430965803835,0.29453400557808934,14796.40046325633
Cu concentrate from Cu mine,"copper mine operation and beneficiation, sulfide ore",Technosphere (first-tier),"market group for electricity, high voltage","electricity, high voltage",,kilowatt hour,CA,34.406637600513136,0.23253383609043698,14796.40046325633
Cu concentrate from Cu mine,"copper mine operation and beneficiation, sulfide ore",Technosphere (first-tier),"market for chemical, inorganic","chemical, inorganic",,kilogram,GLO,31.60307991322454,0.21358627046965897,14796.40046325633
Cu concentrate from Cu mine,"copper mine operation and beneficiation, sulfide ore",Technosphere (first-tier),"market for chemical, organic","chemical, organic",,kilogram,GLO,16.253024359318744,0.10984444763900264,14796.40046325633
Cu concentrate from Cu mine,"copper mine operation and beneficiation, sulfide ore",Technosphere (first-tier),market for aluminium hydroxide factory,aluminium hydroxide factory,,unit,GLO,13.866101615336003,0.09371266781924074,14796.40046325633
Cu concentrate from Cu mine,"copper mine operation and beneficiation, sulfide ore",Technosphere (first-tier),"market group for electricity, medium voltage","electricity, medium voltage",,kilowatt hour,CA,13.53062359280606,0.09144537299058948,14796.40046325633
Cu concentrate from Cu mine,"copper mine operation and beneficiation, sulfide ore",Technosphere (first-tier),market for conveyor belt,conveyor belt,,meter,GLO,4.713658664978734,0.031856792986132594,14796.40046325633
Cu concentrate from Cu mine,"copper mine operation and beneficiation, sulfide ore",Technosphere (first-tier),"market for lime, packed","lime, packed",,kilogram,RoW,4.689750679307453,0.031695213244284905,14796.40046325633
Cu concentrate from Cu mine,"copper mine operation and beneficiation, sulfide ore",Technosphere (first-tier),market for sodium cyanide,sodium cyanide,,kilogram,RoW,2.384139990887833,0.016112972859908262,14796.40046325633
Cu concentrate from Cu mine,"copper mine operation and beneficiation, sulfide ore",Technosphere (first-tier),"market for diesel, burned in building machine","diesel, burned in building machine",,megajoule,GLO,0.02404856956415988,0.00016252986409687488,14796.40046325633
Cu concentrate from Cu mine,"copper mine operation and beneficiation, sulfide ore",Technosphere (first-tier),market for copper sulfate,copper sulfate,,kilogram,GLO,0.018310621606515868,0.0001237505138630598,14796.40046325633
Cu concentrate from Cu mine,"copper mine operation and beneficiation, sulfide ore",Technosphere (first-tier),market for dithiocarbamate-compound,dithiocarbamate-compound,,kilogram,GLO,0.0012889649447386518,8.711341301822143e-06,14796.40046325633
Cu concentrate from Cu mine,"copper mine operation and beneficiation, sulfide ore",Technosphere (first-tier),market for synthetic rubber,synthetic rubber,,kilogram,GLO,0.00038987506610809375,2.6349318341056284e-06,14796.40046325633
Cu concentrate from Cu mine,"copper mine operation and beneficiation, sulfide ore",Technosphere (first-tier),market for iron pellet,iron pellet,,kilogram,GLO,0.0003080568573527009,2.0819716127425295e-06,14796.40046325633
Cu concentrate from Cu mine,"copper mine operation and beneficiation, sulfide ore",Technosphere (first-tier),"market for aluminium sulfate, powder","aluminium sulfate, powder",,kilogram,RoW,8.800026469383561e-05,5.947410311877223e-07,14796.40046325633
Cu concentrate from Cu mine,"copper mine operation and beneficiation, sulfide ore",Technosphere (first-tier),market for diesel,diesel,,kilogram,RoW,5.7596002412015766e-05,3.892568503741367e-07,14796.40046325633
Cu concentrate from Cu mine,"copper mine operation and beneficiation, sulfide ore",Technosphere (first-tier),market for carbon disulfide,carbon disulfide,,kilogram,GLO,4.518702695442754e-05,3.0539202467951433e-07,14796.40046325633
Cu concentrate from Cu mine,"copper mine operation and beneficiation, sulfide ore",Technosphere (first-tier),market for potassium carbonate,potassium carbonate,,kilogram,GLO,2.801424628992384e-06,1.8933149558564044e-08,14796.40046325633
Cu concentrate from Cu mine,"copper mine operation and beneficiation, sulfide ore",Technosphere (first-tier),"market for sulfidic tailings, from copper mine operation","sulfidic tailings, from copper mine operation",,kilogram,CA,-0.0,-0.0,14796.40046325633
Fe concentrate,iron ore mine operation and beneficiation,Biosphere (direct),Iron ion,,"('water', 'surface water')",kilogram,,0.35880566077077286,13.698328250481854,2.6193390478736083
Fe concentrate,iron ore mine operation and beneficiation,Biosphere (direct),Copper ion,,"('water', 'surface water')",kilogram,,0.10773289967008996,4.112980324465748,2.6193390478736083
Fe concentrate,iron ore mine operation and beneficiation,Biosphere (direct),Nickel II,,"('water', 'surface water')",kilogram,,0.015633326642369993,0.5968424230937648,2.6193390478736083
Fe concentrate,iron ore mine operation and beneficiation,Biosphere (direct),Zinc II,,"('water', 'surface water')",kilogram,,0.005165801499322176,0.19721774863455718,2.6193390478736083
Fe concentrate,iron ore mine operation and beneficiation,Biosphere (direct),Cadmium II,,"('water', 'surface water')",kilogram,,0.004460990379725629,0.17030977274007664,2.6193390478736083
Fe concentrate,iron ore mine operation and beneficiation,Biosphere (direct),Arsenic ion,,"('water', 'surface water')",kilogram,,2.9762069547367425e-05,0.0011362434951492214,2.6193390478736083
Fe concentrate,iron ore mine operation and beneficiation,Biosphere (direct),Copper ion,,"('air', 'non-urban air or from high stacks')",kilogram,,1.1862687154106168e-05,0.00045288856987553227,2.6193390478736083
Fe concentrate,iron ore mine operation and beneficiation,Biosphere (direct),Lead II,,"('water', 'surface water')",kilogram,,1.349083284087905e-06,5.150472158932984e-05,2.6193390478736083
Fe concentrate,iron ore mine operation and beneficiation,Biosphere (direct),Zinc II,,"('air', 'non-urban air or from high stacks')",kilogram,,1.1182776427355752e-06,4.2693123047335104e-05,2.6193390478736083
Fe concentrate,iron ore mine operation and beneficiation,Biosphere (direct),Mercury II,,"('water', 'surface water')",kilogram,,9.883275925520737e-07,3.7731945902704066e-05,2.6193390478736083
Fe concentrate,iron ore mine operation and beneficiation,Biosphere (direct),Nickel II,,"('air', 'non-urban air or from high stacks')",kilogram,,1.1128175565934113e-08,4.2484670226132115e-07,2.6193390478736083
Fe concentrate,iron ore mine operation and beneficiation,Biosphere (direct),Cadmium II,,"('air', 'non-urban air or from high stacks')",kilogram,,1.655240114233651e-09,6.319304542027054e-08,2.6193390478736083
Fe concentrate,iron ore mine operation and beneficiation,Biosphere (direct),Thallium I,,"('air', 'non-urban air or from high stacks')",kilogram,,3.4268340641473493e-10,1.3082819755347322e-08,2.6193390478736083
Fe concentrate,iron ore mine operation and beneficiation,Biosphere (direct),Lead II,,"('air', 'non-urban air or from high stacks')",kilogram,,8.942361080985563e-11,3.413976166332882e-09,2.6193390478736083
Fe concentrate,iron ore mine operation and beneficiation,Biosphere (direct),Chromium III,,"('air', 'non-urban air or from high stacks')",kilogram,,1.0919972281172479e-13,4.168980067714931e-12,2.6193390478736083
Fe concentrate,iron ore mine operation and beneficiation,Biosphere (direct),Arsenic ion,,"('air', 'non-urban air or from high stacks')",kilogram,,3.1717220393203973e-15,1.2108864035357378e-13,2.6193390478736083
Fe concentrate,iron ore mine operation and beneficiation,Biosphere (direct),Mercury II,,"('air', 'non-urban air or from high stacks')",kilogram,,2.0597824965791508e-17,7.863749056279261e-16,2.6193390478736083
Fe concentrate,iron ore mine operation and beneficiation,Technosphere (first-tier),"market for diesel, burned in building machine","diesel, burned in building machine",,megajoule,GLO,0.7212592323233863,27.535924870394613,2.6193390478736083
Fe concentrate,iron ore mine operation and beneficiation,Technosphere (first-tier),market for ammonium nitrate,ammonium nitrate,,kilogram,RNA,0.6980938896437786,26.651528377378046,2.6193390478736083
Fe concentrate,iron ore mine operation and beneficiation,Technosphere (first-tier),"transport, freight train, diesel","transport, freight train",,ton kilometer,RoW,0.29224829454823165,11.157329738793463,2.6193390478736083
Fe concentrate,iron ore mine operation and beneficiation,Technosphere (first-tier),"market for electricity, high voltage","electricity, high voltage",,kilowatt hour,CA-QC,0.1767070196799181,6.746244623175823,2.6193390478736083
Fe concentrate,iron ore mine operation and beneficiation,Technosphere (first-tier),"heat production, heavy fuel oil, at industrial furnace 1MW","heat, district or industrial, other than natural gas",,megajoule,CA-QC,0.14690089950042376,5.608319381932576,2.6193390478736083
Fe concentrate,iron ore mine operation and beneficiation,Technosphere (first-tier),"market for diesel, low-sulfur","diesel, low-sulfur",,kilogram,RoW,0.039181133182528596,1.4958404569403119,2.6193390478736083
Fe concentrate,iron ore mine operation and beneficiation,Technosphere (first-tier),"market for hazardous waste, for incineration","hazardous waste, for incineration",,kilogram,RoW,0.02620566060012762,1.000468443419018,2.6193390478736083
Fe concentrate,iron ore mine operation and beneficiation,Technosphere (first-tier),market for lubricating oil,lubricating oil,,kilogram,RoW,0.023179988413819342,0.884955631560449,2.6193390478736083
Fe concentrate,iron ore mine operation and beneficiation,Technosphere (first-tier),"market for mine infrastructure, iron","mine infrastructure, iron",,unit,GLO,0.0028463713251275446,0.10866754066978242,2.6193390478736083
Fe concentrate,iron ore mine operation and beneficiation,Technosphere (first-tier),"market for solvent, organic","solvent, organic",,kilogram,GLO,0.0006898536924737821,0.026336937672647175,2.6193390478736083
Fe concentrate,iron ore mine operation and beneficiation,Technosphere (first-tier),market for waste mineral oil,waste mineral oil,,kilogram,RoW,0.0001320856072205574,0.0050427075230213185,2.6193390478736083
Fe concentrate,iron ore mine operation and beneficiation,Technosphere (first-tier),market for spent solvent mixture,spent solvent mixture,,kilogram,RoW,9.219326242500495e-05,0.0035197147349003127,2.6193390478736083
Ni concentrate,"nickel mine operation and benefication to nickel concentrate, 16% Ni",Biosphere (direct),Nickel II,,"('water', 'surface water')",kilogram,,0.8180160705669053,1.1939944493155232,68.51087716830227
Ni concentrate,"nickel mine operation and benefication to nickel concentrate, 16% Ni",Biosphere (direct),Copper ion,,"('water', 'surface water')",kilogram,,0.4472961194225849,0.6528833637960398,68.51087716830227
Ni concentrate,"nickel mine operation and benefication to nickel concentrate, 16% Ni",Biosphere (direct),Cadmium II,,"('water', 'surface water')",kilogram,,0.008816565428482684,0.012868854980245118,68.51087716830227
Ni concentrate,"nickel mine operation and benefication to nickel concentrate, 16% Ni",Biosphere (direct),Manganese II,,"('water', 'surface water')",kilogram,,0.007580136252836503,0.011064135457228655,68.51087716830227
Ni concentrate,"nickel mine operation and benefication to nickel concentrate, 16% Ni",Biosphere (direct),Zinc II,,"('water', 'surface water')",kilogram,,0.005997014504355221,0.008753375744442873,68.51087716830227
Ni concentrate,"nickel mine operation and benefication to nickel concentrate, 16% Ni",Biosphere (direct),Cobalt II,,"('water', 'surface water')",kilogram,,0.002773670583645551,0.004048511270453909,68.51087716830227
Ni concentrate,"nickel mine operation and benefication to nickel concentrate, 16% Ni",Biosphere (direct),Arsenic ion,,"('water', 'surface water')",kilogram,,0.0005055557517722768,0.0007379204188706269,68.51087716830227
Ni concentrate,"nickel mine operation and benefication to nickel concentrate, 16% Ni",Biosphere (direct),Chromium III,,"('water', 'surface water')",kilogram,,0.00022797789184334532,0.0003327616011736355,68.51087716830227
Ni concentrate,"nickel mine operation and benefication to nickel concentrate, 16% Ni",Biosphere (direct),Manganese II,,"('air', 'non-urban air or from high stacks')",kilogram,,0.00017894432796109307,0.0002611911208223221,68.51087716830227
Ni concentrate,"nickel mine operation and benefication to nickel concentrate, 16% Ni",Biosphere (direct),Arsenic ion,,"('air', 'non-urban air or from high stacks')",kilogram,,5.3467956790259585e-05,7.804301886094877e-05,68.51087716830227
Ni concentrate,"nickel mine operation and benefication to nickel concentrate, 16% Ni",Biosphere (direct),Lead II,,"('water', 'surface water')",kilogram,,8.92950626662626e-06,1.3033705939409062e-05,68.51087716830227
Ni concentrate,"nickel mine operation and benefication to nickel concentrate, 16% Ni",Biosphere (direct),Mercury II,,"('water', 'surface water')",kilogram,,7.474275467234599e-06,1.0909618700215241e-05,68.51087716830227
Ni concentrate,"nickel mine operation and benefication to nickel concentrate, 16% Ni",Biosphere (direct),Mercury II,,"('air', 'non-urban air or from high stacks')",kilogram,,1.0252816087021102e-06,1.4965238383730319e-06,68.51087716830227
Ni concentrate,"nickel mine operation and benefication to nickel concentrate, 16% Ni",Biosphere (direct),Lead II,,"('air', 'non-urban air or from high stacks')",kilogram,,8.313421694610198e-07,1.213445519634442e-06,68.51087716830227
Ni concentrate,"nickel mine operation and benefication to nickel concentrate, 16% Ni",Technosphere (first-tier),"market for cement, CEM II/B","cement, CEM II/B",,kilogram,RoW,18.250063799348876,26.638199003811003,68.51087716830227
Ni concentrate,"nickel mine operation and benefication to nickel concentrate, 16% Ni",Technosphere (first-tier),"market for diesel, burned in building machine","diesel, burned in building machine",,megajoule,GLO,14.173187816353737,20.687500149116765,68.51087716830227
Ni concentrate,"nickel mine operation and benefication to nickel concentrate, 16% Ni",Technosphere (first-tier),"market for mine infrastructure, underground, non-ferrous metal","mine infrastructure, underground, non-ferrous metal",,unit,GLO,12.982797824168774,18.94998044219391,68.51087716830227
Ni concentrate,"nickel mine operation and benefication to nickel concentrate, 16% Ni",Technosphere (first-tier),"market for soda ash, dense","soda ash, dense",,kilogram,GLO,8.150178127580457,11.896181255363164,68.51087716830227
Ni concentrate,"nickel mine operation and benefication to nickel concentrate, 16% Ni",Technosphere (first-tier),market for sand,sand,,kilogram,RoW,6.386963057411916,9.322553324958673,68.51087716830227
Ni concentrate,"nickel mine operation and benefication to nickel concentrate, 16% Ni",Technosphere (first-tier),"market for carboxymethyl cellulose, powder","carboxymethyl cellulose, powder",,kilogram,GLO,2.301373453038378,3.359135874709173,68.51087716830227
Ni concentrate,"nickel mine operation and benefication to nickel concentrate, 16% Ni",Technosphere (first-tier),"market for chemical, inorganic","chemical, inorganic",,kilogram,GLO,1.7178883225154151,2.507468001460979,68.51087716830227
Ni concentrate,"nickel mine operation and benefication to nickel concentrate, 16% Ni",Technosphere (first-tier),market for ammonium nitrate,ammonium nitrate,,kilogram,RNA,1.5648830622321404,2.2841381207072917,68.51087716830227
Ni concentrate,"nickel mine operation and benefication to nickel concentrate, 16% Ni",Technosphere (first-tier),"market for diesel, burned in diesel-electric generating set, 10MW","diesel, burned in diesel-electric generating set, 10MW",,megajoule,GLO,0.9298844391712111,1.3572800080881726,68.51087716830227
Ni concentrate,"nickel mine operation and benefication to nickel concentrate, 16% Ni",Technosphere (first-tier),market for polyacrylamide,polyacrylamide,,kilogram,GLO,0.3266904037895572,0.47684457898125715,68.51087716830227
Ni concentrate,"nickel mine operation and benefication to nickel concentrate, 16% Ni",Technosphere (first-tier),market for foaming agent,foaming agent,,kilogram,GLO,0.21648821906632326,0.31599101925742856,68.51087716830227
Ni concentrate,"nickel mine operation and benefication to nickel concentrate, 16% Ni",Technosphere (first-tier),"market for diesel, low-sulfur","diesel, low-sulfur",,kilogram,RoW,0.09342994236732555,0.13637242176568204,68.51087716830227
Ni concentrate,"nickel mine operation and benefication to nickel concentrate, 16% Ni",Technosphere (first-tier),market for lubricating oil,lubricating oil,,kilogram,RoW,0.08043557832491306,0.11740555901410639,68.51087716830227
Ni concentrate,"nickel mine operation and benefication to nickel concentrate, 16% Ni",Technosphere (first-tier),"market for lime, hydrated, packed","lime, hydrated, packed",,kilogram,RoW,0.04458964265746074,0.06508403409858968,68.51087716830227
Ni concentrate,"nickel mine operation and benefication to nickel concentrate, 16% Ni",Technosphere (first-tier),market for ethylene glycol,ethylene glycol,,kilogram,RoW,0.001067762139084195,0.001558529365287726,68.51087716830227
Ni concentrate,"nickel mine operation and benefication to nickel concentrate, 16% Ni",Technosphere (first-tier),"market for sulfidic tailings, from nickel mine operation","sulfidic tailings, from nickel mine operation",,kilogram,CA,-0.0,-0.0,68.51087716830227
Pb concentrate,gold-silver mine operation and beneficiation,Biosphere (direct),Copper ion,,"('water', 'surface water')",kilogram,,2.6676167581627293,1.7800680344853177,149.86038210241972
Pb concentrate,gold-silver mine operation and beneficiation,Biosphere (direct),Nickel II,,"('water', 'surface water')",kilogram,,0.28385346020465574,0.1894119421173373,149.86038210241972
Pb concentrate,gold-silver mine operation and beneficiation,Biosphere (direct),Arsenic ion,,"('water', 'surface water')",kilogram,,0.256052167431987,0.17086047949416822,149.86038210241972
Pb concentrate,gold-silver mine operation and beneficiation,Biosphere (direct),Cadmium II,,"('water', 'surface water')",kilogram,,0.13572186390998997,0.09056553974167302,149.86038210241972
Pb concentrate,gold-silver mine operation and beneficiation,Biosphere (direct),Cobalt II,,"('water', 'surface water')",kilogram,,0.11963913280426125,0.0798337299864188,149.86038210241972
Pb concentrate,gold-silver mine operation and beneficiation,Biosphere (direct),Zinc II,,"('water', 'surface water')",kilogram,,0.021682557085156345,0.0144685051385614,149.86038210241972
Pb concentrate,gold-silver mine operation and beneficiation,Biosphere (direct),Antimony ion,,"('water', 'surface water')",kilogram,,0.001674849360436725,0.0011176064927500822,149.86038210241972
Pb concentrate,gold-silver mine operation and beneficiation,Biosphere (direct),Lead II,,"('air', 'non-urban air or from high stacks')",kilogram,,2.2379156431201533e-05,1.493333736190987e-05,149.86038210241972
Pb concentrate,gold-silver mine operation and beneficiation,Biosphere (direct),Lead II,,"('water', 'surface water')",kilogram,,4.287877623208398e-06,2.8612482919454427e-06,149.86038210241972
Pb concentrate,gold-silver mine operation and beneficiation,Technosphere (first-tier),market for copper sulfate,copper sulfate,,kilogram,GLO,41.72192109406821,27.840527635618876,149.86038210241972
Pb concentrate,gold-silver mine operation and beneficiation,Technosphere (first-tier),"market for hydrogen peroxide, without water, in 50% solution state","hydrogen peroxide, without water, in 50% solution state",,kilogram,RoW,15.966474951414849,10.654233445436441,149.86038210241972
Pb concentrate,gold-silver mine operation and beneficiation,Technosphere (first-tier),market for chromium,chromium,,kilogram,GLO,15.542081092266766,10.371040614086233,149.86038210241972
Pb concentrate,gold-silver mine operation and beneficiation,Technosphere (first-tier),"market for cement, Portland","cement, Portland",,kilogram,CA-QC,11.832533079541971,7.895704597533465,149.86038210241972
Pb concentrate,gold-silver mine operation and beneficiation,Technosphere (first-tier),"market for steel, unalloyed","steel, unalloyed",,kilogram,GLO,11.205148149056136,7.47705830711025,149.86038210241972
Pb concentrate,gold-silver mine operation and beneficiation,Technosphere (first-tier),"market for mine infrastructure, underground, non-ferrous metal","mine infrastructure, underground, non-ferrous metal",,unit,GLO,8.903345084429269,5.941093275969641,149.86038210241972
Pb concentrate,gold-silver mine operation and beneficiation,Technosphere (first-tier),"market for electricity, high voltage","electricity, high voltage",,kilowatt hour,CA-QC,6.284854934602975,4.193806826348333,149.86038210241972
Pb concentrate,gold-silver mine operation and beneficiation,Technosphere (first-tier),market for sodium cyanide,sodium cyanide,,kilogram,RoW,5.0801661473195745,3.3899327334209084,149.86038210241972
Pb concentrate,gold-silver mine operation and beneficiation,Technosphere (first-tier),"market for diesel, burned in building machine","diesel, burned in building machine",,megajoule,GLO,4.905817223989584,3.273591829384754,149.86038210241972
Pb concentrate,gold-silver mine operation and beneficiation,Technosphere (first-tier),"market for heat, district or industrial, natural gas","heat, district or industrial, natural gas",,megajoule,CA-QC,4.826794774159377,3.2208611151548916,149.86038210241972
Pb concentrate,gold-silver mine operation and beneficiation,Technosphere (first-tier),market for zinc,zinc,,kilogram,GLO,2.87466903251552,1.9182314846567472,149.86038210241972
Pb concentrate,gold-silver mine operation and beneficiation,Technosphere (first-tier),"market for sodium silicate, spray powder, 80%","sodium silicate, spray powder, 80%",,kilogram,RoW,2.169709701386009,1.4478207455144183,149.86038210241972
Pb concentrate,gold-silver mine operation and beneficiation,Technosphere (first-tier),"market for carboxymethyl cellulose, powder","carboxymethyl cellulose, powder",,kilogram,GLO,2.0136474026223645,1.343682282383458,149.86038210241972
Pb concentrate,gold-silver mine operation and beneficiation,Technosphere (first-tier),"market for oxygen, liquid","oxygen, liquid",,kilogram,RoW,1.916926958669955,1.2791419131441033,149.86038210241972
Pb concentrate,gold-silver mine operation and beneficiation,Technosphere (first-tier),market for zinc monosulfate,zinc monosulfate,,kilogram,RoW,1.8496981989133483,1.2342809840490072,149.86038210241972
Pb concentrate,gold-silver mine operation and beneficiation,Technosphere (first-tier),market for soap,soap,,kilogram,GLO,1.6943154178388813,1.1305959547606972,149.86038210241972
Pb concentrate,gold-silver mine operation and beneficiation,Technosphere (first-tier),"market for soda ash, dense","soda ash, dense",,kilogram,GLO,1.5296041575164374,1.0206861453689966,149.86038210241972
Pb concentrate,gold-silver mine operation and beneficiation,Technosphere (first-tier),"market for quicklime, milled, loose","quicklime, milled, loose",,kilogram,RoW,1.2554218026004524,0.8377276135212669,149.86038210241972
Pb concentrate,gold-silver mine operation and beneficiation,Technosphere (first-tier),market for ammonium nitrate,ammonium nitrate,,kilogram,RNA,1.0036071354206173,0.6696947661155153,149.86038210241972
Pb concentrate,gold-silver mine operation and beneficiation,Technosphere (first-tier),"treatment of municipal solid waste, sanitary landfill",municipal solid waste,,kilogram,RoW,0.7737304452076654,0.5163008624113019,149.86038210241972
Pb concentrate,gold-silver mine operation and beneficiation,Technosphere (first-tier),"market for sulfur dioxide, liquid","sulfur dioxide, liquid",,kilogram,RoW,0.49749389060333354,0.33197158823692924,149.86038210241972
Pb concentrate,gold-silver mine operation and beneficiation,Technosphere (first-tier),"market for lime, hydrated, loose weight","lime, hydrated, loose weight",,kilogram,RoW,0.3978667716972584,0.2654916303532061,149.86038210241972
Pb concentrate,gold-silver mine operation and beneficiation,Technosphere (first-tier),"market for chemical, inorganic","chemical, inorganic",,kilogram,GLO,0.3458353618573563,0.23077170697523014,149.86038210241972
Pb concentrate,gold-silver mine operation and beneficiation,Technosphere (first-tier),"market for borax, anhydrous, powder","borax, anhydrous, powder",,kilogram,GLO,0.2794656866907422,0.186484034519374,149.86038210241972
Pb concentrate,gold-silver mine operation and beneficiation,Technosphere (first-tier),"market for aluminium sulfate, powder","aluminium sulfate, powder",,kilogram,RoW,0.2505692375251686,0.1672017874303303,149.86038210241972
Pb concentrate,gold-silver mine operation and beneficiation,Technosphere (first-tier),"market for transport, passenger car, large size, petrol, EURO 3","transport, passenger car, large size, petrol, EURO 3",,kilometer,GLO,0.22856067811606123,0.1525157449284061,149.86038210241972
Pb concentrate,gold-silver mine operation and beneficiation,Technosphere (first-tier),market for manganese dioxide,manganese dioxide,,kilogram,GLO,0.21262871648540016,0.14188454179976825,149.86038210241972
Pb concentrate,gold-silver mine operation and beneficiation,Technosphere (first-tier),market for iron sulfate,iron sulfate,,kilogram,RoW,0.1562740845628116,0.10427978520434343,149.86038210241972
Pb concentrate,gold-silver mine operation and beneficiation,Technosphere (first-tier),market for sodium nitrate,sodium nitrate,,kilogram,GLO,0.1392435809245872,0.09291553843057958,149.86038210241972
Pb concentrate,gold-silver mine operation and beneficiation,Technosphere (first-tier),"market for carbon dioxide, liquid","carbon dioxide, liquid",,kilogram,RoW,0.12666012106820573,0.08451874957961997,149.86038210241972
Pb concentrate,gold-silver mine operation and beneficiation,Technosphere (first-tier),market for fatty alcohol,fatty alcohol,,kilogram,GLO,0.08620110753072198,0.05752094470959589,149.86038210241972
Pb concentrate,gold-silver mine operation and beneficiation,Technosphere (first-tier),"market for phosphoric acid, industrial grade, without water, in 85% solution state","phosphoric acid, industrial grade, without water, in 85% solution state",,kilogram,GLO,0.06518731320107794,0.043498696777996136,149.86038210241972
Pb concentrate,gold-silver mine operation and beneficiation,Technosphere (first-tier),"market for diesel, low-sulfur","diesel, low-sulfur",,kilogram,RoW,0.05993156192888811,0.03999159823837151,149.86038210241972
Pb concentrate,gold-silver mine operation and beneficiation,Technosphere (first-tier),"market for polycarboxylates, 40% active substance","polycarboxylates, 40% active substance",,kilogram,RoW,0.05802916592539754,0.03872215265388715,149.86038210241972
Pb concentrate,gold-silver mine operation and beneficiation,Technosphere (first-tier),market for polyacrylamide,polyacrylamide,,kilogram,GLO,0.05737884634972972,0.03828820235525294,149.86038210241972
Pb concentrate,gold-silver mine operation and beneficiation,Technosphere (first-tier),market for waste mineral oil,waste mineral oil,,kilogram,RoW,0.027280195402376018,0.018203740721635022,149.86038210241972
Pb concentrate,gold-silver mine operation and beneficiation,Technosphere (first-tier),"market for waste wood, untreated","waste wood, untreated",,kilogram,RoW,0.012921591324959432,0.008622419844177612,149.86038210241972
Pb concentrate,gold-silver mine operation and beneficiation,Technosphere (first-tier),"market for waste plastic, mixture","waste plastic, mixture",,kilogram,RoW,0.009092679027424364,0.0060674335003430835,149.86038210241972
Pb concentrate,gold-silver mine operation and beneficiation,Technosphere (first-tier),market for lubricating oil,lubricating oil,,kilogram,RoW,0.003871705210839918,0.002583541531472849,149.86038210241972
Pb concentrate,gold-silver mine operation and beneficiation,Technosphere (first-tier),market for scrap aluminium,scrap aluminium,,kilogram,RoW,0.0036020632905255307,0.0024036127760996614,149.86038210241972
Pb concentrate,gold-silver mine operation and beneficiation,Technosphere (first-tier),market for synthetic rubber,synthetic rubber,,kilogram,GLO,0.0031986980826684166,0.002134452106549626,149.86038210241972
Pb concentrate,gold-silver mine operation and beneficiation,Technosphere (first-tier),market for silica sand,silica sand,,kilogram,GLO,0.002359578927239505,0.0015745181575921032,149.86038210241972
Pb concentrate,gold-silver mine operation and beneficiation,Technosphere (first-tier),"electronics scrap, Recycled Content cut-off",electronics scrap,,kilogram,GLO,-0.0,-0.0,149.86038210241972
Pb concentrate,gold-silver mine operation and beneficiation,Technosphere (first-tier),"iron scrap, sorted, pressed, Recycled Content cut-off","iron scrap, sorted, pressed",,kilogram,GLO,-0.0,-0.0,149.86038210241972
U yellowcake,"uranium production, in yellowcake",Biosphere (direct),Aluminium III,,"('water', 'surface water')",kilogram,,1431531.318281868,40.74126476495656,3513713.4954955895
U yellowcake,"uranium production, in yellowcake",Biosphere (direct),Iron ion,,"('water', 'surface water')",kilogram,,34500.754789189275,0.9818886722954951,3513713.4954955895
U yellowcake,"uranium production, in yellowcake",Biosphere (direct),Copper ion,,"('water', 'surface water')",kilogram,,1984.0434058478702,0.05646571379229746,3513713.4954955895
U yellowcake,"uranium production, in yellowcake",Biosphere (direct),Manganese II,,"('water', 'surface water')",kilogram,,246.00538197508874,0.00700129314158527,3513713.4954955895
U yellowcake,"uranium production, in yellowcake",Biosphere (direct),Zinc II,,"('water', 'surface water')",kilogram,,69.16151307885013,0.001968331031187143,3513713.4954955895
U yellowcake,"uranium production, in yellowcake",Biosphere (direct),Nickel II,,"('water', 'surface water')",kilogram,,29.800651962835953,0.0008481241285335002,3513713.4954955895
U yellowcake,"uranium production, in yellowcake",Biosphere (direct),Selenium IV,,"('water', 'surface water')",kilogram,,11.712256234521298,0.0003333298588384011,3513713.4954955895
U yellowcake,"uranium production, in yellowcake",Biosphere (direct),Chromium III,,"('water', 'surface water')",kilogram,,7.766569912891582,0.00022103594737726766,3513713.4954955895
U yellowcake,"uranium production, in yellowcake",Biosphere (direct),Barium II,,"('water', 'surface water')",kilogram,,3.4540755664307174,9.830270939445333e-05,3513713.4954955895
U yellowcake,"uranium production, in yellowcake",Biosphere (direct),Vanadium V,,"('water', 'surface water')",kilogram,,2.034044499745246,5.7888740853595274e-05,3513713.4954955895
U yellowcake,"uranium production, in yellowcake",Biosphere (direct),Arsenic ion,,"('water', 'surface water')",kilogram,,1.2312269361289807,3.5040618357397496e-05,3513713.4954955895
U yellowcake,"uranium production, in yellowcake",Biosphere (direct),Lead II,,"('water', 'surface water')",kilogram,,1.033522610858757,2.9413969357025917e-05,3513713.4954955895
U yellowcake,"uranium production, in yellowcake",Biosphere (direct),Molybdenum VI,,"('water', 'surface water')",kilogram,,0.5605122625895823,1.595213335714855e-05,3513713.4954955895
U yellowcake,"uranium production, in yellowcake",Biosphere (direct),Beryllium II,,"('water', 'surface water')",kilogram,,0.19320422681945992,5.4985765648547726e-06,3513713.4954955895
U yellowcake,"uranium production, in yellowcake",Biosphere (direct),Silver I,,"('water', 'surface water')",kilogram,,0.1707237350031998,4.8587835980952725e-06,3513713.4954955895
U yellowcake,"uranium production, in yellowcake",Technosphere (first-tier),"market for tailing, from uranium milling","tailing, from uranium milling",,cubic meter,GLO,1889594.2867217883,53.777699551888816,3513713.4954955895
U yellowcake,"uranium production, in yellowcake",Technosphere (first-tier),"market for uranium ore, as U","uranium ore, as U",,kilogram,GLO,125010.18052491773,3.5577795595791954,3513713.4954955895
U yellowcake,"uranium production, in yellowcake",Technosphere (first-tier),"market for heat, district or industrial, other than natural gas","heat, district or industrial, other than natural gas",,megajoule,RoW,9962.715990907436,0.28353808595035296,3513713.4954955895
U yellowcake,"uranium production, in yellowcake",Technosphere (first-tier),market for sulfuric acid,sulfuric acid,,kilogram,RoW,8629.603663107455,0.24559781764136973,3513713.4954955895
U yellowcake,"uranium production, in yellowcake",Technosphere (first-tier),market for uranium mill,uranium mill,,unit,GLO,7340.478529728769,0.2089094213042386,3513713.4954955895
U yellowcake,"uranium production, in yellowcake",Technosphere (first-tier),"market for sodium chlorate, powder","sodium chlorate, powder",,kilogram,RoW,1719.3714117153888,0.04893317038852313,3513713.4954955895
U yellowcake,"uranium production, in yellowcake",Technosphere (first-tier),"market for diesel, burned in diesel-electric generating set, 10MW","diesel, burned in diesel-electric generating set, 10MW",,megajoule,GLO,987.5101203917253,0.02810445762460899,3513713.4954955895
U yellowcake,"uranium production, in yellowcake",Technosphere (first-tier),"market for soda ash, light","soda ash, light",,kilogram,RoW,416.21093760533256,0.011845329396915679,3513713.4954955895
U yellowcake,"uranium production, in yellowcake",Technosphere (first-tier),"market for ammonia, anhydrous, liquid","ammonia, anhydrous, liquid",,kilogram,CN,339.43333927859914,0.009660245199665147,3513713.4954955895
U yellowcake,"uranium production, in yellowcake",Technosphere (first-tier),"market for chemical, organic","chemical, organic",,kilogram,GLO,246.60255291251696,0.007018288577843626,3513713.4954955895
U yellowcake,"uranium production, in yellowcake",Technosphere (first-tier),"market for ammonia, anhydrous, liquid","ammonia, anhydrous, liquid",,kilogram,RoW,246.3571963578105,0.007011305750273278,3513713.4954955895
U yellowcake,"uranium production, in yellowcake",Technosphere (first-tier),"market for chemical, inorganic","chemical, inorganic",,kilogram,GLO,211.68598149431512,0.006024565798141661,3513713.4954955895
U yellowcake,"uranium production, in yellowcake",Technosphere (first-tier),market for sulfuric acid,sulfuric acid,,kilogram,RER,173.21847686631614,0.004929783748401053,3513713.4954955895
U yellowcake,"uranium production, in yellowcake",Technosphere (first-tier),"market for sodium chloride, brine solution","sodium chloride, brine solution",,kilogram,GLO,152.39247879611432,0.004337077538947729,3513713.4954955895
U yellowcake,"uranium production, in yellowcake",Technosphere (first-tier),"market group for heat, district or industrial, other than natural gas","heat, district or industrial, other than natural gas",,megajoule,RER,115.63815234826033,0.003291052400729395,3513713.4954955895
U yellowcake,"uranium production, in yellowcake",Technosphere (first-tier),"market for soda ash, light","soda ash, light",,kilogram,RER,69.4006969660731,0.0019751381851434795,3513713.4954955895
U yellowcake,"uranium production, in yellowcake",Technosphere (first-tier),market for ammonium sulfate,ammonium sulfate,,kilogram,RoW,63.56938700073705,0.0018091795783073928,3513713.4954955895
U yellowcake,"uranium production, in yellowcake",Technosphere (first-tier),"market for sodium chlorate, powder","sodium chlorate, powder",,kilogram,RER,40.70190566539999,0.0011583729213431278,3513713.4954955895
U yellowcake,"uranium production, in yellowcake",Technosphere (first-tier),"market for ammonia, anhydrous, liquid","ammonia, anhydrous, liquid",,kilogram,RER,22.29108622133379,0.000634402498949043,3513713.4954955895
U yellowcake,"uranium production, in yellowcake",Technosphere (first-tier),market for ethylene diamine,ethylene diamine,,kilogram,RoW,15.956076540457088,0.0004541086392192194,3513713.4954955895
U yellowcake,"uranium production, in yellowcake",Technosphere (first-tier),"market for ammonia, anhydrous, liquid","ammonia, anhydrous, liquid",,kilogram,SAS,10.783237587624985,0.0003068900637871748,3513713.4954955895
U yellowcake,"uranium production, in yellowcake",Technosphere (first-tier),"market for sodium hydroxide, without water, in 50% solution state","sodium hydroxide, without water, in 50% solution state",,kilogram,RoW,9.088790267183683,0.0002586662310070264,3513713.4954955895
U yellowcake,"uranium production, in yellowcake",Technosphere (first-tier),"market for ammonia, anhydrous, liquid","ammonia, anhydrous, liquid",,kilogram,RLA,6.716427100567086,0.0001911489684397211,3513713.4954955895
U yellowcake,"uranium production, in yellowcake",Technosphere (first-tier),"market for ammonia, anhydrous, liquid","ammonia, anhydrous, liquid",,kilogram,RAF,4.850174038291659,0.00013803555823516477,3513713.4954955895
U yellowcake,"uranium production, in yellowcake",Technosphere (first-tier),"market for ammonia, anhydrous, liquid","ammonia, anhydrous, liquid",,kilogram,UN-SEASIA,4.544728531379031,0.0001293426039773918,3513713.4954955895
U yellowcake,"uranium production, in yellowcake",Technosphere (first-tier),market for ammonium sulfate,ammonium sulfate,,kilogram,RER,3.8170728737305706,0.00010863358320545692,3513713.4954955895
U yellowcake,"uranium production, in yellowcake",Technosphere (first-tier),market for ethylene diamine,ethylene diamine,,kilogram,RER,2.5766606987544036,7.333155369831825e-05,3513713.4954955895
U yellowcake,"uranium production, in yellowcake",Technosphere (first-tier),"market for ammonia, anhydrous, liquid","ammonia, anhydrous, liquid",,kilogram,UN-OCEANIA,0.6808642121073358,1.9377340041530728e-05,3513713.4954955895
U yellowcake,"uranium production, in yellowcake",Technosphere (first-tier),"market for sodium hydroxide, without water, in 50% solution state","sodium hydroxide, without water, in 50% solution state",,kilogram,RER,0.4949616788364675,1.4086569080574851e-05,3513713.4954955895
Zn concentrate,gold-silver mine operation and beneficiation,Biosphere (direct),Copper ion,,"('water', 'surface water')",kilogram,,2.696020226988985,1.7800842021147536,151.45464600978383
Zn concentrate,gold-silver mine operation and beneficiation,Biosphere (direct),Nickel II,,"('water', 'surface water')",kilogram,,0.28687579198581475,0.18941366246848765,151.45464600978383
Zn concentrate,gold-silver mine operation and beneficiation,Biosphere (direct),Arsenic ion,,"('water', 'surface water')",kilogram,,0.25877848474623205,0.17086203134997602,151.45464600978383
Zn concentrate,gold-silver mine operation and beneficiation,Biosphere (direct),Cadmium II,,"('water', 'surface water')",kilogram,,0.13716696344267681,0.09056636231140507,151.45464600978383
Zn concentrate,gold-silver mine operation and beneficiation,Biosphere (direct),Cobalt II,,"('water', 'surface water')",kilogram,,0.12091299134057752,0.079834455083515,151.45464600978383
Zn concentrate,gold-silver mine operation and beneficiation,Biosphere (direct),Zinc II,,"('water', 'surface water')",kilogram,,0.0219134222693539,0.0144686365500721,151.45464600978383
Zn concentrate,gold-silver mine operation and beneficiation,Biosphere (direct),Antimony ion,,"('water', 'surface water')",kilogram,,0.0016926823311782194,0.0011176166435124572,151.45464600978383
Zn concentrate,gold-silver mine operation and beneficiation,Biosphere (direct),Lead II,,"('air', 'non-urban air or from high stacks')",kilogram,,2.2617438662000415e-05,1.4933472995301411e-05,151.45464600978383
Zn concentrate,gold-silver mine operation and beneficiation,Biosphere (direct),Lead II,,"('water', 'surface water')",kilogram,,4.333532831374611e-06,2.861274279492666e-06,151.45464600978383
Zn concentrate,gold-silver mine operation and beneficiation,Technosphere (first-tier),market for copper sulfate,copper sulfate,,kilogram,GLO,42.16615555223792,27.84078049973721,151.45464600978383
Zn concentrate,gold-silver mine operation and beneficiation,Technosphere (first-tier),"market for hydrogen peroxide, without water, in 50% solution state","hydrogen peroxide, without water, in 50% solution state",,kilogram,RoW,16.136478109537165,10.654330213478406,151.45464600978383
Zn concentrate,gold-silver mine operation and beneficiation,Technosphere (first-tier),market for chromium,chromium,,kilogram,GLO,15.707565513688442,10.371134810003616,151.45464600978383
Zn concentrate,gold-silver mine operation and beneficiation,Technosphere (first-tier),"market for cement, Portland","cement, Portland",,kilogram,CA-QC,11.958520061529546,7.8957763109868795,151.45464600978383
Zn concentrate,gold-silver mine operation and beneficiation,Technosphere (first-tier),"market for steel, unalloyed","steel, unalloyed",,kilogram,GLO,11.32445504543524,7.477126218170746,151.45464600978383
Zn concentrate,gold-silver mine operation and beneficiation,Technosphere (first-tier),"market for mine infrastructure, underground, non-ferrous metal","mine infrastructure, underground, non-ferrous metal",,unit,GLO,8.998143515943525,5.941147236488376,151.45464600978383
Zn concentrate,gold-silver mine operation and beneficiation,Technosphere (first-tier),"market for electricity, high voltage","electricity, high voltage",,kilowatt hour,CA-QC,6.351772973210393,4.193844916979353,151.45464600978383
Zn concentrate,gold-silver mine operation and beneficiation,Technosphere (first-tier),market for sodium cyanide,sodium cyanide,,kilogram,RoW,5.13425725330624,3.3899635227925407,151.45464600978383
Zn concentrate,gold-silver mine operation and beneficiation,Technosphere (first-tier),"market for diesel, burned in building machine","diesel, burned in building machine",,megajoule,GLO,4.958051948547566,3.2736215620795686,151.45464600978383
Zn concentrate,gold-silver mine operation and beneficiation,Technosphere (first-tier),"market for heat, district or industrial, natural gas","heat, district or industrial, natural gas",,megajoule,CA-QC,4.878188106608295,3.2208903689182096,151.45464600978383
Zn concentrate,gold-silver mine operation and beneficiation,Technosphere (first-tier),market for zinc,zinc,,kilogram,GLO,2.9052770919382267,1.9182489071682545,151.45464600978383
Zn concentrate,gold-silver mine operation and beneficiation,Technosphere (first-tier),"market for sodium silicate, spray powder, 80%","sodium silicate, spray powder, 80%",,kilogram,RoW,2.192811701205422,1.447833895477705,151.45464600978383
Zn concentrate,gold-silver mine operation and beneficiation,Technosphere (first-tier),"market for carboxymethyl cellulose, powder","carboxymethyl cellulose, powder",,kilogram,GLO,2.0350877279811104,1.3436944864997047,151.45464600978383
Zn concentrate,gold-silver mine operation and beneficiation,Technosphere (first-tier),"market for oxygen, liquid","oxygen, liquid",,kilogram,RoW,1.9373374523985556,1.279153531066591,151.45464600978383
Zn concentrate,gold-silver mine operation and beneficiation,Technosphere (first-tier),market for zinc monosulfate,zinc monosulfate,,kilogram,RoW,1.869392873933683,1.2342921945180354,151.45464600978383
Zn concentrate,gold-silver mine operation and beneficiation,Technosphere (first-tier),market for soap,soap,,kilogram,GLO,1.7123556535680842,1.1306062235010392,151.45464600978383
Zn concentrate,gold-silver mine operation and beneficiation,Technosphere (first-tier),"market for soda ash, dense","soda ash, dense",,kilogram,GLO,1.5458906289038978,1.0206954158435224,151.45464600978383
Zn concentrate,gold-silver mine operation and beneficiation,Technosphere (first-tier),"market for quicklime, milled, loose","quicklime, milled, loose",,kilogram,RoW,1.2687889153706247,0.8377352222583269,151.45464600978383
Zn concentrate,gold-silver mine operation and beneficiation,Technosphere (first-tier),market for ammonium nitrate,ammonium nitrate,,kilogram,RNA,1.014293049691286,0.6697008486789924,151.45464600978383
Zn concentrate,gold-silver mine operation and beneficiation,Technosphere (first-tier),"treatment of municipal solid waste, sanitary landfill",municipal solid waste,,kilogram,RoW,0.781968745748076,0.5163055517607308,151.45464600978383
Zn concentrate,gold-silver mine operation and beneficiation,Technosphere (first-tier),"market for sulfur dioxide, liquid","sulfur dioxide, liquid",,kilogram,RoW,0.5027909604203399,0.3319746033990004,151.45464600978383
Zn concentrate,gold-silver mine operation and beneficiation,Technosphere (first-tier),"market for lime, hydrated, loose weight","lime, hydrated, loose weight",,kilogram,RoW,0.4021030610414177,0.2654940417050278,151.45464600978383
Zn concentrate,gold-silver mine operation and beneficiation,Technosphere (first-tier),"market for chemical, inorganic","chemical, inorganic",,kilogram,GLO,0.34951764638697413,0.23077380298019753,151.45464600978383
Zn concentrate,gold-silver mine operation and beneficiation,Technosphere (first-tier),"market for borax, anhydrous, powder","borax, anhydrous, powder",,kilogram,GLO,0.2824412996215123,0.18648572827753787,151.45464600978383
Zn concentrate,gold-silver mine operation and beneficiation,Technosphere (first-tier),"market for aluminium sulfate, powder","aluminium sulfate, powder",,kilogram,RoW,0.2532371753033696,0.16720330605573547,151.45464600978383
Zn concentrate,gold-silver mine operation and beneficiation,Technosphere (first-tier),"market for transport, passenger car, large size, petrol, EURO 3","transport, passenger car, large size, petrol, EURO 3",,kilometer,GLO,0.23099427959795038,0.15251713016649773,151.45464600978383
Zn concentrate,gold-silver mine operation and beneficiation,Technosphere (first-tier),market for manganese dioxide,manganese dioxide,,kilogram,GLO,0.2148926822900006,0.14188583047899286,151.45464600978383
Zn concentrate,gold-silver mine operation and beneficiation,Technosphere (first-tier),market for iron sulfate,iron sulfate,,kilogram,RoW,0.1579380140143151,0.10428073233495422,151.45464600978383
Zn concentrate,gold-silver mine operation and beneficiation,Technosphere (first-tier),market for sodium nitrate,sodium nitrate,,kilogram,GLO,0.14072617796479,0.09291638234438791,151.45464600978383
Zn concentrate,gold-silver mine operation and beneficiation,Technosphere (first-tier),"market for carbon dioxide, liquid","carbon dioxide, liquid",,kilogram,RoW,0.12800873562810533,0.08451951722883172,151.45464600978383
Zn concentrate,gold-silver mine operation and beneficiation,Technosphere (first-tier),market for fatty alcohol,fatty alcohol,,kilogram,GLO,0.08711893444984202,0.0575214671487953,151.45464600978383
Zn concentrate,gold-silver mine operation and beneficiation,Technosphere (first-tier),"market for phosphoric acid, industrial grade, without water, in 85% solution state","phosphoric acid, industrial grade, without water, in 85% solution state",,kilogram,GLO,0.06588139559230169,0.04349909185885642,151.45464600978383
Zn concentrate,gold-silver mine operation and beneficiation,Technosphere (first-tier),"market for diesel, low-sulfur","diesel, low-sulfur",,kilogram,RoW,0.060569683670231605,0.039991961465691096,151.45464600978383
Zn concentrate,gold-silver mine operation and beneficiation,Technosphere (first-tier),"market for polycarboxylates, 40% active substance","polycarboxylates, 40% active substance",,kilogram,RoW,0.05864703189146336,0.03872250435135203,151.45464600978383
Zn concentrate,gold-silver mine operation and beneficiation,Technosphere (first-tier),market for polyacrylamide,polyacrylamide,,kilogram,GLO,0.05798978803338575,0.03828855011132486,151.45464600978383
Zn concentrate,gold-silver mine operation and beneficiation,Technosphere (first-tier),market for waste mineral oil,waste mineral oil,,kilogram,RoW,0.02757066148125131,0.018203906058761824,151.45464600978383
Zn concentrate,gold-silver mine operation and beneficiation,Technosphere (first-tier),"market for waste wood, untreated","waste wood, untreated",,kilogram,RoW,0.013059174062532599,0.008622498158088191,151.45464600978383
Zn concentrate,gold-silver mine operation and beneficiation,Technosphere (first-tier),"market for waste plastic, mixture","waste plastic, mixture",,kilogram,RoW,0.009189493393473129,0.006067488608358371,151.45464600978383
Zn concentrate,gold-silver mine operation and beneficiation,Technosphere (first-tier),market for lubricating oil,lubricating oil,,kilogram,RoW,0.003912929220219842,0.002583564996723224,151.45464600978383
Zn concentrate,gold-silver mine operation and beneficiation,Technosphere (first-tier),market for scrap aluminium,scrap aluminium,,kilogram,RoW,0.0036404162855985943,0.0024036346071307888,151.45464600978383
Zn concentrate,gold-silver mine operation and beneficiation,Technosphere (first-tier),market for synthetic rubber,synthetic rubber,,kilogram,GLO,0.0032327562437583354,0.0021344714929045507,151.45464600978383
Zn concentrate,gold-silver mine operation and beneficiation,Technosphere (first-tier),market for silica sand,silica sand,,kilogram,GLO,0.0023847025610215524,0.001574532458296131,151.45464600978383
Zn concentrate,gold-silver mine operation and beneficiation,Technosphere (first-tier),"electronics scrap, Recycled Content cut-off",electronics scrap,,kilogram,GLO,-0.0,-0.0,151.45464600978383
Zn concentrate,gold-silver mine operation and beneficiation,Technosphere (first-tier),"iron scrap, sorted, pressed, Recycled Content cut-off","iron scrap, sorted, pressed",,kilogram,GLO,-0.0,-0.0,151.45464600978383
