Climate change,Commodity,Freshwater acidification,Freshwater ecotoxicity,Land occupation,Land transformation,Marine acidification,Other,Terrestrial acidification,Terrestrial ecotoxicity,Thermally polluted water,Water availability freshwater,Water availability terrestrial,Source,Reference product
0.5365942495748843,Cu concentrate from Au mine,0.01304304429723744,0.18625397192500395,0.1457633894612145,0.43790294285602793,0.16396618304602553,0.0599834235333843,0.08906378704183049,0.02172558151963106,0.0012256961984501743,2.1093337073410656e-05,3.8015765302115457e-05,Ecoinvent,Cu concentrate
0.615876069007985,Cu concentrate from Cu mine,0.030580511304932348,8.26199148317159,0.5310157186493746,1.0598634120568975,0.1836937093385077,0.18850115438778456,0.2572813919519928,0.2853464674320401,0.0006733846996375914,3.819405164215677e-05,7.486520938339559e-05,Ecoinvent,Cu concentrate
1493.0410351606233,Au-Ag ingot,36.29148169752274,518.2404083535404,405.57782459773836,1218.438495660606,456.22598409616415,166.90024754440515,247.81459943949866,60.450114649904044,3.410425655098075,0.05869093778523293,0.10577656809835428,Ecoinvent,Doré
0.24013253537503987,Pb concentrate,0.005836922895148919,0.08335094606443846,0.06523091227923565,0.1959669562857384,0.07337688631091593,0.02684332026525645,0.03985714110966605,0.009722464900034639,0.000548514134949255,9.439528106985201e-06,1.70125232306603e-05,Ecoinvent,Pb concentrate
0.24268713954233506,Zn concentrate,0.005899017941386446,0.08423766076925605,0.06592485827702114,0.1980517224970097,0.07415749231670968,0.027128887937617994,0.04028115408134378,0.009825895861815832,0.0005543493957082258,9.539948645958043e-06,1.7193507740167777e-05,Ecoinvent,Zn concentrate
0.010345035992259024,Fe concentrate,0.00019741506795205158,0.0014522517156531555,0.0032151384475582875,0.010407806172627314,0.002949120925093961,0.0015310411327976745,0.0015051821339290706,7.913234518034615e-05,1.2182559173244879e-05,2.813114479037417e-07,2.0652570095976012e-07,Ecoinvent,Fe concentrate
0.2534112735666008,Ni concentrate,0.004102390266250737,0.038015815523276326,0.029213925509208698,0.14115247955603757,0.07644768896855045,0.030467178588035798,0.030425389808399685,0.0015910694071226928,2.323227317577842e-05,1.383124251740363e-06,0.00030718601438047493,Ecoinvent,Ni concentrate
53.93245005331186,U yellowcake,3.62035054822438,1988.8578102748927,3.7190760913459493,6.040875450910173,16.619941750677906,10.28715052497895,23.60448616987275,270.919085605021,0.008011311656215,0.0004197398876793837,0.004266999678917832,Ecoinvent,U concentrate
0.7605926975075193,Cu concentrate from Au mine,0.06370856423972122,0.23294290815245972,0.0948167807283942,0.32680787457872434,0.23439667530315905,0.06320354639892406,0.13090842946140618,0.025921062596198093,0.0009195133450438376,2.1674412309288453e-05,9.996263484787959e-05,Regioinvent,Cu concentrate
0.6264428760648083,Cu concentrate from Cu mine,0.19623578255126875,8.245017282667224,0.5367963345299617,1.0646857623547694,0.19039484958327318,0.18902903857904022,0.3905572468471841,0.288092574261586,0.0006568857029663945,3.841304155127432e-05,0.0001450019247156312,Regioinvent,Cu concentrate
2116.3032106995397,Au-Ag ingot,177.26522971784783,648.149554689887,263.8219589760503,909.3231755838428,652.1945821258834,175.86004582527957,364.244791983298,72.12378735474586,2.558490336265774,0.06030774460509272,0.27813999377831045,Regioinvent,Doré
0.34037459832190636,Pb concentrate,0.028510366729475003,0.1042448198042463,0.04243167766533698,0.14625054606922805,0.10489539862866487,0.02828436487231798,0.05858313372036937,0.011599994345283596,0.00041149353810720536,9.699566429606808e-06,4.4734510069582494e-05,Regioinvent,Pb concentrate
0.3439956058940642,Zn concentrate,0.028813668948986366,0.10535380952006371,0.04288307875009593,0.14780641114724688,0.1060113074895108,0.028585262772464228,0.05920635958444984,0.011723398996885043,0.0004158711339707299,9.802753334569097e-06,4.5210409290128444e-05,Regioinvent,Zn concentrate
0.012302348360519213,Fe concentrate,0.001153708265801444,0.001986445477293488,0.0027865432825084956,0.00761374440353389,0.0036272615749556453,0.0015771162399434123,0.0020039778227805495,0.0001478376983479122,8.378054311232476e-06,2.8951362505046577e-07,9.44792999421694e-07,Regioinvent,Fe concentrate
0.23384368333791627,Ni concentrate,0.016032182120468516,0.03516544504355065,0.035624542238918554,0.16735244168901234,0.07079940853042185,0.02906086236511968,0.03181613109877342,0.0023959424068579725,2.071117802399912e-05,1.1291341754938688e-06,0.0008171754989469936,Regioinvent,Ni concentrate
41.79996169614313,U yellowcake,9.632884718066748,1982.7872308048397,5.3218739393044086,6.103890640075211,12.926293677042578,9.678373557053224,28.329133319994014,270.8074213270337,0.007281631224291345,0.000472958067065722,0.0030123421432126586,Regioinvent,U concentrate
1.6035943407862603,Copper Mountain,0.0202177635577568,0.23485021893685873,0.15888796916690398,1.8744076049736724,0.4555417780375862,0.10317576109971441,0.15163115816109196,0.02372422387045156,0.00018134374649205406,3.62620515897171e-05,0.0001343121023599736,MetalliCan,Cu concentrate
2.031736731060916,Gibraltar (Cu),0.04042003995628626,0.7650872894196871,0.17215787355956952,1.1964257151303392,0.5589279112730942,0.13389125031701285,0.28318357941628536,0.04978826982102854,0.0006994927402109605,4.812590588942553e-05,0.00022264945098520827,MetalliCan,Cu concentrate
0.8722213137454952,Highland Valley (Cu),0.013256426347962542,0.24610088390675286,0.11221893216477119,1.6114529369829316,0.2509568236937472,0.055135800934277904,0.09389559238954415,0.015225069113441849,0.00010812859295441984,2.659626733415507e-05,6.889041362354339e-05,MetalliCan,Cu concentrate
0.697382203790473,Mount Milligan,0.0071731261409445895,0.07655794380088957,0.15767104184700068,1.3448567791601063,0.21794290930522994,0.04654541175735152,0.05173228371729627,0.0026414326241146393,0.00019830257004028353,0.0001041771129944788,1.944974884024424e-05,MetalliCan,Cu concentrate
1.8505324399359002,Mount Polley,0.15036975897255572,0.3288521957095978,0.16180139597903584,1.6318865176578354,0.5218604502539655,1.360888879327786,1.1716530913833907,0.02894027242010907,0.00022770554985601687,4.394029028597594e-05,0.00016597701119791373,MetalliCan,Cu concentrate
18.661962831565624,Red Chris,0.10998896116814402,0.9349983154498995,0.487788300906034,6.946937278361509,5.781011569929363,0.938681244614639,0.844440353478413,0.04523661833525583,0.003832151828422014,0.00020146787358136728,0.00021742533975941276,MetalliCan,Cu concentrate
1.8612879920155678,Goldex (Cu),0.03657514907627198,0.46811495369439077,0.2184606232499046,0.46432431431692484,0.5565483088596022,0.07947668386133659,0.23848745028229074,0.020378648121457645,0.0018171771658018392,5.723990415419308e-05,0.00012821557242021777,MetalliCan,Cu concentrate
0.19623900584216025,Kidd Creek,0.007834749539747452,0.03377696861251449,0.02234589087960186,0.3511858084023433,0.061708148725506846,0.07695972120434283,0.062231581792842515,0.0013894414514832017,8.694976969934614e-06,9.831137124401672e-07,3.3559637897360627e-06,MetalliCan,Cu concentrate
0.7211686119475885,LaRonde (Cu),0.013665127070839582,0.13256002425624283,0.1764262228187035,0.580676364117132,0.21608039524979286,0.048858732005814316,0.10532589372892505,0.006253755165039302,0.0016366654060813817,3.944359935727747e-05,3.2481980502401686e-05,MetalliCan,Cu concentrate
0.26794214813115536,New Afton,0.0016090227653117893,0.04496549502575597,0.05034249832833657,0.6247345948773642,0.08066806099124538,0.006075724888779986,0.010993717698085652,0.0025880260977092333,0.00012311675688566533,1.8757815934701202e-05,1.1803968287165902e-05,MetalliCan,Cu concentrate
0.10262705693001191,Snow Lake (Cu),0.004976245577203645,0.027792477297476692,0.011948057146725822,0.09190632443715128,0.03058055534427009,0.003926734724752681,0.05727957298020882,0.0011643831402904769,0.0002175152108744998,6.631128547282842e-06,5.945181666014732e-06,MetalliCan,Cu concentrate
13785.459363589054,Casa Berardi,140.1540219541072,1001.858980817924,1961.786640146799,15532.24629265593,4192.783727308854,198.79193888401727,1510.0027648496405,69.12695853496555,12.049611388944383,0.24819197155672157,0.33332319764032126,MetalliCan,Doré
5243.9559426992955,Fox Complex,125.13142178944756,1027.197747256807,2341.5072423315887,43360.64844961543,1487.5487981599126,972.167816222862,971.282714017286,92.1354261041281,0.8941753204878737,0.08132515315160926,0.4751330887561136,MetalliCan,Doré
8798.257040615175,Hemlo,185.92057243668415,924.0929042085841,529.9429556857203,6933.146247315579,2837.3949748314412,1198.773357043446,1691.485029112134,82.84549412827548,0.8043611277100192,0.07586962680000298,0.4274090123881037,MetalliCan,Doré
7873.501479663553,Meliadine,835.381729038002,567.3093078929394,145.1717543412874,691.124174519664,2425.30816106862,8674.676955734547,6717.326755851231,52.05151977578842,0.48897010965860693,0.05281869937441952,0.27162332272245016,MetalliCan,Doré
34246.21485699585,Rainy River,260.0307319908753,6351.147041478488,2373.4950296174707,25586.055232015224,10146.924392308789,1016.162420144024,1838.0994281593403,632.7879473757896,18.27023237092173,1.2015555171147412,1.906029043957773,MetalliCan,Doré
12736.970039822683,Meadowbank complex,931.5506280556049,1696.7202870246024,395.2384917843859,4219.32356516916,3835.3125869896926,9188.3851773856,7392.155519228139,92.14787958022379,0.9394904682452156,0.08867039864397963,0.5246512097976452,MetalliCan,Doré
14107.412858028736,Porcupine complex,45.78442386870684,1464.8064826390732,1117.6750363041783,17456.73562633844,4394.275822652533,268.0249036858515,319.18267577331244,117.2344820867722,4.288652929533776,0.40621753045660114,0.2540112893290055,MetalliCan,Doré
11394.057026700708,Canadian Malartic,308.8875877228132,2321.265028672808,1309.266800283152,6411.1078821248775,3273.0445426236893,2262.886271781999,2342.9161066308466,187.20138962460578,8.649609233275768,0.4316123240382126,0.9492882617308848,MetalliCan,Doré
15233.279892691577,Detour Lake,507.2823897134298,3500.7657869454365,934.5146096021108,4966.139649425368,4572.841937300303,4028.7701352630042,3850.7051499207864,285.24897417146525,7.419583820748526,0.62859352735817,0.9603477739142184,MetalliCan,Doré
3557.788533661881,Kiena,29.528751041799428,438.06033234614546,1287.059399863148,23950.042915972117,1039.6204004364695,93.05877126099166,212.6606312834961,45.53547722502338,0.32966172600227595,0.03144877246118938,0.2537537843555903,MetalliCan,Doré
12468.838490484846,Magino,951.4046206331227,3630.5684441232725,903.1642693537989,3230.4227948782054,3458.513967195331,9154.282329982803,7607.988701971126,325.6931147567607,3.165113541265788,0.2878667592533617,1.6818292010066944,MetalliCan,Doré
4716.2833580035,Elk,43.96545013042834,867.3883583574284,1585.1319604206437,28610.101276754773,1345.9751007491016,124.9245679270074,313.84389203540803,78.26162501573874,0.7607739306421134,0.06919230899223283,0.4042483193354796,MetalliCan,Doré
6712567.827782942,Brucejack,575.8899851681066,3573.8457524028972,93521707.13162391,1902734944.485582,2117672.3175515477,5502.052902973579,4500.200016017215,164.2768709179685,25.898213101417305,1.341925665130077,0.7745652155230036,MetalliCan,Doré
7138.08923508998,Eagle River,268.0965918673517,461.50158555577036,143.11714908630768,1193.044835068848,2168.1354591165373,2769.8021609173466,2171.6794640293915,47.91274450547296,0.3467829914985406,0.014635020384646591,0.26693270556467136,MetalliCan,Doré
15881.40580995716,Éléonore,133.58354263718323,1111.1922656674678,1044.9400972010565,2007.245269674459,4983.64537500646,974.3800914534436,986.7203459830578,60.980542375346076,10.311049315540357,0.24428170906722357,0.26509386767276144,MetalliCan,Doré
13971.296115312522,Goldex (Au),274.5422761148059,3513.788669173316,1639.8203792337915,3485.335153035231,4177.591682128851,596.5719938444328,1790.1468361748125,152.9672609176323,13.640188694322505,0.429657117213992,0.962418353341259,MetalliCan,Doré
48975382.86684485,Island,549.5194086745274,993.3193779461424,54585471.256377995,1110568011.2026358,15451871.638271254,5818.283819037874,4558.395815067178,93.76984964462532,3.651209214479299,0.16663619430351417,0.19260873966802783,MetalliCan,Doré
5413.272851667707,LaRonde (Doré),102.57388044166031,995.0288654201976,1324.2995412871176,4358.702738225731,1621.9537547828297,366.74593472027163,790.6026495046946,46.94225731338467,12.2852215798216,0.2960735651250559,0.2438179085174225,MetalliCan,Doré
3482.6696405115035,Lamaque,36.7863202576102,447.1191883582353,944.499328687932,12850.97454856946,1077.0065404176257,103.4226565095723,239.73962708284648,16.93701067619184,3.192129034547919,0.1268651267773535,0.13114986661030636,MetalliCan,Doré
14066.79971490545,Macassa,307.1918872139371,3087.4831497689133,736.3057993216634,7162.073311931476,3717.290394096515,1601.4897022057175,2441.0117533400457,317.227653677519,2.3404274639879925,0.21655061570513823,1.7602443865684343,MetalliCan,Doré
16691.413692257072,Musselwhite,283.4595265141542,1309.7571388677143,324.40823822186564,2624.022853910844,5302.288792200797,2952.972919335601,2281.133463463374,114.30756446609286,4.234766252863015,0.2565891755808387,0.22842457571578378,MetalliCan,Doré
10371.008184874687,Red Lake,19.447521325996956,242.96263945460453,826.503976155692,14705.290340657526,4042.798881942734,106.73794517426731,136.39326785525597,11.925807142650122,0.3627900195639658,0.4465669738367213,0.11471865008351725,MetalliCan,Doré
38309.090397140455,Seabee Gold Operation,250.5993115215879,1785.7858168899136,320.7336061766839,4013.6872912555987,11934.230349049662,1045.7580751676383,1695.9735394170207,46.784187250079924,2.8671800296178307,0.13419555489367596,3.0403001287491027,MetalliCan,Doré
770.3444861411506,Snow Lake (Doré),37.35295214527559,208.61732857213457,89.68512066460211,689.871994137665,229.5453351725628,29.475058611373488,429.9548974174604,8.740152879228168,1.6327238553363774,0.04977491764894815,0.04462602868186665,MetalliCan,Doré
12545.770655928378,Timmins Operation,124.18716463115487,2485.5180136847944,363.8816134835545,3316.0559692903857,3913.5552618622337,1007.4770631179586,916.1514494430617,79.53245686017709,0.754018355527278,0.14084862330415593,0.3273737494097192,MetalliCan,Doré
8838.916177649018,Westwood-Doyon,74.7439733495243,1135.4954540644308,1836.5871631385185,15344.5312331419,2563.357041827058,201.87697701897415,513.1570826980064,91.75687536827112,11.279474751922944,0.16713470154843435,0.5076696294839564,MetalliCan,Doré
15881.40580995716,Eleonore,133.58354263718323,1111.1922656674678,1044.9400972010565,2007.245269674459,4983.64537500646,974.3800914534436,986.7203459830578,60.980542375346076,10.311049315540357,0.24428170906722357,0.26509386767276144,MetalliCan,Doré
0.8160382103771082,Nunavik Nickel,0.0260911820385508,0.10960615312659858,0.023155021282387864,0.13548141856820634,0.24568415192023962,0.2211939166688502,0.20090313978745777,0.005354355145115292,6.484598626267115e-05,1.7815788508964846e-06,3.8156480149352907e-05,MetalliCan,Ni concentrate
0.3641475085210788,Thompson,0.009825190440817764,0.1144737199488228,0.06673478728004208,1.2236956424598808,0.10922255462600489,0.07492372978824383,0.08579465560408528,0.004462196994362932,2.103505221921416e-05,5.950894841576227e-07,1.392641991438052e-05,MetalliCan,Ni concentrate
1.336127530570785,Voisey's Bay,0.19108550062632004,0.13588128098974533,0.03190530814394182,0.49671012880124266,0.4066863247540024,1.767180323333396,1.7190156418434208,0.003095907363420817,3.2045211677968227e-05,8.905230159962619e-07,2.131898893749053e-05,MetalliCan,Ni concentrate
0.7871733525943092,Raglan,0.0715000895706234,0.07797820662957121,0.014911917331440558,0.16221982197315524,0.24984942259791473,0.7725009237395769,0.5782377978713308,0.0011781614344688433,2.6682445887685044e-05,6.049565154099513e-07,1.250208433955739e-05,MetalliCan,Ni concentrate
8.609852545007742,Gibraltar (Mo),0.17128724291458486,3.2421959752583236,0.7295501913866883,5.070070659404089,2.368558297636202,0.5673884311710865,1.2000417278525126,0.21098681506343148,0.0029642271884551905,0.0002039422469282716,0.0009435174039474615,MetalliCan,Mo concentrate
3.6961958520098825,Highland Valley (Mo),0.05617650950516222,1.0428971075400133,0.47554806194238913,6.828823917662349,1.0634750066924752,0.23364794772829997,0.3978995916605089,0.06451898999518133,0.00045821451222833036,0.00011270650176145851,0.00029193561388696026,MetalliCan,Mo concentrate
0.07335682521816442,Kidd Creek (Zn),0.0029287367479518007,0.012626293117206007,0.00835320016281108,0.1312780683569667,0.023067350276891527,0.02876859858898849,0.023263018136518838,0.000519392232205113,3.2503014446093887e-06,3.6750137225359465e-07,1.254505213385265e-06,MetalliCan,Zn concentrate
0.26958270505208903,LaRonde (Zn),0.00510821177757888,0.04955275276920415,0.0659505383216039,0.21706478700581008,0.08077381133246377,0.018264063606095806,0.03937226274961826,0.0023377393511021575,0.0006118079429109656,1.4744557751983182e-05,1.214220944297906e-05,MetalliCan,Zn concentrate
0.038363400603736095,Snow Lake (Zn),0.0018601888407844941,0.010389209278666621,0.004466347533797057,0.0343558433352376,0.011431430751296748,0.0014678672722554728,0.021411889919494283,0.00043526239138654466,8.131016841717153e-05,2.478806776331599e-06,2.2223904205618133e-06,MetalliCan,Zn concentrate
5.113954007419521,Key Lake + McArthur River,0.11279144724128543,0.5168874277276583,0.6860658227591464,13.58888361571742,1.5791723902689987,0.6753419652424089,1.0797150291083495,0.01239276201958206,0.0001195801380599916,6.347415638554362e-06,5.343957259673881e-05,MetalliCan,U concentrate
2.6686142406955353,Cigar Lake + McClean Lake,0.13210033723268821,0.23483416731468987,0.25478026028390477,5.036976289623329,0.8032643267569965,0.5685697959619759,1.0406791165757208,0.004429374612648735,5.159673976118724e-05,2.3417865091707765e-06,2.3516041395539113e-05,MetalliCan,U concentrate
