Climate change,Commodity,Eutrophication,Fisheries impact,Freshwater acidification,Freshwater ecotoxicity,Ionizing radiations,Land occupation,Land transformation,Marine acidification,Marine ecotoxicity,Photochemical ozone formation,Terrestrial acidification,Terrestrial ecotoxicity,Thermally polluted water,Water availability freshwater,Water availability terrestrial,Source,Reference product
0.5365942495748843,Cu concentrate from Au mine,0.0068978389942347595,7.197063317729182e-19,0.01304304429723744,0.18625397192500395,2.1423133005751226e-10,0.1457633894612145,0.43790294285602793,0.16396618304602553,5.952136922216967e-07,0.05308498911122599,0.08906378704183049,0.02172558151963106,0.0012256961984501743,2.1093337073410656e-05,3.8015765302115457e-05,Ecoinvent,Cu concentrate
0.615876069007985,Cu concentrate from Cu mine,0.011055268493299138,6.86095450594936e-19,0.030580511304932348,8.26199148317159,1.2992237175798633e-09,0.5310157186493746,1.0598634120568975,0.1836937093385077,7.817670855595347e-06,0.1774380669244061,0.2572813919519928,0.2853464674320401,0.0006733846996375914,3.819405164215677e-05,7.486520938339559e-05,Ecoinvent,Cu concentrate
1493.0410351606233,Au-Ag ingot,19.192820042062166,2.0025394304162926e-15,36.29148169752274,518.2404083535404,5.960857427023273e-07,405.57782459773836,1218.438495660606,456.22598409616415,0.001656146046238852,147.70577076021098,247.81459943949866,60.450114649904044,3.410425655098075,0.05869093778523293,0.10577656809835428,Ecoinvent,Doré
0.24013253537503987,Pb concentrate,0.0030868679389488836,3.220774553645905e-19,0.005836922895148919,0.08335094606443846,9.587115781064897e-11,0.06523091227923565,0.1959669562857384,0.07337688631091593,2.663654469001595e-07,0.023756185864989506,0.03985714110966605,0.009722464900034639,0.000548514134949255,9.439528106985201e-06,1.70125232306603e-05,Ecoinvent,Pb concentrate
0.24268713954233506,Zn concentrate,0.0031197068804140675,3.255038189851814e-19,0.005899017941386446,0.08423766076925605,9.68910639484907e-11,0.06592485827702114,0.1980517224970097,0.07415749231670968,2.691991351306937e-07,0.024008911761177733,0.04028115408134378,0.009825895861815832,0.0005543493957082258,9.539948645958043e-06,1.7193507740167777e-05,Ecoinvent,Zn concentrate
0.010345035992259024,Fe concentrate,0.0001486061925990347,1.1228438342256784e-20,0.00019741506795205158,0.0014522517156531555,2.3394668306109613e-12,0.0032151384475582875,0.010407806172627314,0.002949120925093961,2.1679677205026815e-09,0.0013824327698914525,0.0015051821339290706,7.913234518034615e-05,1.2182559173244879e-05,2.813114479037417e-07,2.0652570095976012e-07,Ecoinvent,Fe concentrate
0.2534112735666008,Ni concentrate,0.001748242712805271,1.694847037000233e-19,0.004102390266250737,0.038015815523276326,1.2017384524009407e-11,0.029213925509208698,0.14115247955603757,0.07644768896855045,4.3589370712148806e-08,0.02871889227384243,0.030425389808399685,0.0015910694071226928,2.323227317577842e-05,1.383124251740363e-06,0.00030718601438047493,Ecoinvent,Ni concentrate
0.7605926975075193,Cu concentrate from Au mine,0.0066630363503872286,6.868683236787404e-19,0.06370856423972122,0.23294290815245972,2.491407712616297e-09,0.0948167807283942,0.32680787457872434,0.23439667530315905,7.101550155946101e-07,0.056539797402113526,0.13090842946140618,0.025921062596198093,0.0009195133450438376,2.1674412309288453e-05,9.996263484787959e-05,Regioinvent,Cu concentrate
0.6264428760648083,Cu concentrate from Cu mine,0.009350395853671992,6.749753639998293e-19,0.19623578255126875,8.245017282667224,1.296653857904313e-09,0.5367963345299617,1.0646857623547694,0.19039484958327318,7.892906637710845e-06,0.17967074852207665,0.3905572468471841,0.288092574261586,0.0006568857029663945,3.841304155127432e-05,0.0001450019247156312,Regioinvent,Cu concentrate
2116.3032106995397,Au-Ag ingot,18.53949591840573,1.911169653784961e-15,177.26522971784783,648.149554689887,6.932191650615973e-06,263.8219589760503,909.3231755838428,652.1945821258834,0.001975963336515645,157.31856701134566,364.244791983298,72.12378735474586,2.558490336265774,0.06030774460509272,0.27813999377831045,Regioinvent,Doré
0.34037459832190636,Pb concentrate,0.002981790866215035,3.0738204235907044e-19,0.028510366729475003,0.1042448198042463,1.1149356257865651e-09,0.04243167766533698,0.14625054606922805,0.10489539862866487,3.1780310450608004e-07,0.025302255088062813,0.05858313372036937,0.011599994345283596,0.00041149353810720536,9.699566429606808e-06,4.4734510069582494e-05,Regioinvent,Pb concentrate
0.3439956058940642,Zn concentrate,0.003013511963489898,3.10652072011163e-19,0.028813668948986366,0.10535380952006371,1.1267966371677605e-09,0.04288307875009593,0.14780641114724688,0.1060113074895108,3.2118400110167506e-07,0.02557142849817659,0.05920635958444984,0.011723398996885043,0.0004158711339707299,9.802753334569097e-06,4.5210409290128444e-05,Regioinvent,Zn concentrate
0.012302348360519213,Fe concentrate,0.00017364445136500115,1.076768837181897e-20,0.001153708265801444,0.001986445477293488,3.0652065463396436e-11,0.0027865432825084956,0.00761374440353389,0.0036272615749556453,4.0502549730620594e-09,0.0014034677076713727,0.0020039778227805495,0.0001478376983479122,8.378054311232476e-06,2.8951362505046577e-07,9.44792999421694e-07,Regioinvent,Fe concentrate
0.23384368333791627,Ni concentrate,0.0016035625390613487,1.6232123219409116e-19,0.016032182120468516,0.03516544504355065,2.1028770919222888e-11,0.035624542238918554,0.16735244168901234,0.07079940853042185,6.564090767525666e-08,0.027457234164121887,0.03181613109877342,0.0023959424068579725,2.071117802399912e-05,1.1291341754938688e-06,0.0008171754989469936,Regioinvent,Ni concentrate
1.590034403461249,Copper Mountain,0.004937782603517854,2.9208287031285306e-18,0.02813919231379477,1.2092346321993026,1.739979610322911e-10,0.19252696817011464,1.8855766029280268,0.46446391534790893,8.578306495548881e-07,0.09968707561717081,0.1661994918278123,0.031311296947976824,0.0014487584023071384,7.095112405738723e-05,0.00030116174659195795,MetalliCan,Cu concentrate
1.5323151713896286,Gibraltar (Cu),0.006077164273648059,4.313359688647182e-18,0.045816338713614506,0.2940762423878644,1.3557048270392474e-10,0.1794104010950696,1.218876620546577,0.43469009398839126,1.0796112905184569e-06,0.10773790725645897,0.22647136382083738,0.03940635828419658,0.0006519021625944963,3.853652173875645e-05,0.00040488367923025557,MetalliCan,Cu concentrate
0.6468650001369245,Highland Valley (Cu),0.002151015349157434,1.3569509653882902e-18,0.011405009061552993,0.09463891501760151,3.484454533035486e-11,0.11574363882284865,1.6413482527990646,0.19057628632032594,3.2602951225401665e-07,0.04629150784285954,0.07131375793690549,0.011900243346434095,8.944478410102123e-05,4.0808945192559054e-05,0.00012471100386047905,MetalliCan,Cu concentrate
0.6318262561996426,Mount Milligan,0.0014509559362933888,3.0066905251851504e-19,0.007064057585670609,2.5804670289948937,2.6718376530084713e-11,0.1576264964515222,1.3614017136516847,0.19676529946979787,1.0363815957289756e-07,0.042851285515886836,0.04378141418309074,0.0037832368233277364,0.00018227262482782696,6.529930241238233e-05,3.2911784537606874e-05,MetalliCan,Cu concentrate
1.4741935356142055,Mount Polley,0.040572981883461604,3.471052914380284e-18,0.26853624638854745,0.2607778625117476,8.699473149583385e-11,0.17089123497727518,1.6353747184001022,0.4306556608336782,8.479560881457021e-07,1.3077556314456122,1.2735231299266265,0.030951836289242696,0.00022731121563009457,7.318103070623583e-06,0.0003183089387256207,MetalliCan,Cu concentrate
21.793694424639796,Red Chris,0.03330840592336281,2.9869614238263964e-18,0.13930199950098288,0.6879660267763414,5.159430839909794e-10,0.570463799131023,8.31586428635867,6.774834893643851,1.2861725467598415e-06,1.057656691788571,0.93054093260622,0.04694627072179107,0.004524407912689946,0.0002545422696990239,0.0003935115470589891,MetalliCan,Cu concentrate
1.0892162798062748,Goldex (Cu),0.003233480556344273,3.4121627105340253e-18,0.02482164044505675,0.22343990406296302,3.514186848284625e-10,0.18468709280686205,0.45563915027357366,0.30007696427703917,8.493311933596519e-07,0.034688503417527355,0.13976135912072413,0.031001005057155626,0.0017878552099728036,-4.087459931557714e-05,0.00030900933181598935,MetalliCan,Cu concentrate
0.00811731805127536,Kidd Creek,0.0022520879598909773,3.4678107051033534e-20,0.006940058481921538,0.171818916713143,7.922243630514678e-13,0.021704603363986906,0.3501992002275666,0.0030504899595834235,8.638700884013894e-09,0.07379120713057838,0.05646080884714518,0.00031533179867581897,2.2158588410215645e-06,7.138938282237427e-08,3.1557998646428047e-06,MetalliCan,Cu concentrate
0.5376783674819139,LaRonde (Cu),0.004655127550260832,8.227104956800669e-19,0.03316713143356963,0.10022575701892242,2.946082032158975e-10,0.13383584423049813,0.5712303462875684,0.15555290177402414,2.342630140802088e-07,0.03769695650641233,0.11234197733931878,0.008550950820893709,0.0016315941854323176,5.449981619383798e-06,7.365159107822828e-05,MetalliCan,Cu concentrate
0.3548783784672886,New Afton,0.0011868803356206777,3.961766426882644e-19,0.0045120432729373935,0.08871147991147052,3.22565134133244e-11,0.0550767292091472,0.6306630355804629,0.10666090608398421,1.8390786622919457e-07,0.009674760220485528,0.023241880654191367,0.006712752106268558,0.0001705314387078423,2.620593048653494e-05,4.631416106655775e-05,MetalliCan,Cu concentrate
0.08874417233163226,Snow Lake (Cu),0.006141503181111013,2.9018670427060027e-20,0.04533646812634186,0.01756509556310765,9.69569192815476e-12,0.010264404758209625,0.0915148055389582,0.026552982144318824,1.5595452092430915e-08,0.0014405752379817068,0.10540621441921941,0.0005692484564758505,0.00021284582230397244,5.598504311365122e-06,6.956791702009429e-06,MetalliCan,Cu concentrate
15370.561550442573,Casa Berardi,158.76371963397295,1.832860696712145e-14,1167.7649389780595,2747.4169089934367,2.5043764093354763e-06,1790.599661296458,15559.248691844148,4613.041206782708,0.004637259874105324,221.7336613431922,3075.7820634617497,169.2629542415571,12.769767921553187,0.27261806978624026,1.6281362720335795,MetalliCan,Doré
1952.1850038771672,Fox Complex,31.973980306101126,8.34472462747307e-15,122.16107266608401,544.1738987256189,1.906359578136978e-07,2335.417522534979,43240.483564565635,521.2904369257692,0.0020006440399420048,875.3980912039261,892.6915504304587,73.02480841836665,0.533210530046086,0.01717869836728119,0.7593921090071732,MetalliCan,Doré
47117.955279094385,Hemlo,178.14639689356244,1.0549906493614735e-14,1561.5195051484343,14712.954065094771,3.55392447081536e-06,1293.9796444103229,14316.650095175744,13571.42936585732,0.004736034276410903,3922.158007398429,5680.514538835817,172.87621363803743,3.052799982748093,0.09291735655683409,2.005414306892707,MetalliCan,Doré
10664.788880207649,Meliadine,266.44480325876486,1.492147332797317e-14,921.7641541641016,1321.2895020134933,4.485942379267571e-07,277.665544312928,503.8989039915467,3189.7406233539064,0.0036292689045777844,8565.719558351955,7135.014939501095,132.47032792841742,1.0307889676774922,-0.014352183539396483,1.3918805942092993,MetalliCan,Doré
46244.31601802611,Rainy River,135.21711691251588,8.299012612561657e-14,847.4686994961761,10975.028790315218,0.00028756984304334764,3103.4787720784325,26081.535950830174,13548.647889286436,0.032724155408652006,1452.4659319289888,4043.9914221917375,1194.4577483141177,23.207021709884177,0.31114270435579483,8.070972250427388,MetalliCan,Doré
15281.68499232973,Meadowbank complex,286.362532459565,2.6085154682896553e-14,1035.0066983227778,2068.4387916381047,7.294133744878103e-07,630.1298858501793,4350.345960320887,4523.358029936785,0.00630553382793821,8984.228721839123,7856.721238843968,230.15537547815137,1.761283232042749,-0.03575271483391988,2.4143781599133716,MetalliCan,Doré
15829.344082684329,Porcupine complex,21.205312453158594,3.866959311619617e-15,112.46968536608225,2141.736849703165,6.95069305180844e-05,1151.043422463468,17501.553722812132,4929.563349111558,0.004648111132837104,328.7621424937804,494.1534663864146,169.66114191040123,5.0256831692241954,-0.4835333828638332,0.5192861674749697,MetalliCan,Doré
8173.383540265037,Canadian Malartic,71.70792314898303,1.6312991353101474e-14,309.72786219225435,1356.4979900833514,1.6065300893735553e-06,1123.2304255955335,6346.124895711515,2397.9304433710304,0.004100631342991834,2053.466358735656,2165.664966707832,149.67616063279496,7.940942685817733,-0.1842708183385874,1.4890929012251988,MetalliCan,Doré
15399.21389562251,Detour Lake,138.25046432181944,2.8171021086080954e-14,708.4770441060427,3067.743871354105,9.853651820217519e-05,1095.641616438573,5077.356324025813,4523.029377363158,0.010069139609893522,3877.370791750167,4280.655749596521,367.5320778230581,7.238337573112286,0.21648737838320264,2.6969781468188687,MetalliCan,Doré
6490.88706354349,Kiena,16.9691900602219,1.728151828724969e-14,120.95776424466757,1183.5863025411797,1.767742924106365e-06,1896.3321063458457,24122.11919817765,1858.463478252624,0.004310969989312722,210.84040320234573,668.2118527307382,157.3525482467582,8.890962797552433,-0.04616984505230823,1.5706885697922095,MetalliCan,Doré
6910.758851513362,Magino,286.9985641470091,2.9537832330242045e-14,940.8904714290588,2034.1388012187244,6.747943412629157e-07,925.6453336335031,3190.445527713539,1960.9498847955315,0.007047155616966357,8644.223887715609,7329.799456416672,257.2248133985149,1.8874059883735406,0.06080746036292044,2.6880212098209517,MetalliCan,Doré
1660.9399172420876,Elk,6.613338800454053,7.0997811194308536e-15,41.43824568354823,409.10465068798237,1.6219511540432456e-07,1582.3779681304154,28529.10438008401,443.51948890447255,0.0016924171303471418,63.18232026733944,246.97769081091892,61.774037577894795,0.45366123184454027,0.014615820625511491,0.6460989425610959,MetalliCan,Doré
89522.66546220248,Brucejack,157.3262270878416,3.504735246412689e-15,633.7372677614775,2684.3749627083826,2.5976280855131597e-06,683.358459321003,967.4698979470593,28021.425037196383,0.004082516554649744,5232.750279289713,4281.818444221597,149.01532321466337,25.5505650612429,1.3089137975273166,0.9709233389530582,MetalliCan,Doré
10647.106574925525,Eagle River,97.55959508050849,1.8682963014748883e-14,374.9373053996933,2587.1873399937595,3.976648554553072e-05,376.93238846536775,1430.0741362677838,3146.669767683583,0.005743868399634201,2840.445611736748,2691.9160716168144,209.65540647603123,3.3671005941144294,0.008765732685075245,1.6999372930077454,MetalliCan,Doré
16454.937722314986,Éléonore,42.78509376881309,4.590110986564383e-15,159.31280878885195,1884.1539916685615,2.382812050156569e-06,833.2056550926092,2033.638361132913,5158.016545740815,0.0036982971424900004,956.0568370091079,968.0316230263202,134.9916688334737,11.206582525797103,-0.04106830602845646,0.5070078456383349,MetalliCan,Doré
8175.931386177808,Goldex (Au),24.271318607031017,2.5612551849928063e-14,186.31747798389142,1677.1961270016036,2.6378370075438833e-06,1386.3077688406934,3420.1421274184786,2252.453176598945,0.006375293631317837,260.3806327136462,1049.0839259245172,232.70134389334754,13.420090703231923,-0.30681499151786423,2.31950179523959,MetalliCan,Doré
19942.403019145866,Island,207.70697346264998,4.345337207623473e-15,781.5743218398297,1150.3809784942082,6.320942722499941e-05,173.35446535827896,247.72782785397015,5565.171920559293,0.003073874451283251,5648.970223647779,4884.214458761988,112.20041856805787,3.789954879002572,0.06896039294258693,0.4022880544881786,MetalliCan,Doré
4035.9489583856885,LaRonde (Doré),34.94255867575971,6.1754717661419304e-15,248.9608302257342,752.3197384867633,2.2114031666535104e-06,1004.6054645977449,4287.79855637724,1167.619174608109,0.0017584370587480685,282.96284137768026,843.2671382085206,64.18558588967382,12.247155723084889,0.04090891978186392,0.5528473557160654,MetalliCan,Doré
1609.4452416361164,Lamaque,0.7107163820584779,4.779206246936296e-16,9.48058942766664,135.1714975091394,5.228819112233164e-07,833.8960667691478,12781.779551654412,494.0968715733664,0.0001874445363972967,20.291106933677963,34.83197258581859,6.841861974823692,2.9053443290396244,-0.21081518743286393,0.044955252610095926,MetalliCan,Doré
30042.364818247246,Macassa,177.16470205197507,1.1541984394799592e-13,1051.321924344731,7836.292086202174,7.377417887700306e-05,1916.8807529981993,7820.432344830252,8144.836813268973,0.029945931591274413,2147.3779154706344,5497.289281511234,1093.0437970461535,11.304735798895964,0.155780234023846,10.609431651538873,MetalliCan,Doré
17506.514681156576,Musselwhite,98.06925403772252,4.061270004443391e-15,347.28610293061445,1581.4454082839939,7.079225545512423e-05,340.45099238796854,2649.9434553153765,5556.927085614037,0.003954005080510925,2894.150641148757,2391.0568621284906,144.3257462336092,4.617083641140478,0.03761842707276386,0.3606560871550391,MetalliCan,Doré
12399.656525469665,Red Lake,6.855163899178353,1.4470013806760591e-15,85.61774794558639,2400.9814093614145,0.00019621463908205914,1044.8273799589722,14878.070236484044,4593.527809895973,0.007035747431837018,193.9788366398858,309.6008971202632,256.81517847967694,10.920171733178568,0.182862384210968,0.41650662785801273,MetalliCan,Doré
37699.84062170688,Seabee Gold Operation,28.68853960955469,2.0002931180014665e-15,1280.30027797146,1440.3858486540712,4.0168057005095944e-07,304.63417644520507,3956.5582344251025,11758.020630164881,0.0010708066675926956,974.9320800167193,2497.231145316494,39.085972926632564,2.6653326289494306,-0.01149226666183531,4.82571320886135,MetalliCan,Doré
666.1360635601998,Snow Lake (Doré),46.09966930718211,2.1782144422214508e-16,340.30693452899646,131.84802178121083,7.277830100222473e-08,77.04720250543363,686.9331546404021,199.31335805930013,0.0001170633859889266,10.813319784872334,791.205563983964,4.272922092226677,1.597674250159034,0.04202378078853826,0.05221942815729402,MetalliCan,Doré
15486.599126902196,Timmins Operation,2465.130939199761,1.266549112932434e-14,220.28799183538018,22213.44786696678,0.00013770656951341342,620.4282266104052,3586.2045542193273,4720.208472079974,0.009836997270860005,1096.0692638298094,1284.9572719080584,359.1412131491191,8.411013257354092,0.20852769700756113,1.3563477778783108,MetalliCan,Doré
12500.602810513465,Westwood-Doyon,40.0691326389784,2.889245954711347e-14,415.45537648285494,2161.8403995503368,2.906944299290124e-06,1803.5232822775636,15431.001988780123,3585.9447888966097,0.006955020885124834,343.608246746443,1630.5244898890685,253.8621876226311,12.65016115716658,-0.49010643560467215,2.6160082329575904,MetalliCan,Doré
16454.937722314986,Eleonore,42.78509376881309,4.590110986564383e-15,159.31280878885195,1884.1539916685615,2.382812050156569e-06,833.2056550926092,2033.638361132913,5158.016545740815,0.0036982971424900004,956.0568370091079,968.0316230263202,134.9916688334737,11.206582525797103,-0.04106830602845646,0.5070078456383349,MetalliCan,Doré
0.4302142763955071,Nunavik Nickel,0.000119091534627511,8.188173272174922e-20,0.0009656595646119468,0.020004378245010793,4.63130640877364e-12,0.00222372876575709,0.005927154125728225,0.13160417829921428,2.1180640547044355e-08,0.0027491170064994873,0.004589293653628303,0.0007731122331156534,6.8900823639686304e-06,2.2365272733922758e-07,8.454027014366392e-06,MetalliCan,Ni concentrate
0.2898254112578505,Thompson,0.0002834557608857269,2.5262687367174205e-19,0.002060413556103853,0.0293561031664447,8.650668240005694e-12,0.06960143911517157,1.2898559819198074,0.08655013435315506,6.201110804823763e-08,0.004456136819125867,0.010931053809677042,0.002263443642424135,1.797322108705033e-05,5.796582719351918e-07,2.3994182043064997e-05,MetalliCan,Ni concentrate
1.2922057966024347,Voisey's Bay,0.10360401786387108,2.65580725203201e-19,0.5415248123024031,0.14277887463628114,2.1759412970319336e-11,0.03228479746930218,0.5068008916067991,0.395616995553925,7.467513219290858e-08,1.6974924027040246,2.158140109403051,0.0027257421498086496,2.6339106779361764e-05,8.586999562869847e-07,2.9889696919302234e-05,MetalliCan,Ni concentrate
0.6363872314732542,Raglan,0.022182891807766034,3.506871556372423e-20,0.06838416925003586,0.0634279850694731,9.017832749368156e-12,0.011775981419258577,0.15478411705352504,0.20319825992048332,1.5360984289230513e-08,0.7423930813056777,0.5541642976967207,0.0005607307325063155,6.996655974525699e-06,2.3239185260983498e-07,6.24783553252045e-06,MetalliCan,Ni concentrate
6.493463036903367,Gibraltar (Mo),0.025753084568664198,1.8278643168023555e-17,0.19415503690244942,1.246201353889172,5.745044767843276e-10,0.7602840835277785,5.165210214459505,1.8420779905836309,4.575048436374035e-06,0.45655889876653005,0.9597134350654913,0.16699158246550772,0.002762553450911026,0.00016330548638476364,0.0017157679448441716,MetalliCan,Mo concentrate
2.741207648077097,Highland Valley (Mo),0.009115317082509577,5.7503254659557824e-18,0.0483307913067858,0.4010495410249023,1.476600711495999e-10,0.49048463662421654,6.955510891043759,0.807601546078418,1.3816091035097894e-06,0.19616864671145312,0.3022049639669001,0.05042943636527312,0.00037903847135951386,0.00017293529391653218,0.0005284854645368146,MetalliCan,Mo concentrate
0.003034364561700035,Kidd Creek (Zn),0.0008418613461199821,1.2963150936267033e-20,0.0025942889774151936,0.06422826487138038,2.9614430737268513e-13,0.008113478106181462,0.13090926071502917,0.001140314922202458,3.2292646029963603e-09,0.027584164611349746,0.021105824179811876,0.00011787534136658766,8.283183556516556e-07,2.668632816121164e-08,1.1796811720378016e-06,MetalliCan,Zn concentrate
0.2009915398558217,LaRonde (Zn),0.001740150530493222,3.0754046921846747e-19,0.01239832855981796,0.03746576188946926,1.1012858140959318e-10,0.0500296717286668,0.21353373630718936,0.05814780556430317,8.757072743448288e-08,0.014091639066189673,0.04199497165365996,0.003196462687811639,0.0006099122519406138,2.037277965273565e-06,2.7531975137339994e-05,MetalliCan,Zn concentrate
0.03317378816449208,Snow Lake (Zn),0.0022957781019851417,1.0847577076985258e-20,0.0169473925465069,0.006566073414812372,3.6243825781202204e-12,0.0038369751848385952,0.034209488209268515,0.009925868720740954,5.829793886594233e-09,0.0005385067711719273,0.03940228647180333,0.00021279288037607868,7.956468698810704e-05,2.092797680193606e-06,2.6005441552794337e-06,MetalliCan,Zn concentrate
