Climate change,Commodity,"Human toxicity, cancer","Human toxicity, non-cancer",Ionizing radiations,Ozone layer depletion,Particulate matter,Photochemical ozone formation,Water availability,Source,Reference product
7.2316659012806114e-06,Cu concentrate from Au mine,4.2767182510420005e-07,2.9264619861949847e-06,2.355912402151403e-09,1.5755991060038157e-11,9.861764601238406e-07,5.438528578284332e-09,2.5763906586482362e-06,Ecoinvent,Cu concentrate
8.300144792838013e-06,Cu concentrate from Cu mine,5.620018407247735e-07,7.986915920829646e-07,1.286584761659139e-08,1.7188007320509857e-11,3.054721070886566e-06,1.8123086096959395e-08,4.6651128517151115e-06,Ecoinvent,Cu concentrate
0.02012167285008707,Au-Ag ingot,0.001189970999408885,0.00814270345633219,6.555183989811638e-06,4.3840092122783365e-08,0.0027439763327498706,1.5132376761425388e-05,0.007168651566659356,Ecoinvent,Doré
3.236259555959689e-06,Pb concentrate,1.913884104566177e-07,1.3096278113631066e-06,1.0542998049978822e-09,7.051000074190799e-12,4.413261065466677e-07,2.433808461846808e-09,1.1529665482620322e-06,Ecoinvent,Pb concentrate
3.270687885861722e-06,Zn concentrate,1.934244573038379e-07,1.323559958391699e-06,1.0655157665623573e-09,7.126010811016568e-12,4.460210732632338e-07,2.4597000943792094e-09,1.1652321531608646e-06,Ecoinvent,Zn concentrate
1.394197646488304e-07,Fe concentrate,1.617014410100955e-09,1.839406271662181e-09,2.419396968412307e-11,3.8674145120364145e-13,2.3723916842951775e-08,1.4040044386454188e-10,3.4360053320510364e-08,Ecoinvent,Fe concentrate
3.4152167436861846e-06,Ni concentrate,4.2600889121919083e-08,9.185635948426242e-08,1.821170398174475e-10,7.91349387330598e-12,5.117127208619637e-07,2.920935093446723e-09,1.6893810540873557e-07,Ecoinvent,Ni concentrate
0.0007268461417652873,U yellowcake,8.38275101334633e-05,0.0009317267180590169,0.0008628740578082766,1.639585071960609e-09,0.0003606978552161459,9.183413699047738e-07,5.1268034162436915e-05,Ecoinvent,U concentrate
1.0250486806782673e-05,Cu concentrate from Au mine,4.803653809957644e-07,2.98567412715912e-06,2.429637717714166e-08,2.807151090764823e-11,6.460809938336835e-06,5.760790105494988e-09,5.056601522564829e-08,Regioinvent,Cu concentrate
8.442553361872307e-06,Cu concentrate from Cu mine,5.920735223397099e-07,8.259879341685209e-07,1.2777436725511593e-08,2.0730621795177695e-11,4.405097495685763e-05,1.8349384247160245e-08,1.530835549100795e-07,Regioinvent,Cu concentrate
0.02852136000189917,Au-Ag ingot,0.0013365876391081585,0.008307457663763236,6.760320361980968e-05,7.810728288115583e-08,0.017976812598828468,1.602905008132868e-05,0.00014069688032630284,Regioinvent,Doré
4.587219073883055e-06,Pb concentrate,2.1496942607361662e-07,1.3361259734279919e-06,1.0872927926679183e-08,1.256234689598818e-11,2.8912919439795714e-06,2.578024460574395e-09,2.262891448596494e-08,Regioinvent,Pb concentrate
4.636019293063851e-06,Zn concentrate,2.1725633494903527e-07,1.3503400153273888e-06,1.0988597317713531e-08,1.2695988898804495e-11,2.9220504024358525e-06,2.6054503029262395e-09,2.2869647936870286e-08,Regioinvent,Zn concentrate
1.6579840947957223e-07,Fe concentrate,1.9863346760829684e-09,2.434937222903416e-09,2.9684257104992443e-10,5.834396218068653e-13,2.9072848559067156e-07,1.4269319014834085e-10,7.638756895511224e-10,Regioinvent,Fe concentrate
3.151504870145916e-06,Ni concentrate,4.099883673821771e-08,9.026713555626148e-08,2.572385730953047e-10,8.684618380790581e-12,5.236908566066908e-06,2.7948790378614594e-09,1.3243118837977324e-08,Regioinvent,Ni concentrate
0.0005633369308531556,U yellowcake,8.72489541559342e-05,0.0009164622396958347,0.0008629066440482853,1.782013261563376e-09,0.0013504378623436784,8.57936257638849e-07,6.226602754701042e-06,Regioinvent,U concentrate
2.1611596687730472e-05,Copper Mountain,2.5072550222359596e-07,3.925884106058965e-07,8.480016622843735e-10,2.361366385957629e-11,9.88469610474349e-06,1.0167201302370508e-08,4.429133742753601e-06,MetalliCan,Cu concentrate
2.7381659861060155e-05,Gibraltar (Cu),4.82187581911217e-07,1.5262047157633683e-06,2.2873834651503083e-09,6.761246410843259e-11,3.962773050528793e-06,1.2951830849178145e-08,5.878213292702253e-06,MetalliCan,Cu concentrate
1.175490258019311e-05,Highland Valley (Cu),1.5311507344786815e-07,4.78503286741862e-07,5.975296373815586e-10,2.728136312909087e-11,5.899166048522416e-06,5.207018204460036e-09,3.2485317271565477e-06,MetalliCan,Cu concentrate
9.398600725581303e-06,Mount Milligan,8.740073768414188e-08,1.5273783278070264e-07,4.006955921838237e-10,2.551819673219461e-11,1.0299325183928836e-06,4.543198875489972e-09,1.2724441838180554e-05,MetalliCan,Cu concentrate
2.4939574631436462e-05,Mount Polley,3.2620195625401496e-07,4.880434574664532e-07,1.1155873372195209e-09,5.420959319682955e-11,8.079202269505234e-06,1.3596047935517785e-07,5.3669721882796165e-06,MetalliCan,Cu concentrate
0.0002515067583961499,Red Chris,5.829906678464095e-07,1.4345733342948672e-06,6.33574186407881e-09,2.599579338506299e-10,1.0371323820070928e-05,9.328064776995863e-08,2.4607768116820857e-05,MetalliCan,Cu concentrate
2.5084526926863896e-05,Goldex (Cu),2.1219721877882647e-07,8.598139754501345e-07,3.6377407617512344e-09,3.620091678082537e-11,2.090336342532367e-06,7.656198604195235e-09,6.991418847166831e-06,MetalliCan,Cu concentrate
2.644707669679044e-06,Kidd Creek,1.1600064163825935e-08,8.408877677022563e-08,5.6490150193418085e-11,1.4810729472107776e-12,4.892892592523232e-07,7.789868588979355e-09,1.2007986106240814e-07,MetalliCan,Cu concentrate
9.719169490566067e-06,LaRonde (Cu),7.707207790537239e-08,2.1482498497569555e-07,2.896494139884254e-09,1.721182030798116e-11,8.880673153713515e-07,4.7158290856740804e-09,4.817735599344083e-06,MetalliCan,Cu concentrate
3.6110489395610606e-06,New Afton,1.2913337257358114e-07,6.061102196477591e-08,2.4029315992300165e-10,9.311382657314992e-12,2.943129686182159e-07,5.228315223981037e-10,2.2911245187320044e-06,MetalliCan,Cu concentrate
1.3831020157337583e-06,Snow Lake (Cu),1.3886950995239585e-08,7.41189237581488e-08,1.651148450624174e-10,4.142366496158617e-12,5.812939245712038e-07,2.1320728987328302e-10,8.099419065860645e-07,MetalliCan,Cu concentrate
0.18578625560909134,Casa Berardi,0.00141552624656535,0.002250215939672859,2.19364594869596e-05,2.8685530873257406e-07,0.013725195647951096,1.4499260198057051e-05,0.03031476123687682,MetalliCan,Doré
0.07067264956052785,Fox Complex,0.002909851788320396,0.003808293699852832,4.352750227546866e-06,9.973884518124891e-08,0.016513590148157935,9.709987687101186e-05,0.009933248786741955,MetalliCan,Doré
0.11857386744644863,Hemlo,0.002469692073188686,0.0016705572359127997,3.915544294935308e-06,8.972071561073024e-08,0.013233925194972795,0.00011841478432239842,0.009266897745113134,MetalliCan,Doré
0.10611096226971148,Meliadine,0.0013900604987452587,0.0009597203875717224,2.3745183175424773e-06,5.5461488286609803e-08,0.028796386421796504,0.0008764612109389551,0.006451402317067201,MetalliCan,Doré
0.46153529297422097,Rainy River,0.008293111004558413,0.007381464352922833,0.002748418574311843,8.283033645070961e-07,0.03220428753144572,9.500708159631828e-05,0.14676086573528835,MetalliCan,Doré
0.1716557938558938,Meadowbank complex,0.00251837853094112,0.002144921519871273,5.4020672718899e-06,5.34159680134039e-07,0.035741139182997914,0.0009251338683613319,0.01083041464561707,MetalliCan,Doré
0.19012521401952562,Porcupine complex,0.0027359885956524895,0.005853253595005265,0.0006649783304619682,2.648910702706743e-07,0.007278145531355258,2.4766514547358304e-05,0.04961638109723321,MetalliCan,Doré
0.15355739218731085,Canadian Malartic,0.005553185360193578,0.003433007939179557,2.0384082314642448e-05,3.6272370468424703e-07,0.02400959682953515,0.0002247348655670324,0.05271816194558365,MetalliCan,Doré
0.20529849290295735,Detour Lake,0.008139367147454862,0.004290886313922425,0.0009508951449892982,5.656528785263289e-07,0.03002461132246318,0.0004025090299970487,0.07677791742172957,MetalliCan,Doré
0.04794821791507338,Kiena,0.00045654550705212407,0.0007018225595887054,1.5665642537064062e-06,4.2899749531180545e-08,0.0031443130602337235,8.440622556523428e-06,0.003841228313610223,MetalliCan,Doré
0.16804219224539468,Magino,0.009542798788847843,0.005900576492286805,1.5407435581479556e-05,3.530457167333137e-07,0.0560021128498107,0.0009226799012674128,0.035160734733166166,MetalliCan,Doré
0.06356122069822291,Elk,0.002275496827270904,0.0013708641079618244,3.7033664522961145e-06,8.485887642903432e-08,0.005503117240219156,1.1450817401700244e-05,0.008451314171737279,MetalliCan,Doré
90.46509150422933,Brucejack,0.0033288404653440793,0.0042665407447684545,3.8015499089556644e-05,1.268085193619598e-06,0.02850847146618909,0.0005493294424002716,0.16390601146742512,MetalliCan,Doré
0.09619983173231317,Eagle River,0.0004898494050956747,0.0007497031769234492,1.6479251166428584e-06,4.512778494902658e-08,0.014923737404920876,0.00028008808153950416,0.001787556405933144,MetalliCan,Doré
0.21403326810154852,Éléonore,0.0038932639823018272,0.0019062024605841486,1.9445583367758106e-05,2.1313264237397874e-07,0.11111502394694263,9.664101897627231e-05,0.029837152420601143,MetalliCan,Doré
0.18829077236362163,Goldex (Au),0.0015928057059338826,0.0064539801566463485,2.730579683375889e-05,2.717331830355658e-07,0.01569059066934541,5.7469353947182546e-05,0.052479348305979556,MetalliCan,Doré
660.0398843152756,Island,0.0004952840241134474,0.0009945355050088298,0.0006061485316548707,1.9487890831949177e-07,0.05393669235851658,0.0005862951760004898,0.02035334347058626,MetalliCan,Doré
0.07295452890268328,LaRonde (Doré),0.0005785223859515395,0.001612530327836998,2.1741812514109167e-05,1.291962526983951e-07,0.006666056578958596,3.539819956731072e-05,0.03616313363815138,MetalliCan,Doré
0.04693584269072895,Lamaque,0.0008312214932105804,0.0005433251032279543,6.143095445178514e-06,7.857303585739125e-08,0.0022606408591368007,9.760924603016796e-06,0.015495610125592751,MetalliCan,Doré
0.18957787155902778,Macassa,0.0035593087633141503,0.005027080394427526,1.1141856044423206e-05,3.0134706745143514e-07,0.03002426253049828,0.00015762146863308626,0.0264500103272014,MetalliCan,Doré
0.22494972200607954,Musselwhite,0.0016360769159937257,0.0014588905293443613,0.0006779504300520028,2.748242514498136e-07,0.02568030369475158,0.0002967227878244477,0.03134041582778746,MetalliCan,Doré
0.13976979129602665,Red Lake,0.00037351040392134154,0.004443745732002366,2.551026091672474e-06,4.387140975557458e-08,0.08280793955947315,9.454682910807227e-06,0.05454475865287989,MetalliCan,Doré
0.5162905547627545,Seabee Gold Operation,0.0017169669838906318,0.004901737097778507,5.324015599217995e-06,4.84307743788836e-07,0.013217056937628896,0.00010198709298996014,0.016390966154703257,MetalliCan,Doré
0.010381911393189638,Snow Lake (Doré),0.0001042389470788435,0.0005563552988385823,1.2393935379385802e-06,3.109364359877622e-08,0.004363338507362639,1.6003875169600894e-06,0.0060796275344841,MetalliCan,Doré
0.16907900511489554,Timmins Operation,0.017800704163809702,0.11594267721064422,3.7064598807842167e-06,7.843439732712207e-08,0.009183271325204731,9.291782744737224e-05,0.01720358784867071,MetalliCan,Doré
0.11912182948685063,Westwood-Doyon,0.0011546503492663705,0.0016117612672270185,2.1697986730265864e-05,2.1760090668453494e-07,0.008789812150343915,1.8079186352473587e-05,0.02041423233823103,MetalliCan,Doré
0.21403326810154852,Eleonore,0.0038932639823018272,0.0019062024605841486,1.9445583367758106e-05,2.1313264237397874e-07,0.11111502394694263,9.664101897627231e-05,0.029837152420601143,MetalliCan,Doré
1.0997724451798088e-05,Nunavik Nickel,6.375459150447194e-08,1.637539133004539e-07,2.9079501657402487e-10,1.294268967042579e-11,1.1810596285294306e-06,2.2225063296378515e-08,2.1760630350308499e-07,MetalliCan,Ni concentrate
4.907605927151907e-06,Thompson,1.404628252400683e-06,2.945145128408789e-07,1.332105781792386e-10,9.926586847709664e-12,8.146492502089566e-07,7.443796084850121e-09,7.268565342251582e-08,MetalliCan,Ni concentrate
1.8006953873326283e-05,Voisey's Bay,1.1463978791228234e-07,1.1756860524447844e-07,3.0619553879657905e-10,3.773666539598163e-11,7.930591143822758e-06,1.7702809784259968e-07,1.0877061186376262e-07,MetalliCan,Ni concentrate
1.0608713561888404e-05,Raglan,7.638390322110706e-08,7.993073474874355e-08,1.621936260508011e-10,2.369581947796555e-11,2.3902738579755335e-06,7.787347069711867e-08,7.38908362279057e-08,MetalliCan,Ni concentrate
0.00011603474517005074,Gibraltar (Mo),2.0433572616439188e-06,6.467568888588295e-06,9.693201918463809e-09,2.86520071480809e-10,1.679296877692747e-05,5.4885729751576605e-08,2.490999399766677e-05,MetalliCan,Mo concentrate
4.981352951708287e-05,Highland Valley (Mo),6.488528775265252e-07,2.027744419277866e-06,2.532140159843628e-09,1.1560972263959404e-10,2.4998784018848e-05,2.2065683213139988e-08,1.3766241789830741e-05,MetalliCan,Mo concentrate
9.886279103647177e-07,Kidd Creek (Zn),4.336262797215913e-09,3.143353559362813e-08,2.1116792012265502e-11,5.536453644540264e-13,1.829030221369426e-07,2.911959645897348e-09,4.488749690096284e-08,MetalliCan,Zn concentrate
3.6331586798413713e-06,LaRonde (Zn),2.881059872972344e-08,8.030452118129685e-08,1.0827491786466737e-09,6.4340143974458614e-12,3.319717354950446e-07,1.762841538481418e-09,1.8009355620636274e-06,MetalliCan,Zn concentrate
5.170224918523634e-07,Snow Lake (Zn),5.1911326817886345e-09,2.7706670386355542e-08,6.172219267833835e-11,1.5484733454662452e-12,2.172956422070011e-07,7.969980742585965e-11,3.027673905226934e-07,MetalliCan,Zn concentrate
6.892061710910759e-05,Key Lake + McArthur River,6.594155507128986e-07,9.69453851662199e-07,1.0587056225591139e-09,1.6737735588495e-10,8.04626435746514e-06,6.012974636668127e-08,7.752885330948556e-07,MetalliCan,U concentrate
3.596484051312061e-05,Cigar Lake + McClean Lake,1.9034735422884558e-07,6.771139069893974e-07,4.896162617384313e-10,8.949118806312767e-11,7.422064600486041e-06,4.199544552423579e-08,2.860314072531176e-07,MetalliCan,U concentrate
