Commodity,Climate change EQ LT (PDF.m2.yr),Climate change EQ ST (PDF.m2.yr),Fisheries impact (PDF.m2.yr),Freshwater acidification (PDF.m2.yr),Freshwater ecotoxicity LT (PDF.m2.yr),Freshwater ecotoxicity ST (PDF.m2.yr),Freshwater eutrophication (PDF.m2.yr),Ionizing radiations EQ (PDF.m2.yr),Land occupation biodiversity (PDF.m2.yr),Land transformation biodiversity (PDF.m2.yr),Marine acidification LT (PDF.m2.yr),Marine acidification ST (PDF.m2.yr),Marine ecotoxicity LT (PDF.m2.yr),Marine ecotoxicity ST (PDF.m2.yr),Marine eutrophication (PDF.m2.yr),Photochemical ozone EQ (PDF.m2.yr),Terrestrial acidification (PDF.m2.yr),Terrestrial ecotoxicity LT (PDF.m2.yr),Terrestrial ecotoxicity ST (PDF.m2.yr),Thermally polluted water (PDF.m2.yr),Water availability freshwater (PDF.m2.yr),Water availability terrestrial (PDF.m2.yr)
Copper Mountain,1.2131732053144508,0.37686119814679825,2.9208287031285306e-18,0.02813919231379477,0.2541225586836245,0.9551120735156782,0.00021653313343994638,1.739979610322911e-10,0.19252696817011464,1.8855766029280268,0.41898317604535407,0.04548073930255486,2.521169773887268e-07,6.057136721661613e-07,0.0047212494700779074,0.09968707561717081,0.1661994918278123,0.009202748435341343,0.022108548512635478,0.0014487584023071384,7.095112405738723e-05,0.00030116174659195795
Gibraltar (Cu),1.154839975825715,0.3774751955639135,4.313359688647182e-18,0.045816338713614506,0.24047149370373228,0.0536047486841321,0.000308715701786106,1.3557048270392474e-10,0.1794104010950696,1.218876620546577,0.39212537070566805,0.04256472328272322,2.981292058627109e-07,7.81482084655746e-07,0.005768448571861953,0.10773790725645897,0.22647136382083738,0.010882262866523438,0.02852409541767314,0.0006519021625944963,3.853652173875645e-05,0.00040488367923025557
Highland Valley (Cu),0.4897079832894951,0.1571570168474294,1.3569509653882902e-18,0.011405009061552993,0.07465476503701894,0.019984149980582566,9.812798181047918e-05,3.484454533035486e-11,0.11574363882284865,1.6413482527990646,0.17191540446850284,0.018660881851823113,8.86764780050097e-08,2.3735303424900695e-07,0.0020528873673469547,0.04629150784285954,0.07131375793690549,0.003236857800092449,0.008663385546341646,8.944478410102123e-05,4.0808945192559054e-05,0.00012471100386047905
Mount Milligan,0.48550365781384264,0.14632259838579992,3.0066905251851504e-19,0.007064057585670609,0.1824517274505252,2.3980153015443686,2.8705299424278988e-05,2.6718376530084713e-11,0.1576264964515222,1.3614017136516847,0.17749814381145612,0.019267155658341736,3.0514804623059936e-08,7.312335494983763e-08,0.0014222506368691099,0.042851285515886836,0.04378141418309074,0.0011142344200643535,0.002669002403263383,0.00018227262482782696,6.529930241238233e-05,3.2911784537606874e-05
Mount Polley,1.1140587814121399,0.3601347542020657,3.471052914380284e-18,0.26853624638854745,0.18971683207681056,0.07106103043493704,0.00024860232456290254,8.699473149583385e-11,0.17089123497727518,1.6353747184001022,0.38848667114514324,0.04216898968853493,2.259839079687811e-07,6.21972180176921e-07,0.0403243795588987,1.3077556314456122,1.2735231299266265,0.008249852230809141,0.022701984058433555,0.00022731121563009457,7.318103070623583e-06,0.0003183089387256207
Red Chris,16.871808631130914,4.921885793508883,2.9869614238263964e-18,0.13930199950098288,0.4385808103032363,0.2493852164731051,0.00032065801890962585,5.159430839909794e-10,0.570463799131023,8.31586428635867,6.11142691659441,0.6634079770494408,4.3713078582633547e-07,8.49041760933506e-07,0.032987747904453184,1.057656691788571,0.93054093260622,0.015956247161035282,0.030990023560755788,0.004524407912689946,0.0002545422696990239,0.0003935115470589891
Goldex (Cu),0.8181691048717854,0.2710471749344893,3.4121627105340253e-18,0.02482164044505675,0.18400093670677306,0.039438967356189965,0.00023796205598899912,3.514186848284625e-10,0.18468709280686205,0.45563915027357366,0.2706927331402887,0.029384231136750504,2.3942379539163655e-07,6.099073979680153e-07,0.002995518500355274,0.034688503417527355,0.13976135912072413,0.008739385554881095,0.02226161950227453,0.0017878552099728036,-4.087459931557714e-05,0.00030900933181598935
Kidd Creek,0.006061148079475442,0.0020561699717999175,3.4678107051033534e-20,0.006940058481921538,0.01625182263253913,0.15556709408060387,2.396695617421844e-06,7.922243630514678e-13,0.021704603363986906,0.3501992002275666,0.0027519115802846503,0.0002985783792987732,2.323472222734164e-09,6.315228661279729e-09,0.0022496912642735556,0.07379120713057838,0.05646080884714518,8.4825957386663e-05,0.00023050584128915598,2.2158588410215645e-06,7.138938282237427e-08,3.1557998646428047e-06
LaRonde (Cu),0.4070499068190494,0.13062846066286446,8.227104956800669e-19,0.03316713143356963,0.05953145988362268,0.040694297135299734,5.99306383036063e-05,2.946082032158975e-10,0.13383584423049813,0.5712303462875684,0.14032090497511654,0.015231996798907597,7.396797560519633e-08,1.6029503847501245e-07,0.004595196911957225,0.03769695650641233,0.11234197733931878,0.0027001820508975594,0.00585076876999615,0.0016315941854323176,5.449981619383798e-06,7.365159107822828e-05
New Afton,0.2715424283540501,0.08333595011323848,3.961766426882644e-19,0.0045120432729373935,0.07058463830916648,0.01812684160230404,9.795344611853997e-05,3.22565134133244e-11,0.0550767292091472,0.6306630355804629,0.09621643764055932,0.010444468443424892,7.667532310699855e-08,1.0723254312219603e-07,0.0010889268895021378,0.009674760220485528,0.023241880654191367,0.002798764346353744,0.003913987759914814,0.0001705314387078423,2.620593048653494e-05,4.631416106655775e-05
Snow Lake (Cu),0.06800363815515573,0.020740534176476533,2.9018670427060027e-20,0.04533646812634186,0.00650670798869993,0.01105838757440772,2.818240234617253e-06,9.69569192815476e-12,0.010264404758209625,0.0915148055389582,0.023952841668057327,0.0026001404762614954,4.402883747374673e-09,1.1192568345056244e-08,0.006138684940876396,0.0014405752379817068,0.10540621441921941,0.00016071972276554149,0.00040852873371030894,0.00021284582230397244,5.598504311365122e-06,6.956791702009429e-06
Casa Berardi,11771.834575732872,3598.726974709702,1.832860696712145e-14,1167.7649389780595,1187.2519416666955,1560.1649673267411,1.30104562844288,2.5043764093354763e-06,1790.599661296458,15559.248691844148,4161.322897422736,451.7183093599721,0.0013563866680148385,0.0032808732060904855,157.46267400553006,221.7336613431922,3075.7820634617497,49.511085024461515,119.7518692170956,12.769767921553187,0.27261806978624026,1.6281362720335795
Fox Complex,1458.2138252505613,493.971178626606,8.34472462747307e-15,122.16107266608401,429.59526924972965,114.57862947588919,0.5767259704753765,1.906359578136978e-07,2335.417522534979,43240.483564565635,470.2445712726364,51.045865653132836,0.0005396226429728054,0.0014610213969691995,31.39725433562575,875.3980912039261,892.6915504304587,19.697528679516463,53.32727973885018,0.533210530046086,0.01717869836728119,0.7593921090071732
Hemlo,34377.74278381735,12740.212495277035,1.0549906493614735e-14,1561.5195051484343,6401.345812875937,8311.608252218834,5.613104986012676,3.55392447081536e-06,1293.9796444103229,14316.650095175744,12242.51389608573,1328.915469771592,0.002066470854735249,0.0026695634216756543,172.53329190754977,3922.158007398429,5680.514538835817,75.43715031488705,97.43906332315039,3.052799982748093,0.09291735655683409,2.005414306892707
Meliadine,8106.105280756769,2558.683599450879,1.492147332797317e-14,921.7641541641016,936.62102025616,384.66848175733344,1.153141250942156,4.485942379267571e-07,277.665544312928,503.8989039915467,2877.402134432991,312.3384889209156,0.001002687196420962,0.0026265817081568225,265.2916620078227,8565.719558351955,7135.014939501095,36.60009782077812,95.87023010763929,1.0307889676774922,-0.014352183539396483,1.3918805942092993
Rainy River,35230.23252564519,11014.083492380922,8.299012612561657e-14,847.4686994961761,8760.583117519971,2214.445672795248,8.84405211610505,0.00028756984304334764,3103.4787720784325,26081.535950830174,12221.938157120489,1326.7097321659471,0.014533128457793627,0.018191026950858377,126.37306479641082,1452.4659319289888,4043.9914221917375,530.4852798423458,663.9724684717719,23.207021709884177,0.31114270435579483,8.070972250427388
Meadowbank complex,11604.202040418777,3677.4829519109535,2.6085154682896553e-14,1035.0066983227778,1538.8608808994557,529.5779107386489,1.9514835765047005,7.294133744878103e-07,630.1298858501793,4350.345960320887,4080.4300163612907,442.9280135754942,0.0017293816353394953,0.004576152192598714,284.4110488830603,8984.228721839123,7856.721238843968,63.12582436279133,167.02955111536005,1.761283232042749,-0.03575271483391988,2.4143781599133716
Porcupine complex,12234.998822725387,3594.3452599589427,3.866959311619617e-15,112.46968536608225,1784.6402192156095,357.0966304875552,1.2634459521200243,6.95069305180844e-05,1151.043422463468,17501.553722812132,4446.849090043328,482.7142590682301,0.0028671250333158907,0.0017809860995212131,19.94186650103857,328.7621424937804,494.1534663864146,104.65515048055674,65.00599142984447,5.0256831692241954,-0.4835333828638332,0.5192861674749697
Canadian Malartic,6205.264980738133,1968.1185595269037,1.6312991353101474e-14,309.72786219225435,961.333134946849,395.16485513650235,1.178321800509054,1.6065300893735553e-06,1123.2304255955335,6346.124895711515,2163.1235005034687,234.80694286756156,0.0011601228709683718,0.0029405084720234625,70.52960134847397,2053.466358735656,2165.664966707832,42.34760389501547,107.32855673777951,7.940942685817733,-0.1842708183385874,1.4890929012251988
Detour Lake,11693.503021949353,3705.7108736731575,2.8171021086080954e-14,708.4770441060427,2433.203110749656,634.5407606044489,4.986225892379867,9.853651820217519e-05,1095.641616438573,5077.356324025813,4080.1327084680825,442.89666889507606,0.004279226075069173,0.005789913534824349,133.26423842943956,3877.370791750167,4280.655749596521,156.20023904915124,211.33183877390687,7.238337573112286,0.21648737838320264,2.6969781468188687
Kiena,4899.476624387884,1591.410439155606,1.728151828724969e-14,120.95776424466757,959.7467456556227,223.8395568855571,1.226901957130009,1.767742924106365e-06,1896.3321063458457,24122.11919817765,1676.481835584069,181.98164266855525,0.0012186510930508538,0.003092318896261868,15.74228810309189,210.84040320234573,668.2118527307382,44.482911183657684,112.86963706310051,8.890962797552433,-0.04616984505230823,1.5706885697922095
Magino,5161.806291521671,1748.9525599916913,2.9537832330242045e-14,940.8904714290588,1501.9656745019756,532.1731267167489,8.339129183999987,6.747943412629157e-07,925.6453336335031,3190.445527713539,1768.9467993132657,192.00308548226582,0.0018978115167885441,0.005149344100177812,278.6594349630091,8644.223887715609,7329.799456416672,69.27375817666451,187.9510552218504,1.8874059883735406,0.06080746036292044,2.6880212098209517
Elk,1240.6639460003412,420.27597124174633,7.0997811194308536e-15,41.43824568354823,354.58479861324804,54.519852074734345,0.49068463479142505,1.6219511540432456e-07,1582.3779681304154,28529.10438008401,400.08911949528317,43.4303694091894,0.0004555659286952536,0.001236851201651888,6.122654165662628,63.18232026733944,246.97769081091892,16.628969783757142,45.14506779413765,0.45366123184454027,0.014615820625511491,0.6460989425610959
Brucejack,69430.58051085577,20092.084951346707,3.504735246412689e-15,633.7372677614775,1636.7570651505828,1047.6178975578,0.7553873283363302,2.5976280855131597e-06,683.358459321003,967.4698979470593,25277.503510243438,2743.9215269529445,0.001604579584215168,0.002477936970434576,156.57083975950528,5232.750279289713,4281.818444221597,58.57062587070379,90.44469734395958,25.5505650612429,1.3089137975273166,0.9709233389530582
Eagle River,8109.883961821808,2537.222613103716,1.8682963014748883e-14,374.9373053996933,1408.4353046263916,1178.7520353673679,1.4175011400722006,3.976648554553072e-05,376.93238846536775,1430.0741362677838,2838.544695968262,308.12507171532076,0.002186786152073156,0.0035570822475610446,96.14209394043628,2840.445611736748,2691.9160716168144,79.82190761120148,129.83349886482975,3.3671005941144294,0.008765732685075245,1.6999372930077454
Éléonore,12708.082102999719,3746.855619315266,4.590110986564383e-15,159.31280878885195,1601.734116209591,282.41987545897047,1.5856275188754514,2.382812050156569e-06,833.2056550926092,2033.638361132913,4652.938846076693,505.07769966412206,0.001893106328254322,0.0018051908142356782,41.19946624993764,956.0568370091079,968.0316230263202,69.10220477440076,65.88946405907295,11.206582525797103,-0.04106830602845646,0.5070078456383349
Goldex (Au),6141.383109934708,2034.5482762430997,2.5612551849928063e-14,186.31747798389142,1381.1573221593953,296.0388048422083,1.7862030645799498,2.6378370075438833e-06,1386.3077688406934,3420.1421274184786,2031.8877462422731,220.56543035667204,0.0017971752452556407,0.004578118386062196,22.485115542451066,260.3806327136462,1049.0839259245172,65.60002673203559,167.10131716131195,13.420090703231923,-0.30681499151786423,2.31950179523959
Island,14907.024020624092,5035.378998521772,4.345337207623473e-15,781.5743218398297,883.3093808350282,267.07159765918016,0.7268575031754766,6.320942722499941e-05,173.35446535827896,247.72782785397015,5020.245402267441,544.9265182918513,0.0018607230833296905,0.0012131513679535604,206.98011595947452,5648.970223647779,4884.214458761988,67.92039486109502,44.28002370696286,3.789954879002572,0.06896039294258693,0.4022880544881786
LaRonde (Doré),3055.418901487632,980.5300568980563,6.1754717661419304e-15,248.9608302257342,446.8581029343086,305.46163555245465,0.44985443622918797,2.2114031666535104e-06,1004.6054645977449,4287.79855637724,1053.2839784971165,114.33519611099253,0.0005552222129940694,0.0012032148457539991,34.492704239530525,282.96284137768026,843.2671382085206,20.268245028056093,43.917340861617724,12.247155723084889,0.04090891978186392,0.5528473557160654
Lamaque,1236.6756166787238,372.76962495739264,4.779206246936296e-16,9.48058942766664,72.34980389279427,62.82169361634514,0.05112216093644256,5.228819112233164e-07,833.8960667691478,12781.779551654412,445.71354619939495,48.383325373971445,7.304782763122899e-05,0.0001143967087660677,0.6595942211220353,20.291106933677963,34.83197258581859,2.6663821969660098,4.1754797778576815,2.9053443290396244,-0.21081518743286393,0.044955252610095926
Macassa,22506.438350065833,7535.926468181415,1.1541984394799592e-13,1051.321924344731,6487.969606562623,1348.322479639551,9.772814249584904,7.377417887700306e-05,1916.8807529981993,7820.432344830252,7347.278631417032,797.5581818519415,0.009190562094159192,0.02075536949711522,167.39188780239016,2147.3779154706344,5497.289281511234,335.47282848560445,757.5709685605491,11.304735798895964,0.155780234023846,10.609431651538873
Musselwhite,13553.684829690326,3952.8298514662506,4.061270004443391e-15,347.28610293061445,1326.866095982581,254.57931230141264,0.9101313219653266,7.079225545512423e-05,340.45099238796854,2649.9434553153765,5012.793439805807,544.1336458082305,0.002487421713127995,0.00146658336738293,97.15912271575719,2894.150641148757,2391.0568621284906,90.79545450735966,53.53029172624954,4.617083641140478,0.03761842707276386,0.3606560871550391
Red Lake,9570.053153390318,2829.603372079347,1.4470013806760591e-15,85.61774794558639,1951.3810639171106,449.600345444304,0.25379161363517044,0.00019621463908205914,1044.8273799589722,14878.070236484044,4143.836846924462,449.6909629715109,0.005004544795700522,0.0020312026361364965,6.6013722855431824,193.9788366398858,309.6008971202632,182.67628455484365,74.13889392483331,10.920171733178568,0.182862384210968,0.41650662785801273
Seabee Gold Operation,29204.63859798111,8495.202023725766,2.0002931180014665e-15,1280.30027797146,649.9187305239798,790.4671181300913,0.2955821105616552,4.0168057005095944e-07,304.63417644520507,3956.5582344251025,10606.642407426038,1151.3782227388435,0.00044917399415134645,0.0006216326734413491,28.392957498993038,974.9320800167193,2497.231145316494,16.396380720317687,22.689592206314874,2.6653326289494306,-0.01149226666183531,4.82571320886135
Snow Lake (Doré),510.45240088845026,155.68366267174952,2.1782144422214508e-16,340.30693452899646,48.840985939254765,83.00703584195608,0.021154420073300907,7.277830100222473e-08,77.04720250543363,686.9331546404021,179.7960500999581,19.517307959342006,3.304915274430529e-05,8.40142332446213e-05,46.07851488710881,10.813319784872334,791.205563983964,1.206402660497879,3.0665194317287985,1.597674250159034,0.04202378078853826,0.05221942815729402
Timmins Operation,11898.189504454494,3588.409622447701,1.266549112932434e-14,220.28799183538018,4267.182410541241,17946.26545642554,2430.907176214063,0.00013770656951341342,620.4282266104052,3586.2045542193273,4258.001656720942,462.20681535903185,0.004646217574418728,0.0051907796964412774,34.22376298569806,1096.0692638298094,1284.9572719080584,169.67775698163098,189.46345616748812,8.411013257354092,0.20852769700756113,1.3563477778783108
Westwood-Doyon,9470.027399867955,3030.5754106455097,2.889245954711347e-14,415.45537648285494,1812.9471789489078,348.8932206014289,2.7440648436433666,2.906944299290124e-06,1803.5232822775636,15431.001988780123,3234.800269231214,351.14451966539565,0.0020308341039017726,0.004924186781223062,37.32506779533504,343.608246746443,1630.5244898890685,74.12937434485632,179.73281327777477,12.65016115716658,-0.49010643560467215,2.6160082329575904
Eleonore,12708.082102999719,3746.855619315266,4.590110986564383e-15,159.31280878885195,1601.734116209591,282.41987545897047,1.5856275188754514,2.382812050156569e-06,833.2056550926092,2033.638361132913,4652.938846076693,505.07769966412206,0.001893106328254322,0.0018051908142356782,41.19946624993764,956.0568370091079,968.0316230263202,69.10220477440076,65.88946405907295,11.206582525797103,-0.04106830602845646,0.5070078456383349
Nunavik Nickel,0.33126138352933465,0.09895289286617241,8.188173272174922e-20,0.0009656595646119468,0.009881233015142975,0.01012314522986782,8.725073810546883e-06,4.63130640877364e-12,0.00222372876575709,0.005927154125728225,0.11871712949782333,0.012887048801390938,6.321515123945728e-09,1.4859125423098628e-08,0.00011036646081696413,0.0027491170064994873,0.004589293653628303,0.00023075416743938552,0.0005423580656762679,6.8900823639686304e-06,2.2365272733922758e-07,8.454027014366392e-06
Thompson,0.22133581375750405,0.06848959750034643,2.5262687367174205e-19,0.002060413556103853,0.01837224893196481,0.01098385423447989,2.067564303545762e-05,8.650668240005694e-12,0.06960143911517157,1.2898559819198074,0.07807491392462071,0.008475220428534349,1.735086225534197e-08,4.466024579289567e-08,0.00026278011785026926,0.004456136819125867,0.010931053809677042,0.0006333447088950955,0.0016300989335290398,1.797322108705033e-05,5.796582719351918e-07,2.3994182043064997e-05
Voisey's Bay,0.9890050527133246,0.30320074388911,2.65580725203201e-19,0.5415248123024031,0.05087785722531802,0.09190101741096313,0.0002075108405684484,2.1759412970319336e-11,0.03228479746930218,0.5068008916067991,0.35687787485620215,0.03873912069772283,2.4743824502888884e-08,4.993130769001969e-08,0.10339650702330264,1.6974924027040246,2.158140109403051,0.0009032494585551557,0.0018224926912534939,2.6339106779361764e-05,8.586999562869847e-07,2.9889696919302234e-05
Raglan,0.4897166472316751,0.14667058424157908,3.506871556372423e-20,0.06838416925003586,0.022360617832863684,0.04106736723660942,1.1517131016796762e-05,9.017832749368156e-12,0.011775981419258577,0.15478411705352504,0.1833014852058768,0.01989677471460651,7.071763110559783e-09,8.28922117867073e-09,0.022171374676749237,0.7423930813056777,0.5541642976967207,0.00025817416444420924,0.00030255656806210635,6.996655974525699e-06,2.3239185260983498e-07,6.24783553252045e-06
Gibraltar (Mo),4.893843533220565,1.5996195036828016,1.8278643168023555e-17,0.19415503690244942,1.0190415200804035,0.22715983380876853,0.0013082387181922279,5.745044767843276e-10,0.7602840835277785,5.165210214459505,1.661702267697982,0.18037572288564885,1.2633765206702648e-06,3.31167191570377e-06,0.02444484585047197,0.45655889876653005,0.9597134350654913,0.04611556039115035,0.12087602207435738,0.002762553450911026,0.00016330548638476364,0.0017157679448441716
Highland Valley (Mo),2.0752263141431326,0.6659813339339644,5.7503254659557824e-18,0.0483307913067858,0.3163630868091094,0.08468645421579293,0.000415835094133405,1.476600711495999e-10,0.49048463662421654,6.955510891043759,0.7285226778428806,0.0790788682355374,3.7578263518885925e-07,1.0058264683209302e-06,0.008699481988376171,0.19616864671145312,0.3022049639669001,0.01371677113497452,0.0367126652302986,0.00037903847135951386,0.00017293529391653218,0.0005284854645368146
Kidd Creek (Zn),0.0022657400903498487,0.0007686244713501862,1.2963150936267033e-20,0.0025942889774151936,0.0060751539638162376,0.05815311090756414,8.959176171643591e-07,2.9614430737268513e-13,0.008113478106181462,0.13090926071502917,0.001028702235105789,0.00011161268709666883,8.685457127007961e-10,2.3607188902955644e-09,0.0008409654285028178,0.027584164611349746,0.021105824179811876,3.1709103682882054e-05,8.61662376837056e-05,8.283183556516556e-07,2.668632816121164e-08,1.1796811720378016e-06
LaRonde (Zn),0.15216083156240753,0.04883070829341417,3.0754046921846747e-19,0.01239832855981796,0.022253676014584185,0.015212085874885074,2.240289470401774e-05,1.1012858140959318e-10,0.0500296717286668,0.21353373630718936,0.052453876501471215,0.005693929062831955,2.765024350116857e-08,5.99204839333143e-08,0.0017177476357892042,0.014091639066189673,0.04199497165365996,0.001009365074464467,0.002187097613347172,0.0006099122519406138,2.037277965273565e-06,2.7531975137339994e-05
Snow Lake (Zn),0.02542069216830599,0.007753095996186091,1.0847577076985258e-20,0.0169473925465069,0.0024322966532514412,0.004133776761560931,1.0534968521444665e-06,3.6243825781202204e-12,0.0038369751848385952,0.034209488209268515,0.008953900567311603,0.0009719681534293516,1.6458583266962135e-09,4.18393555989802e-09,0.0022947246051329973,0.0005385067711719273,0.03940228647180333,6.007923650848009e-05,0.0001527136438675986,7.956468698810704e-05,2.092797680193606e-06,2.6005441552794337e-06
