main_id,facility_group_id,facility_name,facility_group_name,province,facility_type,mining_processing_type,commodities,ore_processed_t,Au_t,Ag_t,Cu_t,Ni_t,Co_t,Mo_t,Zn_t,Pb_t,Fe_t,Pt_t,Pd_t,U_t,Nb_t,Au_$,Ag_$,Cu_$,Ni_$,Co_$,Mo_$,Zn_$,Pb_$,Fe_$,Pt_$,U_$,N_$,Sum,%Au,%Cu,Main_product,facility_type.1,mining_processing_type.1,activity_name,site_id
QC-MAIN-089f3c60,,Bloom Lake,,Quebec,mining,Open-pit,Iron,11187000.0,,,,,,,,,,,,,,0.0,0.0,0.0,0.0,0.0,0.0,0.0,0.0,0,0.0,0.0,0.0,0.0,,,Fe,mining,Open-pit,,QC-MAIN-089f3c60
BC-MAIN-857b7b89,,Brucejack,,British Columbia,mining,"Underground, concentrator","Gold, silver",166000.0,0.9020015,,,,,,,,,,,,,46717.485459702504,0.0,0.0,0.0,0.0,0.0,0.0,0.0,0,0.0,0.0,0.0,46717.485459702504,1.0,0.0,Au,mining,"Underground, concentrator","Au, Underground mining and beneficiation at Brucejack",BC-MAIN-857b7b89
QC-MAIN-de3d8b7b,,Canadian Electrolytic Zinc Limited (CEZinc),,Quebec,manufacturing,Refinery,"Lead, zinc",,,,,,,,752600.0,244600.0,,,,,,0.0,0.0,0.0,0.0,0.0,0.0,1941192.1221882368,504507.9421381382,0,0.0,0.0,0.0,2445700.064326375,0.0,0.0,Zn (Pb),manufacturing,Refinery,"Zn and Pb, refining at Canadian Electrolytic Zinc Limited (CEZinc)",QC-MAIN-de3d8b7b
QC-MAIN-e7e6a960,,Canadian Malartic,,Quebec,mining,"Open-pit, concentrator","Gold, silver",17332900.0,18.7851143425,9.6731885,,,,,,,,,,,,972939.9631315387,6501.640186505,0.0,0.0,0.0,0.0,0.0,0.0,0,0.0,0.0,0.0,979441.6033180438,0.9933618909341001,0.0,Au (Ag),mining,"Open-pit, concentrator","Au and Ag, Open-pit mining and beneficiation at Canadian Malartic",QC-MAIN-e7e6a960
NL-MAIN-dd723db4,,Carol Lake,,Newfoundland and Labrador,mining,"Open-pit, concentrator",Iron,16478000.0,,,,,,,,,,,,,,0.0,0.0,0.0,0.0,0.0,0.0,0.0,0.0,0,0.0,0.0,0.0,0.0,,,Fe,mining,"Open-pit, concentrator",,NL-MAIN-dd723db4
QC-MAIN-b86f7d07,,Casa Berardi,,Quebec,mining,"Open-pit, underground, concentrator","Gold, silver",1361450.0,2.69356309999999,0.7527047,,,,,,,,,,,,139508.077269318,505.915410011,0.0,0.0,0.0,0.0,0.0,0.0,0,0.0,0.0,0.0,140013.99267932898,0.9963866796430149,0.0,Au,mining,"Open-pit, underground, concentrator","Au and Ag, Open-pit and underground mining and beneficiation at Casa Berardi",QC-MAIN-b86f7d07
SK-MAIN-91cf5448,,Cigar Lake,,Saskatchewan,mining,Underground,Uranium,43726.856187782,,,,,,,,,,,,6849.2392,,0.0,0.0,0.0,0.0,0.0,0.0,0.0,0.0,0,0.0,1176.01437064,0.0,0.0,,,U,mining,Underground,"U, Underground mining at Cigar Lake",SK-MAIN-91cf5448
ON-MAIN-f080c409,GRP-dc07540b,Copper Cliff Complex (mine),Sudbury Operation,Ontario,mining,Underground,"Nickel, copper, platinum group metals, gold, silver, cobalt, selenium, tellurium",748000.0,,,10098.0,8751.0,,,,,,,,,,0.0,0.0,69676.2,136428.09,0.0,0.0,0.0,0.0,0,0.0,0.0,0.0,206104.28999999998,0.0,0.33806283217103344,Ni+Cu,mining,Underground,"Cu and Ni, Underground mining at Copper Cliff Complex (mine)",ON-MAIN-f080c409
ON-MAIN-63b394c3,GRP-dc07540b,Copper Cliff Complex (refinery),Sudbury Operation,Ontario,manufacturing,"Smelter, refinery, plant","Nickel (oxide sinter, pellets, powder, sulfide), copper cathodes, gold, silver, selenium cake, tellurium dioxide cake, platinum group metals (in residues), liquid sulfur dioxide, sulfuric acid",,,,57900.0,38200.0,,,,,,,,,,0.0,0.0,399510.0,595538.0,0.0,0.0,0.0,0.0,0,0.0,0.0,0.0,995048.0,0.0,0.40149821918138623,Ni+Cu,manufacturing,"Smelter, refinery, plant","Cu and Ni, refining smelting at Copper Cliff Complex (refinery)",ON-MAIN-63b394c3
BC-MAIN-599152a0,,Copper Mountain,,British Columbia,mining,"Open-pit, concentrator","Copper, gold, silver",6862152.0,0.275203767999999,6.789334187,19050.0,,,,,,,,,,,14253.66590853263,4563.31518710831,131445.0,0.0,0.0,0.0,0.0,0.0,0,0.0,0.0,0.0,150261.98109564095,0.0948587647028309,0.8747721748479808,"Cu (Au, Ag)",mining,"Open-pit, concentrator","Au and Ag and Cu, Open-pit mining and beneficiation at Copper Mountain",BC-MAIN-599152a0
ON-MAIN-52224e1e,GRP-dc07540b,Creighton,Sudbury Operation,Ontario,mining,Underground,"Nickel, copper, platinum group metals, gold, silver, cobalt, selenium, tellurium",433000.0,,,9396.0,11344.0,,,,,,,,,,0.0,0.0,64832.4,176852.96,0.0,0.0,0.0,0.0,0,0.0,0.0,0.0,241685.36,0.0,0.2682512503032869,Ni+Cu,mining,Underground,"Cu and Ni, Underground mining at Creighton",ON-MAIN-52224e1e
ON-MAIN-aeafbb59,,Detour Lake,,Ontario,mining,"Open-pit, concentrator",Gold,25434853.5024164,21.070941661,2.4571765,,,,,,,,,,,,1091330.1260252972,1651.542040945,0.0,0.0,0.0,0.0,0.0,0.0,0,0.0,0.0,0.0,1092981.6680662422,0.9984889572357906,0.0,Au (Ag),mining,"Open-pit, concentrator","Au and Ag, Open-pit mining and beneficiation at Detour Lake",ON-MAIN-aeafbb59
ON-MAIN-cb85213a,,Eagle River,,Ontario,mining,"Underground, concentrator",Gold,222627.0,222627.0,,,,,,,,,,,,,11530550265.645,0.0,0.0,0.0,0.0,0.0,0.0,0.0,0,0.0,0.0,0.0,11530550265.645,1.0,0.0,Au,mining,"Underground, concentrator","Au, Underground mining and beneficiation at Eagle River",ON-MAIN-cb85213a
QC-MAIN-6dc537e6,,Éléonore,,Quebec,mining,"Underground, concentrator","Gold, silver",1661000.0,7.216012,0.368109922499999,,,,,,,,,,,,373739.88367762003,247.41772220992434,0.0,0.0,0.0,0.0,0.0,0.0,0,0.0,0.0,0.0,373987.30139983,0.9993384328257033,0.0,Au (Ag),mining,"Underground, concentrator","Au and Ag, Underground mining and beneficiation at Éléonore",QC-MAIN-6dc537e6
BC-MAIN-4724f4ba,,Elk,,British Columbia,mining,Open-pit,Gold,33245.0,0.121801306,,,,,,,,,,,,,6308.47148483431,0.0,0.0,0.0,0.0,0.0,0.0,0.0,0,0.0,0.0,0.0,6308.47148483431,1.0,0.0,Au,mining,Open-pit,"Au, Open-pit mining at Elk",BC-MAIN-4724f4ba
ON-MAIN-4e0734b5,,Fox Complex,,Ontario,mining,"Open-pit, underground, concentrator",Gold,457000.0,1.3809954,0.0435449,,,,,,,,,,,,71526.081186579,29.267833637,0.0,0.0,0.0,0.0,0.0,0.0,0,0.0,0.0,0.0,71555.349020216,0.9995909762996372,0.0,Au,mining,"Open-pit, underground, concentrator","Au and Ag, Open-pit and underground mining and beneficiation at Fox Complex",ON-MAIN-4e0734b5
ON-MAIN-206041d1,GRP-de097f20,Fraser,Integrated Nickel Operations,Ontario,mining,Underground,"Nickel, copper, platinum group metals, gold, cobalt, silver",553033.0,,,,,,,,,,,,,,0.0,0.0,0.0,0.0,0.0,0.0,0.0,0.0,0,0.0,0.0,0.0,0.0,,,,mining,Underground,,ON-MAIN-206041d1
ON-MAIN-48fe2205,GRP-dc07540b,Garson,Sudbury Operation,Ontario,mining,Underground,"Nickel, copper, platinum group metals, gold, silver, cobalt, selenium, tellurium",616000.0,,,7453.0,7946.0,,,,,,,,,,0.0,0.0,51425.700000000004,123878.14,0.0,0.0,0.0,0.0,0,0.0,0.0,0.0,175303.84,0.0,0.29335181705089863,Ni+Cu,mining,Underground,"Cu and Ni, Underground mining at Garson",ON-MAIN-48fe2205
BC-MAIN-6b4800fe,,Gibraltar,,British Columbia,mining,"Open-pit, concentrator","Copper, molybdenum, silver",30000000.0,,,55610.3792,,,545.217584,,,,,,,,0.0,0.0,383711.61648,0.0,0.0,15942.162156159999,0.0,0.0,0,0.0,0.0,0.0,399653.77863616,0.0,0.960110067742726,Cu (Mo),mining,"Open-pit, concentrator","Cu and Mo, Open-pit mining and beneficiation at Gibraltar",BC-MAIN-6b4800fe
QC-MAIN-c0660aec,,Goldex,,Quebec,mining,"Underground, concentrator","Gold, silver",2886927.328724,4.38505127595036,,39.036758,,,,,,,,,,,227115.55271721925,0.0,269.3536302,0.0,0.0,0.0,0.0,0.0,0,0.0,0.0,0.0,227384.90634741925,0.9988154287172059,0.0011845712827941936,"Au (Zn, Ag)",mining,"Underground, concentrator","Au and Cu, Underground mining and beneficiation at Goldex",QC-MAIN-c0660aec
ON-MAIN-6e9be24e,,Hemlo (Williams),,Ontario,mining,"Open-pit, underground, concentrator",Gold,1266009.0,1266009.0,,,,,,,,,,,,,65570575048.215004,0.0,0.0,0.0,0.0,0.0,0.0,0.0,0,0.0,0.0,0.0,65570575048.215004,1.0,0.0,Au,mining,"Open-pit, underground, concentrator","Au, Open-pit and underground mining and beneficiation at Hemlo (Williams)",ON-MAIN-6e9be24e
BC-MAIN-bf503b6b,,Highland Valley,,British Columbia,mining,"Open-pit, concentrator","Copper, silver, molybdenum",215221530000.0,,,102400.0,,,900.0,,,,,,,,0.0,0.0,706560.0,0.0,0.0,26316.0,0.0,0.0,0,0.0,0.0,0.0,732876.0,0.0,0.9640921520148019,Cu (Mo),mining,"Open-pit, concentrator","Cu and Mo, Open-pit mining and beneficiation at Highland Valley",BC-MAIN-bf503b6b
QC-MAIN-30c1828c,GRP-b48ec279,Horne,CCR,Quebec,manufacturing,Smelter,"Copper anodes, precious metals, sulfuric acid",,,,,,,,,,,,,,,0.0,0.0,0.0,0.0,0.0,0.0,0.0,0.0,0,0.0,0.0,0.0,0.0,,,Cu,manufacturing,Smelter,,QC-MAIN-30c1828c
ON-MAIN-687b8c8d,,Island,,Ontario,mining,"Underground, concentrator",Gold,439008.0,4.0869999,,,,,,,,,,,,,211678.53756568654,0.0,0.0,0.0,0.0,0.0,0.0,0.0,0,0.0,0.0,0.0,211678.53756568654,1.0,0.0,Au,mining,"Underground, concentrator","Au, Underground mining and beneficiation at Island",ON-MAIN-687b8c8d
YT-MAIN-44857446,,Keno Hill Silver District,,Yukon,mining,"Underground, concentrator","Silver, zinc, lead",127307.0,,46.7354037195,,,,,1339.0,1225.0,,,,,,0.0,31412.266901987536,0.0,0.0,0.0,0.0,3453.7021679644554,2526.6648778381823,0,0.0,0.0,0.0,37392.63394779018,0.0,0.0,Ag (Zn),mining,"Underground, concentrator","Ag and Zn and Pb, Underground mining and beneficiation at Keno Hill Silver District",YT-MAIN-44857446
ON-MAIN-f8313ebd,,Kidd Creek,,Ontario,mining,"Underground, concentrator","Copper, zinc, silver, selenium, indium",1340000.0,,42.860623,22600.0,,,,38600.0,,,,,,,0.0,28807.91053699,155940.0,0.0,0.0,0.0,99561.5412124182,0.0,0,0.0,0.0,0.0,284309.4517494082,0.0,0.5484868654224212,"Cu (Zn, Ag)",mining,"Underground, concentrator","Ag and Cu and Zn, Underground mining and beneficiation at Kidd Creek",ON-MAIN-f8313ebd
QC-MAIN-9de9bb0d,,Kiena,,Quebec,mining,"Open-pit, concentrator","Gold, silver",191148.0,1.1053250795,0.090448978,,,,,,,,,,,,57248.25106142923,60.79347158314,0.0,0.0,0.0,0.0,0.0,0.0,0,0.0,0.0,0.0,57309.04453301238,0.9989391993518907,0.0,Au (Ag),mining,"Open-pit, concentrator","Au and Ag, Open-pit mining and beneficiation at Kiena",QC-MAIN-9de9bb0d
ON-MAIN-a3c56a83,,Lac des Iles,,Ontario,mining,"Open-pit, underground, concentrator","Platinum group metals, gold, nickel, copper, cobalt",3798000.0,0.59407685,,,,,,,,,0.6780563,0.7775875,,,30769.10249242475,0.0,0.0,0.0,0.0,0.0,0.0,0.0,0,34878.395623877,0.0,0.0,65647.49811630175,0.46870182985365116,0.0,Pt,mining,"Open-pit, underground, concentrator","Au and Pt and Pd, Open-pit and underground mining and beneficiation at Lac des Iles",ON-MAIN-a3c56a83
QC-MAIN-f9e41c2a,,Lamaque,,Quebec,mining,"Underground, concentrator","Gold, silver",838419.0,5.5074656415,2.266698666,,,,,,,,,,,,285248.91147807107,1523.51617437858,0.0,0.0,0.0,0.0,0.0,0.0,0,0.0,0.0,0.0,286772.42765244964,0.9946873687025972,0.0,Au (Ag),mining,"Underground, concentrator","Au and Ag, Underground mining and beneficiation at Lamaque",QC-MAIN-f9e41c2a
QC-MAIN-e51eda66,,LaRonde,,Quebec,mining,"Underground, concentrator","Gold, zinc, copper, silver, cadmium",1501500.0,7.34014606849999,2.266698666,2577.960375,,,,7702.438517,,,,,,,380169.1762455393,1523.51617437858,17787.926587500002,0.0,0.0,0.0,19867.011654052145,0.0,0,0.0,0.0,0.0,419347.63066147,0.9065728489889606,0.04241809250106339,"Au (Zn, Cu, Ag)",mining,"Underground, concentrator","Au and Ag and Cu and Zn, Underground mining and beneficiation at LaRonde",QC-MAIN-e51eda66
NL-MAIN-d9036091,,Long Harbour,,Newfoundland and Labrador,manufacturing,Refinery,Nickel,,,,,27700.0,,,,,,,,,,0.0,0.0,0.0,431843.0,0.0,0.0,0.0,0.0,0,0.0,0.0,0.0,431843.0,0.0,0.0,Ni,manufacturing,Refinery,"Ni, refining at Long Harbour",NL-MAIN-d9036091
ON-MAIN-1f126a43,,Macassa,,Ontario,mining,"Underground, concentrator","Gold, silver",441588.0,7.1082383725,,,,,,,,,,,,,368157.9496390728,0.0,0.0,0.0,0.0,0.0,0.0,0.0,0,0.0,0.0,0.0,368157.9496390728,1.0,0.0,Au,mining,"Underground, concentrator","Au, Underground mining and beneficiation at Macassa",ON-MAIN-1f126a43
ON-MAIN-8825d90d,,Magino,,Ontario,mining,"Open-pit, concentrator","Gold, silver",1165551.0,1.0264155,,,,,,,,,,,,,53161.2765575925,0.0,0.0,0.0,0.0,0.0,0.0,0.0,0,0.0,0.0,0.0,53161.2765575925,1.0,0.0,Au,mining,"Open-pit, concentrator","Au, Open-pit mining and beneficiation at Magino",ON-MAIN-8825d90d
NU-MAIN-5154702a,,Mary River,,Nunavut,mining,Open-pit,Iron ore,5600000.0,,,,,,,,,,,,,,0.0,0.0,0.0,0.0,0.0,0.0,0.0,0.0,0,0.0,0.0,0.0,0.0,,,U,mining,Open-pit,,NU-MAIN-5154702a
,GRP-21eee27d,Key Lake + McArthur River,,Saskatchewan,mining,"Underground, Concentrator",Uranium,98408.8710325432,,,,,,,,,,,,6123.492,,0.0,0.0,0.0,0.0,0.0,0.0,0.0,0.0,0,0.0,1051.4035764,0.0,0.0,,,U,mining,"Underground, Concentrator","U, Underground mining and beneficiation at Key Lake + McArthur River",GRP-21eee27d
SK-MAIN-60ba74c4,,McClean Lake,,Saskatchewan,mining,Concentrator,Uranium,,,,,,,,,,,,,8164.656,,0.0,0.0,0.0,0.0,0.0,0.0,0.0,0.0,0,0.0,1401.8714352,0.0,0.0,,,U,mining,Concentrator,"U, and beneficiation at McClean Lake",SK-MAIN-60ba74c4
ON-MAIN-7001a391,,McCreedy West,,Ontario,mining,Underground,"Copper, nickel, platinum group metals, gold, silver, cobalt",317660.0,,,,,,,,,,,,,,0.0,0.0,0.0,0.0,0.0,0.0,0.0,0.0,0,0.0,0.0,0.0,0.0,,,,mining,Underground,,ON-MAIN-7001a391
NU-MAIN-8b0264c9,,Meliadine,,Nunavut,mining,"Open-pit, underground, concentrator",Gold,1918143.0,11.3260595934999,0.8397945,,,,,,,,,,,,586612.1335441855,564.451077285,0.0,0.0,0.0,0.0,0.0,0.0,0,0.0,0.0,0.0,587176.5846214705,0.9990387030204059,0.0,Au (Ag),mining,"Open-pit, underground, concentrator","Au and Ag, Open-pit and underground mining and beneficiation at Meliadine",NU-MAIN-8b0264c9
BC-MAIN-ed23117f,,Mount Milligan,,British Columbia,mining,"Open-pit, concentrator","Copper, gold, silver",21680000.0,4.8021004685,,28060.108304,,,,,,,,,,,248715.83784858376,0.0,193614.74729760003,0.0,0.0,0.0,0.0,0.0,0,0.0,0.0,0.0,442330.5851461838,0.5622849655905816,0.43771503440941845,Au+Cu,mining,"Open-pit, concentrator","Au and Cu, Open-pit mining and beneficiation at Mount Milligan",BC-MAIN-ed23117f
BC-MAIN-3f490561,,Mount Polley,,British Columbia,mining,"Open-pit, concentrator","Gold, copper, silver",5948239.0,1.301183819,,13673.53084,,,,,,,,,,,67392.38919728257,0.0,94347.362796,0.0,0.0,0.0,0.0,0.0,0,0.0,0.0,0.0,161739.75199328258,0.4166717728124223,0.5833282271875776,Cu+Au,mining,"Open-pit, concentrator","Au and Cu, Open-pit mining and beneficiation at Mount Polley",BC-MAIN-3f490561
ON-MAIN-fefeaee4,,Musselwhite,,Ontario,mining,"Underground, concentrator","Gold, silver",1028000.0,5.59863,,,,,,,,,,,,,289970.59940505,0.0,0.0,0.0,0.0,0.0,0.0,0.0,0,0.0,0.0,0.0,289970.59940505,1.0,0.0,Au,mining,"Underground, concentrator","Au, Underground mining and beneficiation at Musselwhite",ON-MAIN-fefeaee4
BC-MAIN-aa76f6f2,,New Afton,,British Columbia,mining,"Underground, concentrator","Gold, copper, silver",3065000.0,2.0974023155,,21500.2608,,,,,,,,,,,108631.0412760041,0.0,148351.79952,0.0,0.0,0.0,0.0,0.0,0,0.0,0.0,0.0,256982.8407960041,0.42271710025276227,0.5772828997472378,Cu+Au,mining,"Underground, concentrator","Au and Cu, Underground mining and beneficiation at New Afton",BC-MAIN-aa76f6f2
ON-MAIN-fcb287a4,GRP-de097f20,Nickel Rim South,Integrated Nickel Operations,Ontario,mining,Underground,"Nickel, copper, cobalt, platinum group metals, gold",320160.0,,,,,,,,,,,,,,0.0,0.0,0.0,0.0,0.0,0.0,0.0,0.0,0,0.0,0.0,0.0,0.0,,,,mining,Underground,,ON-MAIN-fcb287a4
QC-MAIN-a555d9b9,,Niobec,,Quebec,mining,"Underground, concentrator",Niobium,2200000.0,,,,,,,,,,,,,6568.95,0.0,0.0,0.0,0.0,0.0,0.0,0.0,0.0,0,0.0,0.0,517501.881,0.0,,,Nb,mining,"Underground, concentrator","Nb, Underground mining and beneficiation at Niobec",QC-MAIN-a555d9b9
QC-MAIN-649d2873,,Niobec Converter,,Quebec,manufacturing,Convertor,Ferroniobium,,,,,,,,,,,,,,11700.0,0.0,0.0,0.0,0.0,0.0,0.0,0.0,0.0,0,0.0,0.0,921726.0,0.0,,,Nb,manufacturing,,"Nb, converting at Niobec Converter",QC-MAIN-649d2873
QC-MAIN-5ce331b8,,Nunavik Nickel,,Quebec,mining,"Open-pit, underground, concentrator","Nickel, copper, platinum group metals, cobalt",1082352.94117647,,,40926.0,58100.0,,,,,,,,,,0.0,0.0,282389.4,905779.0,0.0,0.0,0.0,0.0,0,0.0,0.0,0.0,1188168.4,0.0,0.2376678255371882,Ni+Cu,mining,"Open-pit, underground, concentrator","Cu and Ni, Open-pit and underground mining and beneficiation at Nunavik Nickel",QC-MAIN-5ce331b8
QC-MAIN-a97821c0,,Raglan,,Quebec,mining,"Underground, concentrator","Nickel, platinum group metals, copper, cobalt, gold, silver",1500000.0,,,5488.0,24232.0,498.0,,,,,4.41607493,,,,0.0,0.0,37867.200000000004,377776.88,4650.876001094251,0.0,0.0,0.0,0,227157.55094853468,0.0,0.0,647452.5069496289,0.0,0.05848645204635223,Ni+PGM+Cu (Co),mining,"Underground, concentrator","Cu and Ni and Co and Pt, Underground mining and beneficiation at Raglan",QC-MAIN-a97821c0
ON-MAIN-0aadf28f,,Rainy River,,Ontario,mining,"Open-pit, underground, concentrator","Gold, silver",8764000.0,7.89235760749999,,,,,,,,,,,,,408769.94303352403,0.0,0.0,0.0,0.0,0.0,0.0,0.0,0,0.0,0.0,0.0,408769.94303352403,1.0,0.0,Au,mining,"Open-pit, underground, concentrator","Au, Open-pit and underground mining and beneficiation at Rainy River",ON-MAIN-0aadf28f
BC-MAIN-8eb8be0d,,Red Chris,,British Columbia,mining,"Open-pit, concentrator","Gold, copper, silver",1139000.0,0.1555175,,3628.736,,,,,,,,,,,8054.738872362501,0.0,25038.2784,0.0,0.0,0.0,0.0,0.0,0,0.0,0.0,0.0,33093.0172723625,0.24339693192888107,0.7566030680711189,Cu+Au,mining,"Open-pit, concentrator","Au and Cu, Open-pit mining and beneficiation at Red Chris",BC-MAIN-8eb8be0d
ON-MAIN-7f050560,,Red Lake,,Ontario,mining,"Underground, concentrator","Gold, silver",841000.0,3.50536445,,,,,,,,,,,,,181553.81418305077,0.0,0.0,0.0,0.0,0.0,0.0,0.0,0,0.0,0.0,0.0,181553.81418305077,1.0,0.0,Au,mining,"Underground, concentrator","Au, Underground mining and beneficiation at Red Lake",ON-MAIN-7f050560
NL-MAIN-b64bae7a,,Scully,,Newfoundland and Labrador,mining,"Open-pit, concentrator",Iron,3560000.0,,,,,,,,,,,,,,0.0,0.0,0.0,0.0,0.0,0.0,0.0,0.0,0,0.0,0.0,0.0,0.0,,,Fe,mining,"Open-pit, concentrator",,NL-MAIN-b64bae7a
ON-MAIN-ed85ac94,GRP-de097f20,Strathcona,Integrated Nickel Operations,Ontario,mining,Concentrator,"Nickel, copper, platinum group metals, gold, silver, cobalt, selenium, tellurium",1025997.0,,,7154.0,7530.0,,,,,,,,,,0.0,0.0,49362.600000000006,117392.7,0.0,0.0,0.0,0.0,0,0.0,0.0,0.0,166755.3,0.0,0.29601817753318793,Ni+Cu,mining,Concentrator,"Cu and Ni, and beneficiation at Strathcona",ON-MAIN-ed85ac94
ON-MAIN-40ce0593,GRP-de097f20,Sudbury,Integrated Nickel Operations,Ontario,manufacturing,"Smelter, plant","Nickel-copper matte containing cobalt, gold, silver, platinum group metals",,,,13720.0,62251.0,,,,,,,,,,0.0,0.0,94668.0,970493.09,0.0,0.0,0.0,0.0,0,0.0,0.0,0.0,1065161.0899999999,0.0,0.08887669751436378,Ni+Cu,manufacturing,"Smelter, plant","Cu and Ni, smelting at Sudbury",ON-MAIN-40ce0593
ON-MAIN-f4fc3276,,Sugar Zone,,Ontario,mining,"Underground, concentrator",Gold,234671.0,1.2024302065,,,,,,,,,,,,,62277.63001333238,0.0,0.0,0.0,0.0,0.0,0.0,0.0,0,0.0,0.0,0.0,62277.63001333238,1.0,0.0,Au,mining,"Underground, concentrator","Au, Underground mining and beneficiation at Sugar Zone",ON-MAIN-f4fc3276
AB-MAIN-d3a4aba9,,The Cobalt Refinery Company Inc.,,Alberta,manufacturing,Refinery,"Nickel, cobalt, copper sulfide, ammonium sulfate",,,,,32268.0,3368.0,,,,,,,,,0.0,0.0,0.0,503058.12,31454.117212219753,0.0,0.0,0.0,0,0.0,0.0,0.0,534512.2372122197,0.0,0.0,Ni+Co,manufacturing,Refinery,"Ni and Co, refining at The Cobalt Refinery Company Inc.",AB-MAIN-d3a4aba9
MB-MAIN-e0a6250e,,Thompson (T-1 and T-3),,Manitoba,mining,"Open-pit, underground, concentrator","Nickel, cobalt, copper, platinum group metals, gold, silver",464705.882352941,,,4700.0,7900.0,,,,,,,,,,0.0,0.0,32430.0,123161.0,0.0,0.0,0.0,0.0,0,0.0,0.0,0.0,155591.0,0.0,0.20843107891844645,Cu+Ni,mining,"Open-pit, underground, concentrator","Cu and Ni, Open-pit and underground mining and beneficiation at Thompson (T-1 and T-3)",MB-MAIN-e0a6250e
ON-MAIN-28f3f0fc,GRP-dc07540b,Totten,Sudbury Operation,Ontario,mining,Underground,"Nickel, copper, platinum group metals, gold, silver, cobalt",414000.0,,,7783.0,6334.0,,,,,,,,,,0.0,0.0,53702.700000000004,98747.06,0.0,0.0,0.0,0.0,0,0.0,0.0,0.0,152449.76,0.0,0.35226490353280976,Ni+Cu,mining,Underground,"Cu and Ni, Underground mining at Totten",ON-MAIN-28f3f0fc
BC-MAIN-3bb6b7cd,,Trail,,British Columbia,manufacturing,Refinery,"Zinc, lead, bismuth, cadmium, indium, germanium, precious metals, liquid sulfur dioxide, sulfuric acid",,,,,,,,256000.0,,,,,,,0.0,0.0,0.0,0.0,0.0,0.0,660304.5220305456,0.0,0,0.0,0.0,0.0,660304.5220305456,0.0,0.0,Zn (Pb),manufacturing,Refinery,"Zn, refining at Trail",BC-MAIN-3bb6b7cd
QC-MAIN-02884fb5,,Westwood-Doyon,,Quebec,mining,"Underground, concentrator","Gold, silver",1034000.0,2.8926255,1.143178039,,,,,,,,,,,,149818.1430259425,768.3642553530699,0.0,0.0,0.0,0.0,0.0,0.0,0,0.0,0.0,0.0,150586.50728129558,0.994897522565433,0.0,Au (Ag),mining,"Underground, concentrator","Au and Ag, Underground mining and beneficiation at Westwood-Doyon",QC-MAIN-02884fb5
ON-MAIN-7607a50e,,Young-Davidson,,Ontario,mining,"Underground, concentrator",Gold,2878047.0,5.75725784999999,,,,,,,,,,,,,298186.4330548592,0.0,0.0,0.0,0.0,0.0,0.0,0.0,0,0.0,0.0,0.0,298186.4330548592,1.0,0.0,Au,mining,"Underground, concentrator","Au, Underground mining and beneficiation at Young-Davidson",ON-MAIN-7607a50e
NL-MAIN-2d8801d6,,Voisey’s Bay,,Newfoundland and Labrador,mining,"Open-pit, underground, concentrator","Nickel, copper, cobalt",794117.647058823,,,9600.0,13500.0,,,,,,,,,,0.0,0.0,66240.0,210465.0,0.0,0.0,0.0,0.0,0,0.0,0.0,0.0,276705.0,0.0,0.2393885184582859,Cu+Ni,mining,"Open-pit, underground, concentrator","Cu and Ni, Open-pit and underground mining and beneficiation at Voisey’s Bay",NL-MAIN-2d8801d6
,GRP-0a2c0d69,,Meadowbank complex,Nunavut,mining,"Open-pit, underground",Gold,3842649.005728,13.4263118300476,3.8879375,,,,,,,,,,,,695390.7811657524,2613.199431875,0.0,0.0,0.0,0.0,0.0,0.0,0,0.0,0.0,0.0,698003.9805976275,0.996256182622859,0.0,Au (Ag),mining,"Open-pit, underground","Au and Ag, Open-pit and underground mining at Meadowbank complex",GRP-0a2c0d69
,GRP-0d911886,,Porcupine complex,Ontario,mining,"Open-pit, underground",Gold,2911000.0,8.08691,,,,,,,,,,,,,418846.42136285,0.0,0.0,0.0,0.0,0.0,0.0,0.0,0,0.0,0.0,0.0,418846.42136285,1.0,0.0,Au,mining,"Open-pit, underground","Au, Open-pit and underground mining at Porcupine complex",GRP-0d911886
,GRP-147b3123,,Timmins Operation,Ontario,mining,"Underground, concentrator",Gold,1574000.0,1.2054783495,,,,,,,,,,,,,62435.50289523069,0.0,0.0,0.0,0.0,0.0,0.0,0.0,0,0.0,0.0,0.0,62435.50289523069,1.0,0.0,Au,mining,"Underground, concentrator","Au, Underground mining and beneficiation at Timmins Operation",GRP-147b3123
,GRP-14bfbb82,,Seabee Gold Operation,Saskatchewan,mining,"Underground, concentrator",Gold,122000.0,,,,,,,,,,,,,,0.0,0.0,0.0,0.0,0.0,0.0,0.0,0.0,0,0.0,0.0,0.0,0.0,,,Au,mining,"Underground, concentrator",,GRP-14bfbb82
,GRP-a13779f8,,Snow Lake,Manitoba,mining,"Underground, concentrator","Gold, zinc, copper, silver",2123641.0,5.8276450705,26.4915663305,12154.0,,,,34642.0,,,,,,,301832.00786849105,17805.776477718966,83862.6,0.0,0.0,0.0,89352.61426633658,0.0,0,0.0,0.0,0.0,492852.9986125466,0.6124179191730442,0.1701574307878526,Au+Zn+Cu+Ag,mining,"Underground, concentrator","Au and Ag and Cu and Zn, Underground mining and beneficiation at Snow Lake",GRP-a13779f8
