Commodity,Climate change EQ marine LT (PDF.m2.yr),Climate change EQ marine ST (PDF.m2.yr),Climate change EQ terrestrial LT (PDF.m2.yr),Climate change EQ terrestrial ST (PDF.m2.yr),Fisheries impact (PDF.m2.yr),Freshwater acidification (PDF.m2.yr),Freshwater ecotoxicity LT (PDF.m2.yr),Freshwater ecotoxicity ST (PDF.m2.yr),Freshwater eutrophication (PDF.m2.yr),Ionizing radiations EQ (PDF.m2.yr),Land occupation biodiversity (PDF.m2.yr),Land transformation biodiversity (PDF.m2.yr),Marine acidification LT (PDF.m2.yr),Marine acidification ST (PDF.m2.yr),Marine ecotoxicity LT (PDF.m2.yr),Marine ecotoxicity ST (PDF.m2.yr),Marine eutrophication (PDF.m2.yr),Photochemical ozone EQ (PDF.m2.yr),Terrestrial acidification (PDF.m2.yr),Terrestrial ecotoxicity LT (PDF.m2.yr),Terrestrial ecotoxicity ST (PDF.m2.yr),Thermally polluted water (PDF.m2.yr),Water availability freshwater (PDF.m2.yr),Water availability terrestrial (PDF.m2.yr)
Copper Mountain,9.696595817810394,2.687051409098572,1.3488495495259722,0.3737835577746586,3.0507229275490346e-19,0.011289637385054455,1.9543034590733201,0.05522239622336131,0.0048038326212822904,4.9066658809579025e-11,0.22900602624989014,1.3625586805243897,0.30653656819320957,0.029710357423156263,6.773874699786526e-07,4.5759795439864606e-07,0.00355553310807914,0.08362766353997096,0.0847877841319252,0.024724914897050285,0.01670232519387016,0.00036701581313344274,4.5918978824177354e-05,3.386410089350693e-05
Gibraltar (Cu),7.765085400538051,2.3046903565255596,1.0801658760899793,0.32059504282634577,4.341098455295177e-19,0.013240860970509739,0.13247265874889702,0.0594537212442659,0.0002539745551279834,6.365076539187298e-11,0.24043426200803575,0.9231472522569912,0.2473550236013463,0.024979866035867108,6.768248823115964e-07,4.931671614021528e-07,0.0040330712160849165,0.08127679360680103,0.09675821819807606,0.02470432387093753,0.018000601293621375,0.0004930275537315753,4.028163021242443e-05,4.5739924140106295e-05
Highland Valley (Cu),4.916166602728977,1.2614984273390946,0.6838656839595489,0.1754813357612129,1.407820797326315e-19,0.004904719032678336,0.04657646324029999,0.02552831403988869,8.331367241887833e-05,2.2516624069928356e-11,0.1474248338244977,1.1231184331727948,0.15314418226650994,0.013735317135739555,2.83299563120783e-07,1.9018578548599502e-07,0.001540214417581726,0.03720051669064341,0.036609648407522545,0.01034051539358773,0.006941781132087872,0.00016750502510665919,3.052325523917655e-05,1.5604805665259342e-05
Mount Milligan,8.474254743578356,2.5151256449626076,1.178815212312389,0.3498677430231941,3.9521636980350683e-19,0.009931976698952735,4.974067452380505,0.06930933040141213,0.007031605626479492,5.530651274658655e-11,0.3170852940567973,1.1225497286423172,0.26945124323897934,0.027621928213034743,9.060226483827898e-07,7.57872677643041e-06,0.003982217729542854,0.05701655602021668,0.0718535514231772,0.03307028091886483,0.27662351764928533,0.0003333366502747367,0.00010565214251845182,4.817824911273533e-05
Mount Polley,9.465467313109906,2.7495478227169516,1.316698306737002,0.38247715118778747,3.620824966303989e-19,0.13715478965273395,0.16347649727440605,0.05841225936137506,0.00029600912948078386,5.148351567377004e-11,0.23601466753154593,1.204596830695637,0.3049700374743955,0.0304650724408167,6.639706965902683e-07,1.3743562561497773e-05,0.03860563026318853,1.3015733536104557,1.0792421769600573,0.024235780110666395,0.5016400152562734,0.00037103531825053197,5.1824050976498424e-05,3.8384737345687264e-05
Goldex (Cu),9.508648327978449,3.1687751421748813,1.3227050140026049,0.44079396650454955,1.710817230176497e-18,0.019615684401533,0.20101479413547385,0.0808975539290222,0.0003684877911967619,3.455279553688285e-10,0.31350763557578387,0.4260439508457083,0.2903352902641271,0.031316238003748026,9.033654589081162e-07,7.672573923000051e-07,0.0034014729739867194,0.036512436827904005,0.1293638912998652,0.03297321320083725,0.02800489461391747,0.001802336219686414,5.92470481076534e-05,0.00010127133245804924
Kidd Creek,1.929646491839249,0.4928498265099385,0.26842438849825295,0.06855810825166544,3.462348574779594e-20,0.007644764030070617,0.32320545727989153,0.003147970659745351,1.978302881329994e-05,2.6870999849260354e-12,0.032108231072087816,0.2468252197991087,0.061144929422059985,0.005839319171995632,4.492147913234485e-08,3.3720906973852736e-08,0.002370766133495762,0.08050950157920589,0.062365594848948394,0.0016396824507527578,0.0012308130948301666,1.1318556337310524e-05,9.512102503320352e-07,3.7194492908948486e-06
LaRonde (Cu),4.986157089775072,1.532290966035421,0.6936017382589346,0.2131500601653535,4.69335945749325e-19,0.014443218815134981,0.09648006705522022,0.033494482463089364,8.363920434333852e-05,2.926085891356993e-10,0.2336769599571217,0.4387458355369201,0.15358467488876137,0.01565142061222573,3.762470770239309e-07,3.5923956061611845e-07,0.004154695731600632,0.10586116044625044,0.10877265128044082,0.013733485318169175,0.013112243756330714,0.001633705748523141,3.984387388632736e-05,2.7108624141472614e-05
New Afton,2.6221813507228178,0.7879626188608599,0.36475977623447586,0.10960991299693809,1.5019588456180734e-19,0.0019836740573356505,0.03942656483314701,0.018097935770851257,0.00015741684242425753,1.7573046320721674e-11,0.08272061421165179,0.45994457252894416,0.08172532130233139,0.008408192576798859,2.002735273443939e-07,1.5550398392204852e-07,0.00045847986319880223,0.007397139571715299,0.013631839014326819,0.0073100647159643345,0.005675895360562429,0.00012760032162838645,1.8798866199583298e-05,1.4617183589040553e-05
Snow Lake (Cu),7.655209739188489,2.4088197332683428,1.0648815681713952,0.33508000701456514,2.3778275507940497e-19,0.007991061661919216,0.10574630834280457,0.032066684975234794,4.7703649512192796e-05,1.7460055434024282e-10,0.13949458740012932,0.0914417571946897,0.2328299717800367,0.025274254698769993,5.259522889870299e-07,4.568889248255526e-07,0.005814410785239465,0.018022932828501884,0.0517514919115347,0.019197588131047588,0.016676445619192747,0.004432263854556402,0.00011750839333788538,7.753154243589689e-05
Casa Berardi,79784.49863416809,24159.658847548206,11098.460386974712,3360.740779958439,7.621730137438145e-15,69.65323853809892,3154.278170164147,426.1617671243211,0.5532324872828619,2.1882914160308147e-06,2674.2920159989726,11083.78359827572,2469.7809250407217,252.12697785564296,0.004516345029567227,0.0035786901187250834,125.4537150311694,357.0932789525823,503.8570981047418,164.85270945587527,130.62218779040268,12.090199065266795,0.2485635809699005,0.3587899587221478
Hemlo,50960.29355194093,14954.167326753923,7088.85573269432,2080.2065227932117,3.556764929492197e-15,236.15744529996635,1244.4293558964196,352.36567611940984,1.6044687621723779,4.803663738171769e-05,849.524489544194,5035.446943663816,1772.902014887386,179.2955596680193,0.004996360946860764,0.0041157877907338145,101.30320578469416,2120.0275271673754,1853.4493482247265,182.37155739108144,150.22625196113415,3.3071238320010323,0.2179976427877719,0.3303215664329305
Meliadine,71613.724218516,22030.637913240727,9961.86091604518,3064.582312415178,5.976357052276055e-15,842.9334273574747,497.42970394423844,184.6519564430577,1.005919693644326,1.780431511869154e-07,493.5113561401541,3129.46453095251,2287.7585578622407,248.16542592680497,0.0020819078105991096,0.0019125624696411307,255.3102649970814,8430.681980371517,6778.796288504567,75.9908912701809,69.808529644408,0.5780358031527364,0.0535550337641153,0.30425997597801124
Rainy River,227407.95137741754,70483.19426416626,31633.690539900697,9804.598104076702,3.0860210497670194e-14,267.96666105828444,6781.1708488252925,1519.8057382723446,4.102487456991341,0.0002853872670998525,3590.904578213283,18615.576363371452,6901.984944920573,706.5162113286443,0.024466550472506097,0.016108661718912964,56.99696650904926,1001.9292983621036,1892.447136699223,893.0486410775536,587.9661463681574,18.3843196286689,1.2026000681403275,1.9776131600931186
Meadowbank complex,113619.06376274338,37195.8486731515,15805.03350279674,5174.146138086126,1.0447843213498506e-14,1305.8593284850667,1104.617959617333,745.7547851389953,1.635766618302394,3.9195511516151816e-07,655.9748421003985,3161.0863552939377,3598.510832758663,390.61475890887635,0.007897086230951353,0.006258913042476299,371.0625872326676,12251.258563771777,10328.872173735203,288.24663187399415,228.45032343218946,1.0648620527261268,0.11397499714034964,0.5705915596187211
Porcupine complex,101256.76234497345,31319.400490758133,14085.369746446599,4356.700023162124,4.1881010747185196e-15,72.62815398239849,1248.9091555444031,476.89692976919815,1.0024390679285344,6.911809202767392e-05,1580.9061707738013,12183.975874328591,3215.872617258162,349.08753820640084,0.006882754841576235,0.004143294980201845,17.607326629159772,426.54040834232114,523.9960496646647,251.2269968745002,151.23026522832095,4.485925791636413,0.5933268105981782,0.39694341415201745
Canadian Malartic,72735.42494266598,22941.27287047654,10117.89564444612,3191.2566211275393,7.52729817516924e-15,294.80895567841446,1420.955974572218,547.0034467385933,2.313082712177542,1.6332626690504994e-06,1856.3031096117193,5002.007084917089,2301.0309026046034,243.62391380660267,0.005811801186636871,0.024078190830678085,75.18789876571822,2069.2019377510906,2197.0467405420186,212.13288634169584,878.8539374170945,8.224693192221748,0.41066661891532874,0.49235559036782095
Detour Lake,141864.19567495913,46042.514468982896,19734.085933001836,6404.76576861705,1.5570367965091343e-14,582.1778948923352,3189.5197381451458,1092.8285139948453,5.516005806520173,9.862844588038339e-05,1809.985152493053,4534.531145215989,4470.528068733995,481.54183886316866,0.014392921063339465,0.011820676653127249,143.94326895879146,3940.1418586911427,4318.954339412432,525.3504598789308,431.4546922497932,7.919197841236277,0.6326253236822268,1.114432795150658
Kiena,36959.34530717431,12475.015656994012,5141.247171715608,1735.3429598959983,6.607378056086858e-15,42.23510589524733,458.19518993713183,261.5306206025309,0.4798413220914839,1.476212595073237e-06,2502.3393956765403,16576.55116800909,1142.057828525408,123.9689968291374,0.0030050965939975496,0.002460590144882205,6.014622487692815,137.82719227014786,295.06258095461936,109.6870806697469,89.81153936224582,8.168216342443767,0.19031108785909367,0.29554653620772847
Brucejack,241460.79914443858,76741.07548180362,33588.518523819046,10675.10361539126,5.582194937227595e-15,590.5794128312544,2134.542451061167,1611.780701618325,1.476382388587877,2.5697900846356046e-06,1382.2988756529896,2581.7530930179655,7663.042031820033,831.5526927093408,0.019495127972265353,0.012810074996902851,161.76943484161657,5363.386406139557,4604.464301146272,711.5771429004842,467.56773325778045,26.042319188388394,1.344104575804323,0.8435610457245911
Eagle River,46115.7706921494,15079.363616953377,6414.956054384284,2097.622014730837,6.493634341101011e-15,280.1920426960346,2574.516920688516,299.1433484471141,0.5490689473058035,4.4500058055924716e-05,341.2661421712418,1024.3700684441644,1420.552963764711,152.79366673061625,0.0045565612719651585,0.0036547010674490244,84.43815069041017,2742.1381549252983,2255.8073063170737,166.3177454329941,133.39658685007936,2.8431285980684997,0.15556112240167863,0.36567789616372426
Éléonore,57904.910553958354,18724.08571570928,8054.889920637686,2604.6228057535313,4.38228465352384e-15,151.17040064705014,858.567725328518,382.5782661382472,1.2013168598412236,1.925416985005627e-06,1490.3926949838822,1793.074818270713,1836.807885261455,199.3848318257902,0.0040931282214994105,0.0031105849070029116,33.28712424623703,1282.279115800706,1169.6200751898734,149.40215688122163,113.53634835173834,10.361666555296543,0.24383969714151021,0.33825558674583045
Goldex (Au),71374.30534723656,23785.623007763556,9928.556435929713,3308.7103505166706,1.2841824469120202e-14,147.2402592185726,1508.8675749930878,607.2373722397565,2.765961976137142,2.593619695188268e-06,2353.2671654356263,3197.9931149816607,2179.329693332,235.06755687527902,0.006780888195687514,0.00575922687578535,25.532311438113673,274.07153132096863,971.0378957763853,247.50522611050158,210.2117794271383,13.528788754080773,0.44472323719570284,0.7601680908617193
Island,40558.26936680732,12718.449843862702,5641.877221330246,1769.2059834021281,2.3084677935379664e-15,536.4217615027492,940.8571170255656,245.31787299599105,0.36308928945273095,6.299325580168674e-05,356.7822743214713,1208.314295400482,1358.8288227981802,145.47508683388398,0.004278705029737076,0.002814008056762068,194.9264520776319,5733.763698807898,4376.921361245526,156.17687663490048,102.71129226466316,3.6622451540391046,0.20231757293381492,0.19953324635450387
LaRonde (Doré),37427.34811811212,11501.761070376155,5206.348946843129,1599.9579182414413,3.522953481906416e-15,108.41443195527194,724.2036515743284,251.41800835058385,0.627816894467512,2.1963935600628335e-06,1754.0379579723226,3293.3365169356493,1152.845165786343,117.48349639959574,0.0028242051627781293,0.0026965424301327633,31.18619151918861,794.6204955752696,816.4748709949297,103.08699391195945,98.4237971523751,12.26300564669565,0.2990781249206691,0.2034841442363268
Macassa,124509.7173156244,43554.46466352941,17319.982962274342,6058.664443718416,4.1140244137028126e-14,309.8572970320773,3076.898070558204,1036.3584811349226,3.7482939337531516,3.107881638569195e-05,1113.5873770710764,5232.024329896147,3590.8217673566187,384.6892058787795,0.012794522309613593,0.012290666322434855,93.9775486980196,1696.569098438775,2341.273838900299,467.00755999172577,448.6093156569459,4.07937711180354,0.3132463474147187,1.8390993259523123
Musselwhite,60310.457778887445,19205.386754506675,8389.514713116747,2671.574412119977,4.185985250165065e-15,324.0972287124514,1092.903170777143,388.0301370991485,0.6814359858078023,7.046157976022263e-05,544.158847231949,2027.8798421939339,1941.5440242628517,210.75043041185515,0.006016390766994963,0.0034662880857715137,91.91920285215394,3262.4200841943434,2603.8078116943066,219.60310244555833,126.51951373403791,4.371202254164519,0.25946641805510495,0.3238013669815755
Red Lake,69425.32759235178,20157.813388312174,9657.443026652814,2804.0621697523757,3.1200725775892345e-15,127.07225015329308,1129.4095183181867,406.7475338085334,1.007920470403477,6.640695791522058e-05,1294.1431180656527,10325.37273076199,2518.4843449853797,255.4781524810472,0.00608053183706647,0.003521252185566216,11.498060227410654,940.7115519071757,950.6884443042023,221.94915943899647,128.52570351560723,4.241909075035144,0.4826550675395609,0.33349822261532114
Seabee Gold Operation,279007.1797414002,84309.1341857336,38811.42551144529,11727.861993705228,3.0842441737026037e-15,329.5899908247226,930.047341946655,1008.6832655920215,0.970221603135532,4.368459520966733e-07,485.30855703854024,2930.2522708745787,8887.432952728797,964.7532399990308,0.010903783644798477,0.006425883995598423,33.37572554288399,1802.9307953621396,2323.681652084614,397.99055116989985,234.5447635097486,2.95164464962442,0.17222990340905042,3.0804966447870132
Snow Lake (Doré),57461.92880739607,18081.206493561138,7993.2687598785105,2515.194771538073,1.784857144801597e-15,59.98291776367807,793.7583745065904,240.70059996769808,0.35807559039350023,1.3105956519636065e-06,1047.081439171544,686.3848304781047,1747.6803013903343,189.7149096899426,0.003947930110703151,0.003429523132635581,43.64443131082689,135.28466517321905,388.45970856475697,144.1019229736953,125.17759331329306,33.26968665090152,0.8820475389838123,0.5819712482188503
Timmins Operation,179542.28168604258,55829.086982070716,24975.313887157048,7766.1315591843395,6.529028847485762e-15,282.05452791330356,36474.611773283425,1808.958204386418,996.5172957357605,0.00013778507976745381,1007.8770431526591,3009.8018695653514,5766.892584173298,625.9919524302269,0.016808783656329564,1.5647663983903743,58.243099632538055,2073.2024965120518,2022.8389664961123,614.0226651557432,57113.97141290725,8.646245907232458,0.6321035742648178,0.6725206249734104
Westwood-Doyon,57541.113637221526,18228.41734356112,8004.283797095594,2535.672627419953,1.0899297386803837e-14,76.70681721043452,773.9643226994694,392.5782661664819,1.0648285236295494,2.1026094062182834e-06,2449.8471898391485,10834.0578233997,1712.546242863234,172.91424864067255,0.004501479184570481,0.003751052916349211,13.941296624384588,197.5408188125292,527.6204550663579,164.3057314042027,136.91343018587455,11.3057975500347,0.23382540489387793,0.5241858844474665
Nunavik Nickel,5.009030376786355,1.5934883214011122,0.6967835360074014,0.22166294706647116,9.668030542252599e-20,0.02268150761022699,0.14600923889245296,0.05206379250284102,0.00024339752429830875,8.665531425131689e-11,0.08204829959167922,0.2375425438232722,0.16114507954337326,0.017437949299280584,5.709461556905716e-07,3.9733929629443487e-07,0.0065059401505344104,0.21121181447426612,0.17848733245575163,0.0208397070690611,0.014502884319002414,0.0004683585936901424,1.2988513941237893e-05,3.5702248989698e-05
Thompson,4.95650018540416,1.3249377616949412,0.6894763049001635,0.1843060941316054,4.8443446086361e-20,0.00989268710982898,0.1524122006570513,0.12294116945391925,0.00012519623151640148,3.6003184772256254e-11,0.13211068129373393,1.2313903105918331,0.1552763711222891,0.01458100741804354,4.1025871936276423e-07,3.1307440074910843e-07,0.004631476613438748,0.08275498240158667,0.07593515449374674,0.014975525955415826,0.01142721549252003,0.0005350965726838472,1.5279401827002215e-05,2.5199634660667875e-05
Voisey's Bay,14.273444409883748,4.511988975817166,1.985514225706054,0.6276423610660584,7.569832612311311e-20,0.1594129889571537,0.1942522056021882,0.09260079304138275,0.00021655200721846265,3.7669797222129456e-11,0.11966436273880594,0.6328604961472788,0.452442943742955,0.048939779900926676,9.909892056161606e-07,7.594429496026933e-07,0.09455300290708603,1.7095082296263642,1.3005203828951926,0.036171350456608346,0.027719667326136725,0.0022087860159251686,5.2213328763563854e-05,2.915796983256971e-05
Raglan,7.54224868019493,2.36644976294906,1.0491680646000385,0.32918611398008674,1.1880727910107402e-19,0.07099692536443267,0.11952239369041193,0.052975085441255156,0.0001892796017575745,1.7786967227213192e-10,0.12763572005901705,0.14992619279168432,0.24676513800609837,0.02678579241992431,5.451749549045271e-07,7.2941036253257e-07,0.022304102013838915,0.754758031881614,0.577337956828261,0.01989902452840711,0.026623477661055744,0.0009865745336286244,2.1841156815164027e-05,2.4149405259668274e-05
Gibraltar (Mo),32.905955083608475,9.766542612537336,4.577398440331459,1.3585795325025949,1.839619126367557e-18,0.05611054586732872,0.5613768679559206,0.2519459094011116,0.001076263160397648,2.697316416529747e-10,1.0188837534426793,3.9120036813179473,1.0482116927319693,0.10585670449683485,2.8681679892159796e-06,2.0898851423576904e-06,0.017090869917025672,0.34442513203533426,0.4100304701064518,0.10468904553249675,0.07628080728263939,0.0020892935073334507,0.00017070070660187182,0.00019383120980892346
Highland Valley (Mo),20.83314629828947,5.34582802174851,2.8980046840561675,0.7436339369719951,5.965895605903255e-19,0.020784635450448473,0.19737619622195604,0.10818085575122925,0.0003530567731066707,9.541827121585132e-11,0.6247394451452736,4.759417932532126,0.648976206122784,0.0582058933643975,1.2005332197485555e-06,8.05946714422997e-07,0.006526937640577712,0.15764392925720166,0.15514001741171102,0.04381980721244336,0.029417054914767825,0.0007098328629124069,0.00012934782304938833,6.612818940582745e-05
Kidd Creek (Zn),0.721328265654974,0.18423400712623758,0.10034070977963967,0.025627958710347617,1.294273332348197e-20,0.002857717570545605,0.12081862761480182,0.0011767545688525201,7.395167203195694e-06,1.0044747934610363e-12,0.012002496720001352,0.09226665003401206,0.022856811359787566,0.002182817385122398,1.679226441919224e-08,1.2605337076489773e-08,0.0008862248728247869,0.030095555133195506,0.023313114114149356,0.000612935767218422,0.00046009479966010493,4.231031459716332e-06,3.555754227134851e-07,1.390381108226187e-06
LaRonde (Zn),1.8638938112091152,0.5727913499720722,0.2592778294201383,0.07967841187802116,1.7544420964273013e-19,0.005399073229354164,0.036065571059437807,0.012520696538209591,3.126548115290052e-05,1.0938109802484785e-10,0.08735164816574972,0.1640092089197862,0.05741205492825265,0.00585071536907701,1.406463131541253e-07,1.3428866888984727e-07,0.001553082246232763,0.03957235379262862,0.04066070857882042,0.005133765003667036,0.004901536337414888,0.0006107015825485417,1.489418564261727e-05,1.0133575247044188e-05
Snow Lake (Zn),2.861622207609587,0.9004497956282316,0.39806730942376867,0.12525749422767596,8.888645154567405e-20,0.002987168261608157,0.039529418120289844,0.011986965926242746,1.783227796795482e-05,6.526807754257081e-11,0.05214498664170921,0.0341821815661607,0.08703503111405186,0.009447862434867376,1.9660816677913704e-07,1.7079133564921707e-07,0.0021735064817958137,0.006737219066805764,0.019345416259520683,0.007176321290084732,0.006233883700006398,0.00165684090471928,4.392624608211271e-05,2.8982352092724813e-05
Key Lake + McArthur River,126.80156994303995,39.055600299417705,17.638792273177653,5.432847757498283,3.079513181345268e-19,0.16343727299520103,0.45033977974309936,0.5829744129795941,0.00019800074736376366,1.98219935510927e-10,0.9184215076545507,9.865665007455593,4.043684280630997,0.4389494725103833,5.979551875833111e-06,3.378148114982463e-06,0.08296850786698456,1.061726597069626,1.150741557677771,0.21825558989015348,0.12330240487323835,0.0014264000244115658,0.001763346771372496,0.0015816874193198627
Cigar Lake + McClean Lake,69.45872043453485,21.47448472787344,9.662088108093725,2.987218358610988,1.6960211253107355e-19,0.15452528539590965,0.22951547172122577,0.3090087146474575,0.00010880004265777042,1.0899673863813786e-10,0.3535192980910709,3.681899783888943,2.199019206164986,0.23870908612837896,3.278556558154352e-06,1.849486784038654e-06,0.05256941630379082,0.7249753976247248,0.9826494038655628,0.11966963500009842,0.06750626690646552,0.0007955833491342898,0.000596728395527703,0.0008826882530573538
Market for Doré,85031.18978870669,26991.394484411358,11828.303817408656,3754.650703388397,8.556031267544842e-15,354.6765617597244,2235.751448679567,558.640507335644,21.314301071561385,3.462364028897038e-05,1378.4935803400933,4828.88945472528,2662.6738918067767,283.7819714783522,0.0070467043759953165,0.03858741175345932,102.84313105876382,2855.7236318738865,2720.9925133251772,257.2188511216998,1408.4404815956523,10.66384529320513,0.4434960132401642,0.6234233198872183
Market for Cu concentrate,6.750742577198372,1.9304877436447958,0.9390652394617318,0.26854141110896323,2.7221684135766504e-19,0.015588680625046165,0.719697882625098,0.04252989230755709,0.0011434236951507562,4.991215262628952e-11,0.18584622101249462,0.983964660251468,0.2126495076013762,0.02097077739985541,5.047127104390281e-07,1.6937991687939082e-06,0.004788632051884875,0.125713901471842,0.11877823563198683,0.018422237465929425,0.061823667743622295,0.0005062089799148615,4.504919456817854e-05,3.141635711324744e-05
Market for Ni concentrate,4.845171834837427,1.5195612584982365,0.6739899165690703,0.21137928788050445,6.798199868435375e-20,0.03617501553337293,0.10440935059632561,0.04483712649653457,0.00015545858355488188,6.960991418299305e-11,0.07222765020601242,0.24517007224763834,0.1557077196285468,0.016740904981082803,4.3259645163464683e-07,3.6725730983904707e-07,0.015322496134554029,0.37279557593306356,0.29193873023839423,0.015789943719637215,0.013404891677445175,0.0005847702400112039,1.4484470323075128e-05,2.23308551459951e-05
Market for U concentrate,94.0342296809181,29.00924925909021,13.080675929328697,4.0353453432866475,2.2889463486183253e-19,0.15834471329590388,0.32415446865370545,0.4264225957368101,0.00014702891972546013,1.4723525521184026e-10,0.595620257987601,6.332085015759611,2.989590025754202,0.3245264025444132,4.436126089224697e-06,2.5046274160703826e-06,0.06559760009841648,0.8692973632836289,1.054688928357391,0.161920762510568,0.0914188997130481,0.0010659333792204689,0.0010967077222119714,0.001182259353594848
Market for Mo concentrate,25.38769059924052,7.013570864664442,3.5315667157018367,0.975626094499141,1.065530411505512e-18,0.0341115610090444,0.334697776847361,0.1624171413928304,0.0006258910064834955,1.611791046740435e-10,0.7734329053855442,4.439725488375663,0.7995903459312806,0.07618246651635953,1.8296590984406669e-06,1.2903206951351811e-06,0.010512248631656881,0.22810833217828624,0.2512990703157358,0.06678311653205704,0.04709670511579025,0.0012302432105089247,0.0001449484627564085,0.0001143049703135509
Market for Zn concentrate,1.7176252777123397,0.5191409728486052,0.23893107615692624,0.07221535039140979,5.991657902721109e-20,0.0031036064193064807,0.07669550541873305,0.0067706831480070125,1.3903401248276506e-05,3.818861580761789e-11,0.03576082530472705,0.07302687763272359,0.052739084962618865,0.005549286486131282,1.0381677272360741e-07,9.038841537395845e-08,0.001476182975669817,0.02065886892677174,0.022887190127561265,0.0037893889136805785,0.0032991771306804603,0.0007566953031443901,2.005433653712394e-05,1.3802638850370265e-05
