main_id,facility_group_id,flow_type,subflow_type,value_MJ,site_id,activity_name,metal,mass_t,allocation_factor,value_normalized,facility_type,functional_unit,normalization_key
BC-MAIN-857b7b89,,Energy,Acetylene,18475.650648,BC-MAIN-857b7b89,"Au, Underground mining and beneficiation at Brucejack",Au,0.9020015,1.0,20482.948917490714,mining,"Au, usable ore",metal_economic
BC-MAIN-857b7b89,,Energy,Aviation fuel,72676110.7896,BC-MAIN-857b7b89,"Au, Underground mining and beneficiation at Brucejack",Au,0.9020015,1.0,80572050.92186654,mining,"Au, usable ore",metal_economic
BC-MAIN-857b7b89,,Energy,Diesel,287042447.23154205,BC-MAIN-857b7b89,"Au, Underground mining and beneficiation at Brucejack",Au,0.9020015,1.0,318228347.9922617,mining,"Au, usable ore",metal_economic
BC-MAIN-857b7b89,,Energy,Electricity consumption|Generated on-site,86225117.39559999,BC-MAIN-857b7b89,"Au, Underground mining and beneficiation at Brucejack",Au,0.9020015,1.0,95593097.5675761,mining,"Au, usable ore",metal_economic
BC-MAIN-857b7b89,,Energy,Electricity consumption|Grid electricity,569009584.8,BC-MAIN-857b7b89,"Au, Underground mining and beneficiation at Brucejack",Au,0.9020015,1.0,630829976.2250949,mining,"Au, usable ore",metal_economic
BC-MAIN-857b7b89,,Energy,Gasoline,13568450.0,BC-MAIN-857b7b89,"Au, Underground mining and beneficiation at Brucejack",Au,0.9020015,1.0,15042602.47904244,mining,"Au, usable ore",metal_economic
BC-MAIN-857b7b89,,Energy,Propane,42071041.3,BC-MAIN-857b7b89,"Au, Underground mining and beneficiation at Brucejack",Au,0.9020015,1.0,46641875.09666003,mining,"Au, usable ore",metal_economic
BC-MAIN-857b7b89,,Energy,Used oil,2344024.4,BC-MAIN-857b7b89,"Au, Underground mining and beneficiation at Brucejack",Au,0.9020015,1.0,2598692.352507174,mining,"Au, usable ore",metal_economic
QC-MAIN-e7e6a960,,Energy,Diesel,2557832000.0,QC-MAIN-e7e6a960,"Au and Ag, Open-pit mining and beneficiation at Canadian Malartic",Au,18.7851143425,0.9933618909341001,135258843.0331377,mining,"Au, usable ore",metal_economic
QC-MAIN-e7e6a960,,Energy,Diesel,2557832000.0,QC-MAIN-e7e6a960,"Au and Ag, Open-pit mining and beneficiation at Canadian Malartic",Ag,9.6731885,0.00663810906589986,1755281.3933325885,mining,"Ag, usable ore",metal_economic
QC-MAIN-e7e6a960,,Energy,Electricity consumption|Grid electricity,2428287789.6,QC-MAIN-e7e6a960,"Au and Ag, Open-pit mining and beneficiation at Canadian Malartic",Au,18.7851143425,0.9933618909341001,128408510.3997414,mining,"Au, usable ore",metal_economic
QC-MAIN-e7e6a960,,Energy,Electricity consumption|Grid electricity,2428287789.6,QC-MAIN-e7e6a960,"Au and Ag, Open-pit mining and beneficiation at Canadian Malartic",Ag,9.6731885,0.00663810906589986,1666383.2396895492,mining,"Ag, usable ore",metal_economic
QC-MAIN-e7e6a960,,Energy,Light Fuel & Gasoline,42833000.0,QC-MAIN-e7e6a960,"Au and Ag, Open-pit mining and beneficiation at Canadian Malartic",Au,18.7851143425,0.9933618909341001,2265020.5422554677,mining,"Au, usable ore",metal_economic
QC-MAIN-e7e6a960,,Energy,Light Fuel & Gasoline,42833000.0,QC-MAIN-e7e6a960,"Au and Ag, Open-pit mining and beneficiation at Canadian Malartic",Ag,9.6731885,0.00663810906589986,29393.6301995654,mining,"Ag, usable ore",metal_economic
QC-MAIN-e7e6a960,,Energy,Natural gas,162805000.0,QC-MAIN-e7e6a960,"Au and Ag, Open-pit mining and beneficiation at Canadian Malartic",Au,18.7851143425,0.9933618909341001,8609172.11920485,mining,"Au, usable ore",metal_economic
QC-MAIN-e7e6a960,,Energy,Natural gas,162805000.0,QC-MAIN-e7e6a960,"Au and Ag, Open-pit mining and beneficiation at Canadian Malartic",Ag,9.6731885,0.00663810906589986,111722.96978124914,mining,"Ag, usable ore",metal_economic
QC-MAIN-e7e6a960,,Energy,Propane,1463609.3699999999,QC-MAIN-e7e6a960,"Au and Ag, Open-pit mining and beneficiation at Canadian Malartic",Au,18.7851143425,0.9933618909341001,77396.0565192161,mining,"Au, usable ore",metal_economic
QC-MAIN-e7e6a960,,Energy,Propane,1463609.3699999999,QC-MAIN-e7e6a960,"Au and Ag, Open-pit mining and beneficiation at Canadian Malartic",Ag,9.6731885,0.00663810906589986,1004.3842966497533,mining,"Ag, usable ore",metal_economic
QC-MAIN-b86f7d07,,Energy,Diesel|Mobile equipment,378542030.29396677,QC-MAIN-b86f7d07,"Au and Ag, Open-pit and underground mining and beneficiation at Casa Berardi",Au,2.69356309999999,0.9963866796430149,140027993.65269464,mining,"Au, usable ore",metal_economic
QC-MAIN-b86f7d07,,Energy,Diesel|Mobile equipment,378542030.29396677,QC-MAIN-b86f7d07,"Au and Ag, Open-pit and underground mining and beneficiation at Casa Berardi",Ag,0.7527047,0.0036133203569852276,1817171.6265830528,mining,"Ag, usable ore",metal_economic
QC-MAIN-b86f7d07,,Energy,Electricity consumption|Not specified,495635929.2,QC-MAIN-b86f7d07,"Au and Ag, Open-pit and underground mining and beneficiation at Casa Berardi",Au,2.69356309999999,0.9963866796430149,183342665.2627407,mining,"Au, usable ore",metal_economic
QC-MAIN-b86f7d07,,Energy,Electricity consumption|Not specified,495635929.2,QC-MAIN-b86f7d07,"Au and Ag, Open-pit and underground mining and beneficiation at Casa Berardi",Ag,0.7527047,0.0036133203569852276,2379274.890447275,mining,"Ag, usable ore",metal_economic
QC-MAIN-b86f7d07,,Energy,Gasoline|Mobile equipment,17908178.0536758,QC-MAIN-b86f7d07,"Au and Ag, Open-pit and underground mining and beneficiation at Casa Berardi",Au,2.69356309999999,0.9963866796430149,6624485.6373916045,mining,"Au, usable ore",metal_economic
QC-MAIN-b86f7d07,,Energy,Gasoline|Mobile equipment,17908178.0536758,QC-MAIN-b86f7d07,"Au and Ag, Open-pit and underground mining and beneficiation at Casa Berardi",Ag,0.7527047,0.0036133203569852276,85967.2914462509,mining,"Ag, usable ore",metal_economic
QC-MAIN-b86f7d07,,Energy,Propane,42813081.771589935,QC-MAIN-b86f7d07,"Au and Ag, Open-pit and underground mining and beneficiation at Casa Berardi",Au,2.69356309999999,0.9963866796430149,15837157.997776082,mining,"Au, usable ore",metal_economic
QC-MAIN-b86f7d07,,Energy,Propane,42813081.771589935,QC-MAIN-b86f7d07,"Au and Ag, Open-pit and underground mining and beneficiation at Casa Berardi",Ag,0.7527047,0.0036133203569852276,205522.0060543784,mining,"Ag, usable ore",metal_economic
BC-MAIN-599152a0,,Energy,Diesel,80960000.0,BC-MAIN-599152a0,"Au and Ag and Cu, Open-pit mining and beneficiation at Copper Mountain",Au,0.275203767999999,0.0948587647028309,27905742.883364946,mining,"Au, usable ore",metal_economic
BC-MAIN-599152a0,,Energy,Diesel,80960000.0,BC-MAIN-599152a0,"Au and Ag and Cu, Open-pit mining and beneficiation at Copper Mountain",Ag,6.789334187,0.030369060449188304,362138.47576896206,mining,"Ag, usable ore",metal_economic
BC-MAIN-599152a0,,Energy,Diesel,80960000.0,BC-MAIN-599152a0,"Au and Ag and Cu, Open-pit mining and beneficiation at Copper Mountain",Cu,19050.0,0.8747721748479808,3717.6669436059065,mining,"Cu, usable ore",metal_economic
BC-MAIN-599152a0,,Energy,Electricity consumption,1968000000.0,BC-MAIN-599152a0,"Au and Ag and Cu, Open-pit mining and beneficiation at Copper Mountain",Au,0.275203767999999,0.0948587647028309,678341180.7616379,mining,"Au, usable ore",metal_economic
BC-MAIN-599152a0,,Energy,Electricity consumption,1968000000.0,BC-MAIN-599152a0,"Au and Ag and Cu, Open-pit mining and beneficiation at Copper Mountain",Ag,6.789334187,0.030369060449188304,8802970.853672398,mining,"Ag, usable ore",metal_economic
BC-MAIN-599152a0,,Energy,Electricity consumption,1968000000.0,BC-MAIN-599152a0,"Au and Ag and Cu, Open-pit mining and beneficiation at Copper Mountain",Cu,19050.0,0.8747721748479808,90370.16483468903,mining,"Cu, usable ore",metal_economic
BC-MAIN-599152a0,,Energy,Gasoline,368000.0,BC-MAIN-599152a0,"Au and Ag and Cu, Open-pit mining and beneficiation at Copper Mountain",Au,0.275203767999999,0.0948587647028309,126844.28583347703,mining,"Au, usable ore",metal_economic
BC-MAIN-599152a0,,Energy,Gasoline,368000.0,BC-MAIN-599152a0,"Au and Ag and Cu, Open-pit mining and beneficiation at Copper Mountain",Ag,6.789334187,0.030369060449188304,1646.0839807680093,mining,"Ag, usable ore",metal_economic
BC-MAIN-599152a0,,Energy,Gasoline,368000.0,BC-MAIN-599152a0,"Au and Ag and Cu, Open-pit mining and beneficiation at Copper Mountain",Cu,19050.0,0.8747721748479808,16.898486107299576,mining,"Cu, usable ore",metal_economic
BC-MAIN-599152a0,,Energy,Propane,10120000.0,BC-MAIN-599152a0,"Au and Ag and Cu, Open-pit mining and beneficiation at Copper Mountain",Au,0.275203767999999,0.0948587647028309,3488217.860420618,mining,"Au, usable ore",metal_economic
BC-MAIN-599152a0,,Energy,Propane,10120000.0,BC-MAIN-599152a0,"Au and Ag and Cu, Open-pit mining and beneficiation at Copper Mountain",Ag,6.789334187,0.030369060449188304,45267.30947112026,mining,"Ag, usable ore",metal_economic
BC-MAIN-599152a0,,Energy,Propane,10120000.0,BC-MAIN-599152a0,"Au and Ag and Cu, Open-pit mining and beneficiation at Copper Mountain",Cu,19050.0,0.8747721748479808,464.7083679507383,mining,"Cu, usable ore",metal_economic
ON-MAIN-aeafbb59,,Energy,Diesel,3947008000.0,ON-MAIN-aeafbb59,"Au and Ag, Open-pit mining and beneficiation at Detour Lake",Au,21.070941661,0.9984889572357906,187036913.94180843,mining,"Au, usable ore",metal_economic
ON-MAIN-aeafbb59,,Energy,Diesel,3947008000.0,ON-MAIN-aeafbb59,"Au and Ag, Open-pit mining and beneficiation at Detour Lake",Ag,2.4571765,0.0015110427642093859,2427215.9035692224,mining,"Ag, usable ore",metal_economic
ON-MAIN-aeafbb59,,Energy,Electricity consumption|Grid electricity,2991452173.2000003,ON-MAIN-aeafbb59,"Au and Ag, Open-pit mining and beneficiation at Detour Lake",Au,21.070941661,0.9984889572357906,141755978.87813866,mining,"Au, usable ore",metal_economic
ON-MAIN-aeafbb59,,Energy,Electricity consumption|Grid electricity,2991452173.2000003,ON-MAIN-aeafbb59,"Au and Ag, Open-pit mining and beneficiation at Detour Lake",Ag,2.4571765,0.0015110427642093859,1839596.0407371235,mining,"Ag, usable ore",metal_economic
ON-MAIN-aeafbb59,,Energy,Explosives,65074000.0,ON-MAIN-aeafbb59,"Au and Ag, Open-pit mining and beneficiation at Detour Lake",Au,21.070941661,0.9984889572357906,3083662.3938561166,mining,"Au, usable ore",metal_economic
ON-MAIN-aeafbb59,,Energy,Explosives,65074000.0,ON-MAIN-aeafbb59,"Au and Ag, Open-pit mining and beneficiation at Detour Lake",Ag,2.4571765,0.0015110427642093859,40017.311266879515,mining,"Ag, usable ore",metal_economic
ON-MAIN-aeafbb59,,Energy,Light Fuel & Gasoline,71904000.0,ON-MAIN-aeafbb59,"Au and Ag, Open-pit mining and beneficiation at Detour Lake",Au,21.070941661,0.9984889572357906,3407315.6831888347,mining,"Au, usable ore",metal_economic
ON-MAIN-aeafbb59,,Energy,Light Fuel & Gasoline,71904000.0,ON-MAIN-aeafbb59,"Au and Ag, Open-pit mining and beneficiation at Detour Lake",Ag,2.4571765,0.0015110427642093859,44217.42553606209,mining,"Ag, usable ore",metal_economic
ON-MAIN-aeafbb59,,Energy,Propane,182468000.0,ON-MAIN-aeafbb59,"Au and Ag, Open-pit mining and beneficiation at Detour Lake",Au,21.070941661,0.9984889572357906,8646613.235426405,mining,"Au, usable ore",metal_economic
ON-MAIN-aeafbb59,,Energy,Propane,182468000.0,ON-MAIN-aeafbb59,"Au and Ag, Open-pit mining and beneficiation at Detour Lake",Ag,2.4571765,0.0015110427642093859,112208.85072755588,mining,"Ag, usable ore",metal_economic
ON-MAIN-cb85213a,,Energy,Diesel,101575245.0,ON-MAIN-cb85213a,"Au, Underground mining and beneficiation at Eagle River",Au,222627.0,1.0,456.25752941017936,mining,"Au, usable ore",metal_economic
ON-MAIN-cb85213a,,Energy,Electricity consumption|Generated on-site,123086231.99999999,ON-MAIN-cb85213a,"Au, Underground mining and beneficiation at Eagle River",Au,222627.0,1.0,552.8809713107573,mining,"Au, usable ore",metal_economic
ON-MAIN-cb85213a,,Energy,Electricity consumption|Grid electricity,138799368.00000003,ON-MAIN-cb85213a,"Au, Underground mining and beneficiation at Eagle River",Au,222627.0,1.0,623.4615208397904,mining,"Au, usable ore",metal_economic
ON-MAIN-cb85213a,,Energy,Gasoline,12095820.0,ON-MAIN-cb85213a,"Au, Underground mining and beneficiation at Eagle River",Au,222627.0,1.0,54.332223854249484,mining,"Au, usable ore",metal_economic
ON-MAIN-cb85213a,,Energy,Propane,57828505.6,ON-MAIN-cb85213a,"Au, Underground mining and beneficiation at Eagle River",Au,222627.0,1.0,259.75513122846735,mining,"Au, usable ore",metal_economic
QC-MAIN-6dc537e6,,Energy,Aviation fuel,21662098.880000003,QC-MAIN-6dc537e6,"Au and Ag, Underground mining and beneficiation at Éléonore",Au,7.216012,0.9993384328257033,2999962.852951828,mining,"Au, usable ore",metal_economic
QC-MAIN-6dc537e6,,Energy,Aviation fuel,21662098.880000003,QC-MAIN-6dc537e6,"Au and Ag, Underground mining and beneficiation at Éléonore",Ag,0.368109922499999,0.0006615671742966747,38931.12537703137,mining,"Ag, usable ore",metal_economic
QC-MAIN-6dc537e6,,Energy,Diesel,385327797.4,QC-MAIN-6dc537e6,"Au and Ag, Underground mining and beneficiation at Éléonore",Au,7.216012,0.9993384328257033,53363669.181522444,mining,"Au, usable ore",metal_economic
QC-MAIN-6dc537e6,,Energy,Diesel,385327797.4,QC-MAIN-6dc537e6,"Au and Ag, Underground mining and beneficiation at Éléonore",Ag,0.368109922499999,0.0006615671742966747,692511.1400763184,mining,"Ag, usable ore",metal_economic
QC-MAIN-6dc537e6,,Energy,Electricity consumption|Generated on-site,3531106.8,QC-MAIN-6dc537e6,"Au and Ag, Underground mining and beneficiation at Éléonore",Au,7.216012,0.9993384328257033,489019.52153796086,mining,"Au, usable ore",metal_economic
QC-MAIN-6dc537e6,,Energy,Electricity consumption|Generated on-site,3531106.8,QC-MAIN-6dc537e6,"Au and Ag, Underground mining and beneficiation at Éléonore",Ag,0.368109922499999,0.0006615671742966747,6346.105347963771,mining,"Ag, usable ore",metal_economic
QC-MAIN-6dc537e6,,Energy,Electricity consumption|Grid electricity,892229950.44,QC-MAIN-6dc537e6,"Au and Ag, Underground mining and beneficiation at Éléonore",Au,7.216012,0.9993384328257033,123564051.77719557,mining,"Au, usable ore",metal_economic
QC-MAIN-6dc537e6,,Energy,Electricity consumption|Grid electricity,892229950.44,QC-MAIN-6dc537e6,"Au and Ag, Underground mining and beneficiation at Éléonore",Ag,0.368109922499999,0.0006615671742966747,1603515.719235888,mining,"Ag, usable ore",metal_economic
QC-MAIN-6dc537e6,,Energy,Gasoline,10018117.899999999,QC-MAIN-6dc537e6,"Au and Ag, Underground mining and beneficiation at Éléonore",Au,7.216012,0.9993384328257033,1387399.333877095,mining,"Au, usable ore",metal_economic
QC-MAIN-6dc537e6,,Energy,Gasoline,10018117.899999999,QC-MAIN-6dc537e6,"Au and Ag, Underground mining and beneficiation at Éléonore",Ag,0.368109922499999,0.0006615671742966747,18004.562077171264,mining,"Ag, usable ore",metal_economic
QC-MAIN-6dc537e6,,Energy,Propane,142393174.15,QC-MAIN-6dc537e6,"Au and Ag, Underground mining and beneficiation at Éléonore",Au,7.216012,0.9993384328257033,19719891.194767755,mining,"Au, usable ore",metal_economic
QC-MAIN-6dc537e6,,Energy,Propane,142393174.15,QC-MAIN-6dc537e6,"Au and Ag, Underground mining and beneficiation at Éléonore",Ag,0.368109922499999,0.0006615671742966747,255909.02092988286,mining,"Ag, usable ore",metal_economic
BC-MAIN-6b4800fe,,Energy,Diesel,1683653000.0,BC-MAIN-6b4800fe,"Cu and Mo, Open-pit mining and beneficiation at Gibraltar",Cu,55610.3792,0.960110067742726,29068.1743073826,mining,"Cu, usable ore",metal_economic
BC-MAIN-6b4800fe,,Energy,Diesel,1683653000.0,BC-MAIN-6b4800fe,"Cu and Mo, Open-pit mining and beneficiation at Gibraltar",Mo,545.217584,0.03988993225727399,123181.65460114017,mining,"Mo, usable ore",metal_economic
BC-MAIN-6b4800fe,,Energy,Electricity consumption|Grid electricity,1695665000.0,BC-MAIN-6b4800fe,"Cu and Mo, Open-pit mining and beneficiation at Gibraltar",Cu,55610.3792,0.960110067742726,29275.560811478324,mining,"Cu, usable ore",metal_economic
BC-MAIN-6b4800fe,,Energy,Electricity consumption|Grid electricity,1695665000.0,BC-MAIN-6b4800fe,"Cu and Mo, Open-pit mining and beneficiation at Gibraltar",Mo,545.217584,0.03988993225727399,124060.49248226467,mining,"Mo, usable ore",metal_economic
BC-MAIN-6b4800fe,,Energy,Gasoline,38791000.0,BC-MAIN-6b4800fe,"Cu and Mo, Open-pit mining and beneficiation at Gibraltar",Cu,55610.3792,0.960110067742726,669.72443226584,mining,"Cu, usable ore",metal_economic
BC-MAIN-6b4800fe,,Energy,Gasoline,38791000.0,BC-MAIN-6b4800fe,"Cu and Mo, Open-pit mining and beneficiation at Gibraltar",Mo,545.217584,0.03988993225727399,2838.0786086164003,mining,"Mo, usable ore",metal_economic
BC-MAIN-6b4800fe,,Energy,Natural gas,186977000.0,BC-MAIN-6b4800fe,"Cu and Mo, Open-pit mining and beneficiation at Gibraltar",Cu,55610.3792,0.960110067742726,3228.1473839748905,mining,"Cu, usable ore",metal_economic
BC-MAIN-6b4800fe,,Energy,Natural gas,186977000.0,BC-MAIN-6b4800fe,"Cu and Mo, Open-pit mining and beneficiation at Gibraltar",Mo,545.217584,0.03988993225727399,13679.85934890229,mining,"Mo, usable ore",metal_economic
BC-MAIN-6b4800fe,,Energy,Propane,453000.0,BC-MAIN-6b4800fe,"Cu and Mo, Open-pit mining and beneficiation at Gibraltar",Cu,55610.3792,0.960110067742726,7.821019510103517,mining,"Cu, usable ore",metal_economic
BC-MAIN-6b4800fe,,Energy,Propane,453000.0,BC-MAIN-6b4800fe,"Cu and Mo, Open-pit mining and beneficiation at Gibraltar",Mo,545.217584,0.03988993225727399,33.14298702542418,mining,"Mo, usable ore",metal_economic
QC-MAIN-c0660aec,,Energy,Diesel,129455000.0,QC-MAIN-c0660aec,"Au and Cu, Underground mining and beneficiation at Goldex",Au,4.38505127595036,0.9988154287172059,29486918.895050477,mining,"Au, usable ore",metal_economic
QC-MAIN-c0660aec,,Energy,Diesel,129455000.0,QC-MAIN-c0660aec,"Au and Cu, Underground mining and beneficiation at Goldex",Cu,39.036758,0.0011845712827941936,3928.3148312193944,mining,"Cu, usable ore",metal_economic
QC-MAIN-c0660aec,,Energy,Electricity consumption|Grid electricity,644118282.0,QC-MAIN-c0660aec,"Au and Cu, Underground mining and beneficiation at Goldex",Au,4.38505127595036,0.9988154287172059,146715565.56450698,mining,"Au, usable ore",metal_economic
QC-MAIN-c0660aec,,Energy,Electricity consumption|Grid electricity,644118282.0,QC-MAIN-c0660aec,"Au and Cu, Underground mining and beneficiation at Goldex",Cu,39.036758,0.0011845712827941936,19545.78347873899,mining,"Cu, usable ore",metal_economic
QC-MAIN-c0660aec,,Energy,Explosives,11047000.0,QC-MAIN-c0660aec,"Au and Cu, Underground mining and beneficiation at Goldex",Au,4.38505127595036,0.9988154287172059,2516256.5604543868,mining,"Au, usable ore",metal_economic
QC-MAIN-c0660aec,,Energy,Explosives,11047000.0,QC-MAIN-c0660aec,"Au and Cu, Underground mining and beneficiation at Goldex",Cu,39.036758,0.0011845712827941936,335.221458734546,mining,"Cu, usable ore",metal_economic
QC-MAIN-c0660aec,,Energy,Light Fuel & Gasoline,1347000.0,QC-MAIN-c0660aec,"Au and Cu, Underground mining and beneficiation at Goldex",Au,4.38505127595036,0.9988154287172059,306816.1117889073,mining,"Au, usable ore",metal_economic
QC-MAIN-c0660aec,,Energy,Light Fuel & Gasoline,1347000.0,QC-MAIN-c0660aec,"Au and Cu, Underground mining and beneficiation at Goldex",Cu,39.036758,0.0011845712827941936,40.87474471942006,mining,"Cu, usable ore",metal_economic
QC-MAIN-c0660aec,,Energy,Natural gas,86234000.0,QC-MAIN-c0660aec,"Au and Cu, Underground mining and beneficiation at Goldex",Au,4.38505127595036,0.9988154287172059,19642153.366001956,mining,"Au, usable ore",metal_economic
QC-MAIN-c0660aec,,Energy,Natural gas,86234000.0,QC-MAIN-c0660aec,"Au and Cu, Underground mining and beneficiation at Goldex",Cu,39.036758,0.0011845712827941936,2616.7726326165325,mining,"Cu, usable ore",metal_economic
ON-MAIN-6e9be24e,,Energy,Electricity consumption|Non-renewable electricity use,619000000.0,ON-MAIN-6e9be24e,"Au, Open-pit and underground mining and beneficiation at Hemlo (Williams)",Au,1266009.0,1.0,488.938072320181,mining,"Au, usable ore",metal_economic
ON-MAIN-6e9be24e,,Energy,Non-renewable fuel use,301000000.0,ON-MAIN-6e9be24e,"Au, Open-pit and underground mining and beneficiation at Hemlo (Williams)",Au,1266009.0,1.0,237.75502385844018,mining,"Au, usable ore",metal_economic
ON-MAIN-687b8c8d,,Energy,Diesel,211308000.0,ON-MAIN-687b8c8d,"Au, Underground mining and beneficiation at Island",Au,4.0869999,1.0,51702472.51535288,mining,"Au, usable ore",metal_economic
ON-MAIN-687b8c8d,,Energy,Electricity consumption|Generated on-site,717000.0,ON-MAIN-687b8c8d,"Au, Underground mining and beneficiation at Island",Au,4.0869999,1.0,175434.30818288005,mining,"Au, usable ore",metal_economic
ON-MAIN-687b8c8d,,Energy,Electricity consumption|Grid electricity,334179000.0,ON-MAIN-687b8c8d,"Au, Underground mining and beneficiation at Island",Au,4.0869999,1.0,81766334.27370526,mining,"Au, usable ore",metal_economic
ON-MAIN-687b8c8d,,Energy,Gasoline,14406000.0,ON-MAIN-687b8c8d,"Au, Underground mining and beneficiation at Island",Au,4.0869999,1.0,3524834.9284275733,mining,"Au, usable ore",metal_economic
ON-MAIN-687b8c8d,,Energy,Propane,72011000.0,ON-MAIN-687b8c8d,"Au, Underground mining and beneficiation at Island",Au,4.0869999,1.0,17619525.755310148,mining,"Au, usable ore",metal_economic
YT-MAIN-44857446,,Energy,Diesel|Mobile equipment,55697075.44526765,YT-MAIN-44857446,"Ag and Zn and Pb, Underground mining and beneficiation at Keno Hill Silver District",Ag,46.7354037195,0.8400656382176023,1001151.0655092568,mining,"Ag, usable ore",metal_economic
YT-MAIN-44857446,,Energy,Diesel|Mobile equipment,55697075.44526765,YT-MAIN-44857446,"Ag and Zn and Pb, Underground mining and beneficiation at Keno Hill Silver District",Zn,1339.0,0.09236316898100091,3841.940546003594,mining,"Zn, usable ore",metal_economic
YT-MAIN-44857446,,Energy,Diesel|Mobile equipment,55697075.44526765,YT-MAIN-44857446,"Ag and Zn and Pb, Underground mining and beneficiation at Keno Hill Silver District",Pb,1225.0,0.06757119280139672,3072.259447662138,mining,"Pb, usable ore",metal_economic
YT-MAIN-44857446,,Energy,Electricity consumption|Not specified,63343396.800000004,YT-MAIN-44857446,"Ag and Zn and Pb, Underground mining and beneficiation at Keno Hill Silver District",Ag,46.7354037195,0.8400656382176023,1138593.1611725923,mining,"Ag, usable ore",metal_economic
YT-MAIN-44857446,,Energy,Electricity consumption|Not specified,63343396.800000004,YT-MAIN-44857446,"Ag and Zn and Pb, Underground mining and beneficiation at Keno Hill Silver District",Zn,1339.0,0.09236316898100091,4369.377791238979,mining,"Zn, usable ore",metal_economic
YT-MAIN-44857446,,Energy,Electricity consumption|Not specified,63343396.800000004,YT-MAIN-44857446,"Ag and Zn and Pb, Underground mining and beneficiation at Keno Hill Silver District",Pb,1225.0,0.06757119280139672,3494.0317370352454,mining,"Pb, usable ore",metal_economic
YT-MAIN-44857446,,Energy,Gasoline|Mobile equipment,8333350.1134884,YT-MAIN-44857446,"Ag and Zn and Pb, Underground mining and beneficiation at Keno Hill Silver District",Ag,46.7354037195,0.8400656382176023,149791.38991918945,mining,"Ag, usable ore",metal_economic
YT-MAIN-44857446,,Energy,Gasoline|Mobile equipment,8333350.1134884,YT-MAIN-44857446,"Ag and Zn and Pb, Underground mining and beneficiation at Keno Hill Silver District",Zn,1339.0,0.09236316898100091,574.8279497460584,mining,"Zn, usable ore",metal_economic
YT-MAIN-44857446,,Energy,Gasoline|Mobile equipment,8333350.1134884,YT-MAIN-44857446,"Ag and Zn and Pb, Underground mining and beneficiation at Keno Hill Silver District",Pb,1225.0,0.06757119280139672,459.6689038367885,mining,"Pb, usable ore",metal_economic
YT-MAIN-44857446,,Energy,Propane,36595602.20983067,YT-MAIN-44857446,"Ag and Zn and Pb, Underground mining and beneficiation at Keno Hill Silver District",Ag,46.7354037195,0.8400656382176023,657803.4098276492,mining,"Ag, usable ore",metal_economic
YT-MAIN-44857446,,Energy,Propane,36595602.20983067,YT-MAIN-44857446,"Ag and Zn and Pb, Underground mining and beneficiation at Keno Hill Silver District",Zn,1339.0,0.09236316898100091,2524.3359155101425,mining,"Zn, usable ore",metal_economic
YT-MAIN-44857446,,Energy,Propane,36595602.20983067,YT-MAIN-44857446,"Ag and Zn and Pb, Underground mining and beneficiation at Keno Hill Silver District",Pb,1225.0,0.06757119280139672,2018.6191776356638,mining,"Pb, usable ore",metal_economic
QC-MAIN-9de9bb0d,,Energy,Diesel,42655140.0,QC-MAIN-9de9bb0d,"Au and Ag, Open-pit mining and beneficiation at Kiena",Au,1.1053250795,0.9989391993518907,38549646.78727604,mining,"Au, usable ore",metal_economic
QC-MAIN-9de9bb0d,,Energy,Diesel,42655140.0,QC-MAIN-9de9bb0d,"Au and Ag, Open-pit mining and beneficiation at Kiena",Ag,0.090448978,0.0010608006481092256,500266.57191405474,mining,"Ag, usable ore",metal_economic
QC-MAIN-9de9bb0d,,Energy,Electricity consumption|Generated on-site,38464200.0,QC-MAIN-9de9bb0d,"Au and Ag, Open-pit mining and beneficiation at Kiena",Au,1.1053250795,0.9989391993518907,34762078.47296112,mining,"Au, usable ore",metal_economic
QC-MAIN-9de9bb0d,,Energy,Electricity consumption|Generated on-site,38464200.0,QC-MAIN-9de9bb0d,"Au and Ag, Open-pit mining and beneficiation at Kiena",Ag,0.090448978,0.0010608006481092256,451114.53099008894,mining,"Ag, usable ore",metal_economic
QC-MAIN-9de9bb0d,,Energy,Electricity consumption|Grid electricity,115392600.0,QC-MAIN-9de9bb0d,"Au and Ag, Open-pit mining and beneficiation at Kiena",Au,1.1053250795,0.9989391993518907,104286235.41888337,mining,"Au, usable ore",metal_economic
QC-MAIN-9de9bb0d,,Energy,Electricity consumption|Grid electricity,115392600.0,QC-MAIN-9de9bb0d,"Au and Ag, Open-pit mining and beneficiation at Kiena",Ag,0.090448978,0.0010608006481092256,1353343.5929702667,mining,"Ag, usable ore",metal_economic
QC-MAIN-9de9bb0d,,Energy,Gasoline,1180080.0,QC-MAIN-9de9bb0d,"Au and Ag, Open-pit mining and beneficiation at Kiena",Au,1.1053250795,0.9989391993518907,1066499.0709379623,mining,"Au, usable ore",metal_economic
QC-MAIN-9de9bb0d,,Energy,Gasoline,1180080.0,QC-MAIN-9de9bb0d,"Au and Ag, Open-pit mining and beneficiation at Kiena",Ag,0.090448978,0.0010608006481092256,13840.174388932674,mining,"Ag, usable ore",metal_economic
QC-MAIN-9de9bb0d,,Energy,Natural gas,58064.0,QC-MAIN-9de9bb0d,"Au and Ag, Open-pit mining and beneficiation at Kiena",Au,1.1053250795,0.9989391993518907,52475.42713624656,mining,"Au, usable ore",metal_economic
QC-MAIN-9de9bb0d,,Energy,Natural gas,58064.0,QC-MAIN-9de9bb0d,"Au and Ag, Open-pit mining and beneficiation at Kiena",Ag,0.090448978,0.0010608006481092256,680.984243202992,mining,"Ag, usable ore",metal_economic
ON-MAIN-a3c56a83,,Energy,Diesel,497248345.0,ON-MAIN-a3c56a83,"Au and Pt and Pd, Open-pit and underground mining and beneficiation at Lac des Iles",Au,0.59407685,0.4669926650366748,390877594.0631686,mining,"Au, usable ore",metal_economic
ON-MAIN-a3c56a83,,Energy,Diesel,497248345.0,ON-MAIN-a3c56a83,"Au and Pt and Pd, Open-pit and underground mining and beneficiation at Lac des Iles",Pt,0.6780563,0.5330073349633252,390877594.0631687,mining,"Pt, usable ore",metal_economic
ON-MAIN-a3c56a83,,Energy,Diesel,497248345.0,ON-MAIN-a3c56a83,"Au and Pt and Pd, Open-pit and underground mining and beneficiation at Lac des Iles",Pd,0.7775875,,,mining,"Pd, usable ore",metal_economic
ON-MAIN-a3c56a83,,Energy,Electricity consumption|Not specified,1173600000.0,ON-MAIN-a3c56a83,"Au and Pt and Pd, Open-pit and underground mining and beneficiation at Lac des Iles",Au,0.59407685,0.4669926650366748,922544939.57649,mining,"Au, usable ore",metal_economic
ON-MAIN-a3c56a83,,Energy,Electricity consumption|Not specified,1173600000.0,ON-MAIN-a3c56a83,"Au and Pt and Pd, Open-pit and underground mining and beneficiation at Lac des Iles",Pt,0.6780563,0.5330073349633252,922544939.5764902,mining,"Pt, usable ore",metal_economic
ON-MAIN-a3c56a83,,Energy,Electricity consumption|Not specified,1173600000.0,ON-MAIN-a3c56a83,"Au and Pt and Pd, Open-pit and underground mining and beneficiation at Lac des Iles",Pd,0.7775875,,,mining,"Pd, usable ore",metal_economic
ON-MAIN-a3c56a83,,Energy,Petrol,13833160.0,ON-MAIN-a3c56a83,"Au and Pt and Pd, Open-pit and underground mining and beneficiation at Lac des Iles",Au,0.59407685,0.4669926650366748,10873987.522453919,mining,"Au, usable ore",metal_economic
ON-MAIN-a3c56a83,,Energy,Petrol,13833160.0,ON-MAIN-a3c56a83,"Au and Pt and Pd, Open-pit and underground mining and beneficiation at Lac des Iles",Pt,0.6780563,0.5330073349633252,10873987.52245392,mining,"Pt, usable ore",metal_economic
ON-MAIN-a3c56a83,,Energy,Petrol,13833160.0,ON-MAIN-a3c56a83,"Au and Pt and Pd, Open-pit and underground mining and beneficiation at Lac des Iles",Pd,0.7775875,,,mining,"Pd, usable ore",metal_economic
QC-MAIN-f9e41c2a,,Energy,Diesel|Mobile equipment,191632000.0,QC-MAIN-f9e41c2a,"Au and Ag, Underground mining and beneficiation at Lamaque",Au,5.5074656415,0.9946873687025972,34610098.77263637,mining,"Au, usable ore",metal_economic
QC-MAIN-f9e41c2a,,Energy,Diesel|Mobile equipment,191632000.0,QC-MAIN-f9e41c2a,"Au and Ag, Underground mining and beneficiation at Lamaque",Ag,2.266698666,0.0053126312974027855,449142.2596460339,mining,"Ag, usable ore",metal_economic
QC-MAIN-f9e41c2a,,Energy,Diesel|Stationary equipment,181000.0,QC-MAIN-f9e41c2a,"Au and Ag, Underground mining and beneficiation at Lamaque",Au,5.5074656415,0.9946873687025972,32689.884141725714,mining,"Au, usable ore",metal_economic
QC-MAIN-f9e41c2a,,Energy,Diesel|Stationary equipment,181000.0,QC-MAIN-f9e41c2a,"Au and Ag, Underground mining and beneficiation at Lamaque",Ag,2.266698666,0.0053126312974027855,424.2232455744977,mining,"Ag, usable ore",metal_economic
QC-MAIN-f9e41c2a,,Energy,Electricity consumption|Grid electricity,276713000.0,QC-MAIN-f9e41c2a,"Au and Ag, Underground mining and beneficiation at Lamaque",Au,5.5074656415,0.9946873687025972,49976330.997289225,mining,"Au, usable ore",metal_economic
QC-MAIN-f9e41c2a,,Energy,Electricity consumption|Grid electricity,276713000.0,QC-MAIN-f9e41c2a,"Au and Ag, Underground mining and beneficiation at Lamaque",Ag,2.266698666,0.0053126312974027855,648552.9665892594,mining,"Ag, usable ore",metal_economic
QC-MAIN-f9e41c2a,,Energy,Gasoline,3549000.0,QC-MAIN-f9e41c2a,"Au and Ag, Underground mining and beneficiation at Lamaque",Au,5.5074656415,0.9946873687025972,640974.579110412,mining,"Au, usable ore",metal_economic
QC-MAIN-f9e41c2a,,Energy,Gasoline,3549000.0,QC-MAIN-f9e41c2a,"Au and Ag, Underground mining and beneficiation at Lamaque",Ag,2.266698666,0.0053126312974027855,8318.056898032553,mining,"Ag, usable ore",metal_economic
QC-MAIN-f9e41c2a,,Energy,LPG|Mobile equipment,45000.0,QC-MAIN-f9e41c2a,"Au and Ag, Underground mining and beneficiation at Lamaque",Au,5.5074656415,0.9946873687025972,8127.319261755013,mining,"Au, usable ore",metal_economic
QC-MAIN-f9e41c2a,,Energy,LPG|Mobile equipment,45000.0,QC-MAIN-f9e41c2a,"Au and Ag, Underground mining and beneficiation at Lamaque",Ag,2.266698666,0.0053126312974027855,105.46986768426736,mining,"Ag, usable ore",metal_economic
QC-MAIN-f9e41c2a,,Energy,LPG|Stationary equipment,187000.0,QC-MAIN-f9e41c2a,"Au and Ag, Underground mining and beneficiation at Lamaque",Au,5.5074656415,0.9946873687025972,33773.526709959726,mining,"Au, usable ore",metal_economic
QC-MAIN-f9e41c2a,,Energy,LPG|Stationary equipment,187000.0,QC-MAIN-f9e41c2a,"Au and Ag, Underground mining and beneficiation at Lamaque",Ag,2.266698666,0.0053126312974027855,438.2858945990666,mining,"Ag, usable ore",metal_economic
QC-MAIN-f9e41c2a,,Energy,Natural gas,76904000.0,QC-MAIN-f9e41c2a,"Au and Ag, Underground mining and beneficiation at Lamaque",Au,5.5074656415,0.9946873687025972,13889408.01124461,mining,"Au, usable ore",metal_economic
QC-MAIN-f9e41c2a,,Energy,Natural gas,76904000.0,QC-MAIN-f9e41c2a,"Au and Ag, Underground mining and beneficiation at Lamaque",Ag,2.266698666,0.0053126312974027855,180245.6600975755,mining,"Ag, usable ore",metal_economic
QC-MAIN-e51eda66,,Energy,Diesel,391146000.0,QC-MAIN-e51eda66,"Au and Ag and Cu and Zn, Underground mining and beneficiation at LaRonde",Au,7.34014606849999,0.9065728489889606,48309984.60812666,mining,"Au, usable ore",metal_economic
QC-MAIN-e51eda66,,Energy,Diesel,391146000.0,QC-MAIN-e51eda66,"Au and Ag and Cu and Zn, Underground mining and beneficiation at LaRonde",Ag,2.266698666,0.0036330625547482363,626928.4520942819,mining,"Ag, usable ore",metal_economic
QC-MAIN-e51eda66,,Energy,Diesel,391146000.0,QC-MAIN-e51eda66,"Au and Ag and Cu and Zn, Underground mining and beneficiation at LaRonde",Cu,2577.960375,0.04241809250106339,6435.966731808645,mining,"Cu, usable ore",metal_economic
QC-MAIN-e51eda66,,Energy,Diesel,391146000.0,QC-MAIN-e51eda66,"Au and Ag and Cu and Zn, Underground mining and beneficiation at LaRonde",Zn,7702.438517,0.047375995955227755,2405.8525456586276,mining,"Zn, usable ore",metal_economic
QC-MAIN-e51eda66,,Energy,Electricity consumption|Grid electricity,1689193026.0,QC-MAIN-e51eda66,"Au and Ag and Cu and Zn, Underground mining and beneficiation at LaRonde",Au,7.34014606849999,0.9065728489889606,208630253.3739701,mining,"Au, usable ore",metal_economic
QC-MAIN-e51eda66,,Energy,Electricity consumption|Grid electricity,1689193026.0,QC-MAIN-e51eda66,"Au and Ag and Cu and Zn, Underground mining and beneficiation at LaRonde",Ag,2.266698666,0.0036330625547482363,2707437.041612687,mining,"Ag, usable ore",metal_economic
QC-MAIN-e51eda66,,Energy,Electricity consumption|Grid electricity,1689193026.0,QC-MAIN-e51eda66,"Au and Ag and Cu and Zn, Underground mining and beneficiation at LaRonde",Cu,2577.960375,0.04241809250106339,27794.199912409116,mining,"Cu, usable ore",metal_economic
QC-MAIN-e51eda66,,Energy,Electricity consumption|Grid electricity,1689193026.0,QC-MAIN-e51eda66,"Au and Ag and Cu and Zn, Underground mining and beneficiation at LaRonde",Zn,7702.438517,0.047375995955227755,10389.852744783024,mining,"Zn, usable ore",metal_economic
QC-MAIN-e51eda66,,Energy,Explosives,6280000.0,QC-MAIN-e51eda66,"Au and Ag and Cu and Zn, Underground mining and beneficiation at LaRonde",Au,7.34014606849999,0.9065728489889606,775635.4490114573,mining,"Au, usable ore",metal_economic
QC-MAIN-e51eda66,,Energy,Explosives,6280000.0,QC-MAIN-e51eda66,"Au and Ag and Cu and Zn, Underground mining and beneficiation at LaRonde",Ag,2.266698666,0.0036330625547482363,10065.57827295202,mining,"Ag, usable ore",metal_economic
QC-MAIN-e51eda66,,Energy,Explosives,6280000.0,QC-MAIN-e51eda66,"Au and Ag and Cu and Zn, Underground mining and beneficiation at LaRonde",Cu,2577.960375,0.04241809250106339,103.33192995903907,mining,"Cu, usable ore",metal_economic
QC-MAIN-e51eda66,,Energy,Explosives,6280000.0,QC-MAIN-e51eda66,"Au and Ag and Cu and Zn, Underground mining and beneficiation at LaRonde",Zn,7702.438517,0.047375995955227755,38.62689120363287,mining,"Zn, usable ore",metal_economic
QC-MAIN-e51eda66,,Energy,Light Fuel & Gasoline,8329000.0,QC-MAIN-e51eda66,"Au and Ag and Cu and Zn, Underground mining and beneficiation at LaRonde",Au,7.34014606849999,0.9065728489889606,1028705.0405758644,mining,"Au, usable ore",metal_economic
QC-MAIN-e51eda66,,Energy,Light Fuel & Gasoline,8329000.0,QC-MAIN-e51eda66,"Au and Ag and Cu and Zn, Underground mining and beneficiation at LaRonde",Ag,2.266698666,0.0036330625547482363,13349.713604365821,mining,"Ag, usable ore",metal_economic
QC-MAIN-e51eda66,,Energy,Light Fuel & Gasoline,8329000.0,QC-MAIN-e51eda66,"Au and Ag and Cu and Zn, Underground mining and beneficiation at LaRonde",Cu,2577.960375,0.04241809250106339,137.0464402275217,mining,"Cu, usable ore",metal_economic
QC-MAIN-e51eda66,,Energy,Light Fuel & Gasoline,8329000.0,QC-MAIN-e51eda66,"Au and Ag and Cu and Zn, Underground mining and beneficiation at LaRonde",Zn,7702.438517,0.047375995955227755,51.22983707564621,mining,"Zn, usable ore",metal_economic
QC-MAIN-e51eda66,,Energy,Natural gas,297435000.0,QC-MAIN-e51eda66,"Au and Ag and Cu and Zn, Underground mining and beneficiation at LaRonde",Au,7.34014606849999,0.9065728489889606,36735848.69056095,mining,"Au, usable ore",metal_economic
QC-MAIN-e51eda66,,Energy,Natural gas,297435000.0,QC-MAIN-e51eda66,"Au and Ag and Cu and Zn, Underground mining and beneficiation at LaRonde",Ag,2.266698666,0.0036330625547482363,476728.5467540579,mining,"Ag, usable ore",metal_economic
QC-MAIN-e51eda66,,Energy,Natural gas,297435000.0,QC-MAIN-e51eda66,"Au and Ag and Cu and Zn, Underground mining and beneficiation at LaRonde",Cu,2577.960375,0.04241809250106339,4894.033851491526,mining,"Cu, usable ore",metal_economic
QC-MAIN-e51eda66,,Energy,Natural gas,297435000.0,QC-MAIN-e51eda66,"Au and Ag and Cu and Zn, Underground mining and beneficiation at LaRonde",Zn,7702.438517,0.047375995955227755,1829.4569084637808,mining,"Zn, usable ore",metal_economic
ON-MAIN-1f126a43,,Energy,Diesel,91423000.0,ON-MAIN-1f126a43,"Au, Underground mining and beneficiation at Macassa",Au,7.1082383725,1.0,12861555.171488447,mining,"Au, usable ore",metal_economic
ON-MAIN-1f126a43,,Energy,Electricity consumption|Grid electricity,657196812.0,ON-MAIN-1f126a43,"Au, Underground mining and beneficiation at Macassa",Au,7.1082383725,1.0,92455651.81698611,mining,"Au, usable ore",metal_economic
ON-MAIN-1f126a43,,Energy,Explosives,82576000.0,ON-MAIN-1f126a43,"Au, Underground mining and beneficiation at Macassa",Au,7.1082383725,1.0,11616942.99947311,mining,"Au, usable ore",metal_economic
ON-MAIN-1f126a43,,Energy,Light Fuel & Gasoline,6440000.0,ON-MAIN-1f126a43,"Au, Underground mining and beneficiation at Macassa",Au,7.1082383725,1.0,905991.0012183543,mining,"Au, usable ore",metal_economic
ON-MAIN-1f126a43,,Energy,Natural gas,327090000.0,ON-MAIN-1f126a43,"Au, Underground mining and beneficiation at Macassa",Au,7.1082383725,1.0,46015620.58827818,mining,"Au, usable ore",metal_economic
ON-MAIN-1f126a43,,Energy,Propane,658000.0,ON-MAIN-1f126a43,"Au, Underground mining and beneficiation at Macassa",Au,7.1082383725,1.0,92568.64577665794,mining,"Au, usable ore",metal_economic
,GRP-0a2c0d69,Energy,Diesel,3590887000.0,GRP-0a2c0d69,"Au and Ag, Open-pit and underground mining at Meadowbank complex",Au,13.4263118300476,0.996256182622859,266450192.73601714,mining,"Au, usable ore",metal_economic
,GRP-0a2c0d69,Energy,Diesel,3590887000.0,GRP-0a2c0d69,"Au and Ag, Open-pit and underground mining at Meadowbank complex",Ag,3.8879375,0.003743817377141018,3457778.1021299283,mining,"Ag, usable ore",metal_economic
,GRP-0a2c0d69,Energy,Electricity consumption|Generated on-site,593954510.4,GRP-0a2c0d69,"Au and Ag, Open-pit and underground mining at Meadowbank complex",Au,13.4263118300476,0.996256182622859,44072479.52177461,mining,"Au, usable ore",metal_economic
,GRP-0a2c0d69,Energy,Electricity consumption|Generated on-site,593954510.4,GRP-0a2c0d69,"Au and Ag, Open-pit and underground mining at Meadowbank complex",Ag,3.8879375,0.003743817377141018,571937.490576123,mining,"Ag, usable ore",metal_economic
,GRP-0a2c0d69,Energy,Explosives,45318000.0,GRP-0a2c0d69,"Au and Ag, Open-pit and underground mining at Meadowbank complex",Au,13.4263118300476,0.996256182622859,3362676.0837672767,mining,"Au, usable ore",metal_economic
,GRP-0a2c0d69,Energy,Explosives,45318000.0,GRP-0a2c0d69,"Au and Ag, Open-pit and underground mining at Meadowbank complex",Ag,3.8879375,0.003743817377141018,43638.1284157157,mining,"Ag, usable ore",metal_economic
,GRP-0a2c0d69,Energy,Light Fuel & Gasoline,51161000.0,GRP-0a2c0d69,"Au and Ag, Open-pit and underground mining at Meadowbank complex",Au,13.4263118300476,0.996256182622859,3796237.06080625,mining,"Au, usable ore",metal_economic
,GRP-0a2c0d69,Energy,Light Fuel & Gasoline,51161000.0,GRP-0a2c0d69,"Au and Ag, Open-pit and underground mining at Meadowbank complex",Ag,3.8879375,0.003743817377141018,49264.537002436795,mining,"Ag, usable ore",metal_economic
,GRP-0a2c0d69,Energy,Lubricating Oils & Greases,7311000.0,GRP-0a2c0d69,"Au and Ag, Open-pit and underground mining at Meadowbank complex",Au,13.4263118300476,0.996256182622859,542489.1841745566,mining,"Au, usable ore",metal_economic
,GRP-0a2c0d69,Energy,Lubricating Oils & Greases,7311000.0,GRP-0a2c0d69,"Au and Ag, Open-pit and underground mining at Meadowbank complex",Ag,3.8879375,0.003743817377141018,7039.991986568195,mining,"Ag, usable ore",metal_economic
,GRP-0a2c0d69,Energy,Propane,235000.0,GRP-0a2c0d69,"Au and Ag, Open-pit and underground mining at Meadowbank complex",Au,13.4263118300476,0.996256182622859,17437.41735481067,mining,"Au, usable ore",metal_economic
,GRP-0a2c0d69,Energy,Propane,235000.0,GRP-0a2c0d69,"Au and Ag, Open-pit and underground mining at Meadowbank complex",Ag,3.8879375,0.003743817377141018,226.28889575208945,mining,"Ag, usable ore",metal_economic
NU-MAIN-8b0264c9,,Energy,Diesel,1944158000.0,NU-MAIN-8b0264c9,"Au and Ag, Open-pit and underground mining and beneficiation at Meliadine",Au,11.3260595934999,0.9990387030204059,171488510.25836366,mining,"Au, usable ore",metal_economic
NU-MAIN-8b0264c9,,Energy,Diesel,1944158000.0,NU-MAIN-8b0264c9,"Au and Ag, Open-pit and underground mining and beneficiation at Meliadine",Ag,0.8397945,0.0009612969795941015,2225441.1207190678,mining,"Ag, usable ore",metal_economic
NU-MAIN-8b0264c9,,Energy,Electricity consumption|Generated on-site,477755733.6,NU-MAIN-8b0264c9,"Au and Ag, Open-pit and underground mining and beneficiation at Meliadine",Au,11.3260595934999,0.9990387030204059,42141440.67635227,mining,"Au, usable ore",metal_economic
NU-MAIN-8b0264c9,,Energy,Electricity consumption|Generated on-site,477755733.6,NU-MAIN-8b0264c9,"Au and Ag, Open-pit and underground mining and beneficiation at Meliadine",Ag,0.8397945,0.0009612969795941015,546878.0084811752,mining,"Ag, usable ore",metal_economic
NU-MAIN-8b0264c9,,Energy,Explosives,18198000.0,NU-MAIN-8b0264c9,"Au and Ag, Open-pit and underground mining and beneficiation at Meliadine",Au,11.3260595934999,0.9990387030204059,1605192.5356281241,mining,"Au, usable ore",metal_economic
NU-MAIN-8b0264c9,,Energy,Explosives,18198000.0,NU-MAIN-8b0264c9,"Au and Ag, Open-pit and underground mining and beneficiation at Meliadine",Ag,0.8397945,0.0009612969795941015,20830.908555192324,mining,"Ag, usable ore",metal_economic
NU-MAIN-8b0264c9,,Energy,Light Fuel & Gasoline,5290000.0,NU-MAIN-8b0264c9,"Au and Ag, Open-pit and underground mining and beneficiation at Meliadine",Au,11.3260595934999,0.9990387030204059,466615.4804633903,mining,"Au, usable ore",metal_economic
NU-MAIN-8b0264c9,,Energy,Light Fuel & Gasoline,5290000.0,NU-MAIN-8b0264c9,"Au and Ag, Open-pit and underground mining and beneficiation at Meliadine",Ag,0.8397945,0.0009612969795941015,6055.363570555412,mining,"Ag, usable ore",metal_economic
BC-MAIN-ed23117f,,Energy,Diesel,929608636.977058,BC-MAIN-ed23117f,"Au and Cu, Open-pit mining and beneficiation at Mount Milligan",Au,4.8021004685,0.5622849655905816,108849234.59725665,mining,"Au, usable ore",metal_economic
BC-MAIN-ed23117f,,Energy,Diesel,929608636.977058,BC-MAIN-ed23117f,"Au and Cu, Open-pit mining and beneficiation at Mount Milligan",Cu,28060.108304,0.43771503440941845,14501.144190655208,mining,"Cu, usable ore",metal_economic
BC-MAIN-ed23117f,,Energy,Electricity consumption|Grid electricity,365541666.6666667,BC-MAIN-ed23117f,"Au and Cu, Open-pit mining and beneficiation at Mount Milligan",Au,4.8021004685,0.5622849655905816,42801808.25283592,mining,"Au, usable ore",metal_economic
BC-MAIN-ed23117f,,Energy,Electricity consumption|Grid electricity,365541666.6666667,BC-MAIN-ed23117f,"Au and Cu, Open-pit mining and beneficiation at Mount Milligan",Cu,28060.108304,0.43771503440941845,5702.154869454568,mining,"Cu, usable ore",metal_economic
BC-MAIN-ed23117f,,Energy,Electricity consumption|Generated on-site,36282051.28205128,BC-MAIN-ed23117f,"Au and Cu, Open-pit mining and beneficiation at Mount Milligan",Au,4.8021004685,0.5622849655905816,4248318.437006046,mining,"Au, usable ore",metal_economic
BC-MAIN-ed23117f,,Energy,Electricity consumption|Generated on-site,36282051.28205128,BC-MAIN-ed23117f,"Au and Cu, Open-pit mining and beneficiation at Mount Milligan",Cu,28060.108304,0.43771503440941845,565.9707066456147,mining,"Cu, usable ore",metal_economic
BC-MAIN-ed23117f,,Energy,Explosives,2587500.0,BC-MAIN-ed23117f,"Au and Cu, Open-pit mining and beneficiation at Mount Milligan",Au,4.8021004685,0.5622849655905816,302974.1584977898,mining,"Au, usable ore",metal_economic
BC-MAIN-ed23117f,,Energy,Explosives,2587500.0,BC-MAIN-ed23117f,"Au and Cu, Open-pit mining and beneficiation at Mount Milligan",Cu,28060.108304,0.43771503440941845,40.36291090768594,mining,"Cu, usable ore",metal_economic
BC-MAIN-ed23117f,,Energy,Gasoline,21012145.748987857,BC-MAIN-ed23117f,"Au and Cu, Open-pit mining and beneficiation at Mount Milligan",Au,4.8021004685,0.5622849655905816,2460342.870157491,mining,"Au, usable ore",metal_economic
BC-MAIN-ed23117f,,Energy,Gasoline,21012145.748987857,BC-MAIN-ed23117f,"Au and Cu, Open-pit mining and beneficiation at Mount Milligan",Cu,28060.108304,0.43771503440941845,327.7725089258777,mining,"Cu, usable ore",metal_economic
BC-MAIN-ed23117f,,Energy,Propane,22737896.494156927,BC-MAIN-ed23117f,"Au and Cu, Open-pit mining and beneficiation at Mount Milligan",Au,4.8021004685,0.5622849655905816,2662413.548338953,mining,"Au, usable ore",metal_economic
BC-MAIN-ed23117f,,Energy,Propane,22737896.494156927,BC-MAIN-ed23117f,"Au and Cu, Open-pit mining and beneficiation at Mount Milligan",Cu,28060.108304,0.43771503440941845,354.69282721617014,mining,"Cu, usable ore",metal_economic
ON-MAIN-fefeaee4,,Energy,Aviation fuel,27653229.04,ON-MAIN-fefeaee4,"Au, Underground mining and beneficiation at Musselwhite",Au,5.59863,1.0,4939284.975074259,mining,"Au, usable ore",metal_economic
ON-MAIN-fefeaee4,,Energy,Biodiesel,11770370.2287417,ON-MAIN-fefeaee4,"Au, Underground mining and beneficiation at Musselwhite",Au,5.59863,1.0,2102366.155424041,mining,"Au, usable ore",metal_economic
ON-MAIN-fefeaee4,,Energy,Diesel,308614730.821,ON-MAIN-fefeaee4,"Au, Underground mining and beneficiation at Musselwhite",Au,5.59863,1.0,55123258.87243843,mining,"Au, usable ore",metal_economic
ON-MAIN-fefeaee4,,Energy,Electricity consumption|Generated on-site,3808984.28206273,ON-MAIN-fefeaee4,"Au, Underground mining and beneficiation at Musselwhite",Au,5.59863,1.0,680342.205515051,mining,"Au, usable ore",metal_economic
ON-MAIN-fefeaee4,,Energy,Electricity consumption|Grid electricity,509889600.0,ON-MAIN-fefeaee4,"Au, Underground mining and beneficiation at Musselwhite",Au,5.59863,1.0,91073994.8880351,mining,"Au, usable ore",metal_economic
ON-MAIN-fefeaee4,,Energy,Gasoline,5437635.0,ON-MAIN-fefeaee4,"Au, Underground mining and beneficiation at Musselwhite",Au,5.59863,1.0,971243.8578723724,mining,"Au, usable ore",metal_economic
ON-MAIN-fefeaee4,,Energy,Propane,229891868.95000002,ON-MAIN-fefeaee4,"Au, Underground mining and beneficiation at Musselwhite",Au,5.59863,1.0,41062165.02072829,mining,"Au, usable ore",metal_economic
ON-MAIN-fefeaee4,,Energy,Solar,1483200.0,ON-MAIN-fefeaee4,"Au, Underground mining and beneficiation at Musselwhite",Au,5.59863,1.0,264921.9541209189,mining,"Au, usable ore",metal_economic
BC-MAIN-aa76f6f2,,Energy,Diesel,170965251.5905,BC-MAIN-aa76f6f2,"Au and Cu, Underground mining and beneficiation at New Afton",Au,2.0974023155,0.42271710025276227,34456877.854209706,mining,"Au, usable ore",metal_economic
BC-MAIN-aa76f6f2,,Energy,Diesel,170965251.5905,BC-MAIN-aa76f6f2,"Au and Cu, Underground mining and beneficiation at New Afton",Cu,21500.2608,0.5772828997472378,4590.4241400727515,mining,"Cu, usable ore",metal_economic
BC-MAIN-aa76f6f2,,Energy,Electricity consumption|Generated on-site,56414676.5,BC-MAIN-aa76f6f2,"Au and Cu, Underground mining and beneficiation at New Afton",Au,2.0974023155,0.42271710025276227,11369992.435663281,mining,"Au, usable ore",metal_economic
BC-MAIN-aa76f6f2,,Energy,Electricity consumption|Generated on-site,56414676.5,BC-MAIN-aa76f6f2,"Au and Cu, Underground mining and beneficiation at New Afton",Cu,21500.2608,0.5772828997472378,1514.7364183704392,mining,"Cu, usable ore",metal_economic
BC-MAIN-aa76f6f2,,Energy,Electricity consumption|Grid electricity,171984823.5,BC-MAIN-aa76f6f2,"Au and Cu, Underground mining and beneficiation at New Afton",Au,2.0974023155,0.42271710025276227,34662365.60345931,mining,"Au, usable ore",metal_economic
BC-MAIN-aa76f6f2,,Energy,Electricity consumption|Grid electricity,171984823.5,BC-MAIN-aa76f6f2,"Au and Cu, Underground mining and beneficiation at New Afton",Cu,21500.2608,0.5772828997472378,4617.7996883924725,mining,"Cu, usable ore",metal_economic
BC-MAIN-aa76f6f2,,Energy,Explosives,2090400.0,BC-MAIN-aa76f6f2,"Au and Cu, Underground mining and beneficiation at New Afton",Au,2.0974023155,0.42271710025276227,421305.8314268721,mining,"Au, usable ore",metal_economic
BC-MAIN-aa76f6f2,,Energy,Explosives,2090400.0,BC-MAIN-aa76f6f2,"Au and Cu, Underground mining and beneficiation at New Afton",Cu,21500.2608,0.5772828997472378,56.12732723835731,mining,"Cu, usable ore",metal_economic
BC-MAIN-aa76f6f2,,Energy,Gasoline,3914535.152,BC-MAIN-aa76f6f2,"Au and Cu, Underground mining and beneficiation at New Afton",Au,2.0974023155,0.42271710025276227,788947.8027473579,mining,"Au, usable ore",metal_economic
BC-MAIN-aa76f6f2,,Energy,Gasoline,3914535.152,BC-MAIN-aa76f6f2,"Au and Cu, Underground mining and beneficiation at New Afton",Cu,21500.2608,0.5772828997472378,105.10543219592266,mining,"Cu, usable ore",metal_economic
BC-MAIN-aa76f6f2,,Energy,Natural gas,59198000.0,BC-MAIN-aa76f6f2,"Au and Cu, Underground mining and beneficiation at New Afton",Au,2.0974023155,0.42271710025276227,11930952.2621546,mining,"Au, usable ore",metal_economic
BC-MAIN-aa76f6f2,,Energy,Natural gas,59198000.0,BC-MAIN-aa76f6f2,"Au and Cu, Underground mining and beneficiation at New Afton",Cu,21500.2608,0.5772828997472378,1589.4687705014715,mining,"Cu, usable ore",metal_economic
BC-MAIN-aa76f6f2,,Energy,Propane,710263.5224,BC-MAIN-aa76f6f2,"Au and Cu, Underground mining and beneficiation at New Afton",Au,2.0974023155,0.42271710025276227,143148.7580543967,mining,"Au, usable ore",metal_economic
BC-MAIN-aa76f6f2,,Energy,Propane,710263.5224,BC-MAIN-aa76f6f2,"Au and Cu, Underground mining and beneficiation at New Afton",Cu,21500.2608,0.5772828997472378,19.07060521776365,mining,"Cu, usable ore",metal_economic
,GRP-0d911886,Energy,Biodiesel,23524436.671511002,GRP-0d911886,"Au, Open-pit and underground mining at Porcupine complex",Au,8.08691,1.0,2908952.451741271,mining,"Au, usable ore",metal_economic
,GRP-0d911886,Energy,Diesel,623021868.616,GRP-0d911886,"Au, Open-pit and underground mining at Porcupine complex",Au,8.08691,1.0,77040781.78389522,mining,"Au, usable ore",metal_economic
,GRP-0d911886,Energy,Electricity consumption|Generated on-site,91025482.2599152,GRP-0d911886,"Au, Open-pit and underground mining at Porcupine complex",Au,8.08691,1.0,11255903.955888616,mining,"Au, usable ore",metal_economic
,GRP-0d911886,Energy,Electricity consumption|Grid electricity,723967200.0,GRP-0d911886,"Au, Open-pit and underground mining at Porcupine complex",Au,8.08691,1.0,89523340.80631539,mining,"Au, usable ore",metal_economic
,GRP-0d911886,Energy,Gasoline,17195846.5,GRP-0d911886,"Au, Open-pit and underground mining at Porcupine complex",Au,8.08691,1.0,2126380.347994475,mining,"Au, usable ore",metal_economic
,GRP-0d911886,Energy,Natural gas,166705000.0,GRP-0d911886,"Au, Open-pit and underground mining at Porcupine complex",Au,8.08691,1.0,20614177.72672133,mining,"Au, usable ore",metal_economic
,GRP-0d911886,Energy,Propane,6336058.0703,GRP-0d911886,"Au, Open-pit and underground mining at Porcupine complex",Au,8.08691,1.0,783495.558909398,mining,"Au, usable ore",metal_economic
ON-MAIN-0aadf28f,,Energy,Diesel,1521587039.8633,ON-MAIN-0aadf28f,"Au, Open-pit and underground mining and beneficiation at Rainy River",Au,7.89235760749999,1.0,192792460.19178838,mining,"Au, usable ore",metal_economic
ON-MAIN-0aadf28f,,Energy,Electricity consumption,2919222000.0,ON-MAIN-0aadf28f,"Au, Open-pit and underground mining and beneficiation at Rainy River",Au,7.89235760749999,1.0,369879590.50739247,mining,"Au, usable ore",metal_economic
ON-MAIN-0aadf28f,,Energy,Explosives,59222508.0,ON-MAIN-0aadf28f,"Au, Open-pit and underground mining and beneficiation at Rainy River",Au,7.89235760749999,1.0,7503779.091778828,mining,"Au, usable ore",metal_economic
ON-MAIN-0aadf28f,,Energy,Gasoline,37604891.478,ON-MAIN-0aadf28f,"Au, Open-pit and underground mining and beneficiation at Rainy River",Au,7.89235760749999,1.0,4764722.196858468,mining,"Au, usable ore",metal_economic
ON-MAIN-0aadf28f,,Energy,Propane,84441809.056336,ON-MAIN-0aadf28f,"Au, Open-pit and underground mining and beneficiation at Rainy River",Au,7.89235760749999,1.0,10699186.891391262,mining,"Au, usable ore",metal_economic
BC-MAIN-8eb8be0d,,Energy,Acetylene,2000.0,BC-MAIN-8eb8be0d,"Au and Cu, Open-pit mining and beneficiation at Red Chris",Au,0.1555175,0.24339693192888107,3130.154894836672,mining,"Au, usable ore",metal_economic
BC-MAIN-8eb8be0d,,Energy,Acetylene,2000.0,BC-MAIN-8eb8be0d,"Au and Cu, Open-pit mining and beneficiation at Red Chris",Cu,3628.736,0.7566030680711189,0.4170064000638894,mining,"Cu, usable ore",metal_economic
BC-MAIN-8eb8be0d,,Energy,Aviation fuel,121071915.388,BC-MAIN-8eb8be0d,"Au and Cu, Open-pit mining and beneficiation at Red Chris",Au,0.1555175,0.24339693192888107,189486924.2894998,mining,"Au, usable ore",metal_economic
BC-MAIN-8eb8be0d,,Energy,Aviation fuel,121071915.388,BC-MAIN-8eb8be0d,"Au and Cu, Open-pit mining and beneficiation at Red Chris",Cu,3628.736,0.7566030680711189,25243.881792394848,mining,"Cu, usable ore",metal_economic
BC-MAIN-8eb8be0d,,Energy,Diesel,1361713858.312,BC-MAIN-8eb8be0d,"Au and Cu, Open-pit mining and beneficiation at Red Chris",Au,0.1555175,0.24339693192888107,2131187649.4811184,mining,"Au, usable ore",metal_economic
BC-MAIN-8eb8be0d,,Energy,Diesel,1361713858.312,BC-MAIN-8eb8be0d,"Au and Cu, Open-pit mining and beneficiation at Red Chris",Cu,3628.736,0.7566030680711189,283921.6969858982,mining,"Cu, usable ore",metal_economic
BC-MAIN-8eb8be0d,,Energy,Electricity consumption|Generated on-site,5528566.7,BC-MAIN-8eb8be0d,"Au and Cu, Open-pit mining and beneficiation at Red Chris",Au,0.1555175,0.24339693192888107,8652635.058718013,mining,"Au, usable ore",metal_economic
BC-MAIN-8eb8be0d,,Energy,Electricity consumption|Generated on-site,5528566.7,BC-MAIN-8eb8be0d,"Au and Cu, Open-pit mining and beneficiation at Red Chris",Cu,3628.736,0.7566030680711189,1152.7238485400485,mining,"Cu, usable ore",metal_economic
BC-MAIN-8eb8be0d,,Energy,Electricity consumption|Grid electricity,1274584341.6,BC-MAIN-8eb8be0d,"Au and Cu, Open-pit mining and beneficiation at Red Chris",Au,0.1555175,0.24339693192888107,1994823207.870708,mining,"Au, usable ore",metal_economic
BC-MAIN-8eb8be0d,,Energy,Electricity consumption|Grid electricity,1274584341.6,BC-MAIN-8eb8be0d,"Au and Cu, Open-pit mining and beneficiation at Red Chris",Cu,3628.736,0.7566030680711189,265754.9139342093,mining,"Cu, usable ore",metal_economic
BC-MAIN-8eb8be0d,,Energy,Gasoline,25050760.0,BC-MAIN-8eb8be0d,"Au and Cu, Open-pit mining and beneficiation at Red Chris",Au,0.1555175,0.24339693192888107,39206379.51668936,mining,"Au, usable ore",metal_economic
BC-MAIN-8eb8be0d,,Energy,Gasoline,25050760.0,BC-MAIN-8eb8be0d,"Au and Cu, Open-pit mining and beneficiation at Red Chris",Cu,3628.736,0.7566030680711189,5223.163623232239,mining,"Cu, usable ore",metal_economic
BC-MAIN-8eb8be0d,,Energy,Propane,80313185.80000001,BC-MAIN-8eb8be0d,"Au and Cu, Open-pit mining and beneficiation at Red Chris",Au,0.1555175,0.24339693192888107,125696355.82589856,mining,"Au, usable ore",metal_economic
BC-MAIN-8eb8be0d,,Energy,Propane,80313185.80000001,BC-MAIN-8eb8be0d,"Au and Cu, Open-pit mining and beneficiation at Red Chris",Cu,3628.736,0.7566030680711189,16745.556244060142,mining,"Cu, usable ore",metal_economic
ON-MAIN-7f050560,,Energy,Diesel,111899935.999,ON-MAIN-7f050560,"Au, Underground mining and beneficiation at Red Lake",Au,3.50536445,1.0,31922482.696200103,mining,"Au, usable ore",metal_economic
ON-MAIN-7f050560,,Energy,Electricity consumption|Grid electricity,893875119.6906,ON-MAIN-7f050560,"Au, Underground mining and beneficiation at Red Lake",Au,3.50536445,1.0,255002049.69859838,mining,"Au, usable ore",metal_economic
ON-MAIN-7f050560,,Energy,Gasoline,4970480.57,ON-MAIN-7f050560,"Au, Underground mining and beneficiation at Red Lake",Au,3.50536445,1.0,1417963.9923032825,mining,"Au, usable ore",metal_economic
ON-MAIN-7f050560,,Energy,LPG,14655632.810559977,ON-MAIN-7f050560,"Au, Underground mining and beneficiation at Red Lake",Au,3.50536445,1.0,4180915.5708645293,mining,"Au, usable ore",metal_economic
ON-MAIN-7f050560,,Energy,Natural gas,307233000.0,ON-MAIN-7f050560,"Au, Underground mining and beneficiation at Red Lake",Au,3.50536445,1.0,87646521.31963055,mining,"Au, usable ore",metal_economic
,GRP-a13779f8,Energy,Diesel,387200000.0,GRP-a13779f8,"Au and Ag and Cu and Zn, Underground mining and beneficiation at Snow Lake",Au,5.8276450705,0.6124179191730442,40690230.00459731,mining,"Au, usable ore",metal_economic
,GRP-a13779f8,Energy,Diesel,387200000.0,GRP-a13779f8,"Au and Ag and Cu and Zn, Underground mining and beneficiation at Snow Lake",Ag,26.4915663305,0.036127966204618486,528045.3537518049,mining,"Ag, usable ore",metal_economic
,GRP-a13779f8,Energy,Diesel,387200000.0,GRP-a13779f8,"Au and Ag and Cu and Zn, Underground mining and beneficiation at Snow Lake",Cu,12154.0,0.1701574307878526,5420.845581788425,mining,"Cu, usable ore",metal_economic
,GRP-a13779f8,Energy,Diesel,387200000.0,GRP-a13779f8,"Au and Ag and Cu and Zn, Underground mining and beneficiation at Snow Lake",Zn,34642.0,0.1812966838344847,2026.3863512704945,mining,"Zn, usable ore",metal_economic
,GRP-a13779f8,Energy,Electricity consumption,764000000.0,GRP-a13779f8,"Au and Ag and Cu and Zn, Underground mining and beneficiation at Snow Lake",Au,5.8276450705,0.6124179191730442,80287540.6082447,mining,"Au, usable ore",metal_economic
,GRP-a13779f8,Energy,Electricity consumption,764000000.0,GRP-a13779f8,"Au and Ag and Cu and Zn, Underground mining and beneficiation at Snow Lake",Ag,26.4915663305,0.036127966204618486,1041907.6711425077,mining,"Ag, usable ore",metal_economic
,GRP-a13779f8,Energy,Electricity consumption,764000000.0,GRP-a13779f8,"Au and Ag and Cu and Zn, Underground mining and beneficiation at Snow Lake",Cu,12154.0,0.1701574307878526,10696.089939272617,mining,"Cu, usable ore",metal_economic
,GRP-a13779f8,Energy,Electricity consumption,764000000.0,GRP-a13779f8,"Au and Ag and Cu and Zn, Underground mining and beneficiation at Snow Lake",Zn,34642.0,0.1812966838344847,3998.3449699655416,mining,"Zn, usable ore",metal_economic
,GRP-a13779f8,Energy,Gasoline,1760000.0,GRP-a13779f8,"Au and Ag and Cu and Zn, Underground mining and beneficiation at Snow Lake",Au,5.8276450705,0.6124179191730442,184955.59092998778,mining,"Au, usable ore",metal_economic
,GRP-a13779f8,Energy,Gasoline,1760000.0,GRP-a13779f8,"Au and Ag and Cu and Zn, Underground mining and beneficiation at Snow Lake",Ag,26.4915663305,0.036127966204618486,2400.2061534172954,mining,"Ag, usable ore",metal_economic
,GRP-a13779f8,Energy,Gasoline,1760000.0,GRP-a13779f8,"Au and Ag and Cu and Zn, Underground mining and beneficiation at Snow Lake",Cu,12154.0,0.1701574307878526,24.640207189947386,mining,"Cu, usable ore",metal_economic
,GRP-a13779f8,Energy,Gasoline,1760000.0,GRP-a13779f8,"Au and Ag and Cu and Zn, Underground mining and beneficiation at Snow Lake",Zn,34642.0,0.1812966838344847,9.210847051229521,mining,"Zn, usable ore",metal_economic
,GRP-a13779f8,Energy,Propane,48400000.0,GRP-a13779f8,"Au and Ag and Cu and Zn, Underground mining and beneficiation at Snow Lake",Au,5.8276450705,0.6124179191730442,5086278.750574664,mining,"Au, usable ore",metal_economic
,GRP-a13779f8,Energy,Propane,48400000.0,GRP-a13779f8,"Au and Ag and Cu and Zn, Underground mining and beneficiation at Snow Lake",Ag,26.4915663305,0.036127966204618486,66005.66921897561,mining,"Ag, usable ore",metal_economic
,GRP-a13779f8,Energy,Propane,48400000.0,GRP-a13779f8,"Au and Ag and Cu and Zn, Underground mining and beneficiation at Snow Lake",Cu,12154.0,0.1701574307878526,677.6056977235531,mining,"Cu, usable ore",metal_economic
,GRP-a13779f8,Energy,Propane,48400000.0,GRP-a13779f8,"Au and Ag and Cu and Zn, Underground mining and beneficiation at Snow Lake",Zn,34642.0,0.1812966838344847,253.29829390881181,mining,"Zn, usable ore",metal_economic
,GRP-147b3123,Energy,Ammonium nitrate,20700.0,GRP-147b3123,"Au, Underground mining and beneficiation at Timmins Operation",Au,1.2054783495,1.0,17171.60661457404,mining,"Au, usable ore",metal_economic
,GRP-147b3123,Energy,Diesel,384285800.0,GRP-147b3123,"Au, Underground mining and beneficiation at Timmins Operation",Au,1.2054783495,1.0,318782830.2012984,mining,"Au, usable ore",metal_economic
,GRP-147b3123,Energy,Dynamite,4889799.999999999,GRP-147b3123,"Au, Underground mining and beneficiation at Timmins Operation",Au,1.2054783495,1.0,4056315.0736204893,mining,"Au, usable ore",metal_economic
,GRP-147b3123,Energy,Electricity consumption|Grid electricity,738226800.0,GRP-147b3123,"Au, Underground mining and beneficiation at Timmins Operation",Au,1.2054783495,1.0,612393246.4703299,mining,"Au, usable ore",metal_economic
,GRP-147b3123,Energy,Emulsions,2026300.0,GRP-147b3123,"Au, Underground mining and beneficiation at Timmins Operation",Au,1.2054783495,1.0,1680909.491937748,mining,"Au, usable ore",metal_economic
,GRP-147b3123,Energy,Gasoline,2946100.0,GRP-147b3123,"Au, Underground mining and beneficiation at Timmins Operation",Au,1.2054783495,1.0,2443926.0988983857,mining,"Au, usable ore",metal_economic
,GRP-147b3123,Energy,Natural gas,159325598.85000002,GRP-147b3123,"Au, Underground mining and beneficiation at Timmins Operation",Au,1.2054783495,1.0,132167947.20210776,mining,"Au, usable ore",metal_economic
QC-MAIN-02884fb5,,Energy,ANFO,1530900.0,QC-MAIN-02884fb5,"Au and Ag, Underground mining and beneficiation at Westwood-Doyon",Au,2.8926255,0.994897522565433,526541.9312992371,mining,"Au, usable ore",metal_economic
QC-MAIN-02884fb5,,Energy,ANFO,1530900.0,QC-MAIN-02884fb5,"Au and Ag, Underground mining and beneficiation at Westwood-Doyon",Ag,1.143178039,0.005102477434567,6833.041256995858,mining,"Ag, usable ore",metal_economic
QC-MAIN-02884fb5,,Energy,Diesel,206946000.0,QC-MAIN-02884fb5,"Au and Ag, Underground mining and beneficiation at Westwood-Doyon",Au,2.8926255,0.994897522565433,71177573.0058475,mining,"Au, usable ore",metal_economic
QC-MAIN-02884fb5,,Energy,Diesel,206946000.0,QC-MAIN-02884fb5,"Au and Ag, Underground mining and beneficiation at Westwood-Doyon",Ag,1.143178039,0.005102477434567,923685.7769745019,mining,"Ag, usable ore",metal_economic
QC-MAIN-02884fb5,,Energy,Electricity consumption|Grid electricity,525946699.99999994,QC-MAIN-02884fb5,"Au and Ag, Underground mining and beneficiation at Westwood-Doyon",Au,2.8926255,0.994897522565433,180895545.87396982,mining,"Au, usable ore",metal_economic
QC-MAIN-02884fb5,,Energy,Electricity consumption|Grid electricity,525946699.99999994,QC-MAIN-02884fb5,"Au and Ag, Underground mining and beneficiation at Westwood-Doyon",Ag,1.143178039,0.005102477434567,2347518.126644995,mining,"Ag, usable ore",metal_economic
QC-MAIN-02884fb5,,Energy,Emulsion ANFO,4260600.0,QC-MAIN-02884fb5,"Au and Ag, Underground mining and beneficiation at Westwood-Doyon",Au,2.8926255,0.994897522565433,1465402.4119756545,mining,"Au, usable ore",metal_economic
QC-MAIN-02884fb5,,Energy,Emulsion ANFO,4260600.0,QC-MAIN-02884fb5,"Au and Ag, Underground mining and beneficiation at Westwood-Doyon",Ag,1.143178039,0.005102477434567,19016.823815766253,mining,"Ag, usable ore",metal_economic
QC-MAIN-02884fb5,,Energy,Gasoline,3350800.0,QC-MAIN-02884fb5,"Au and Ag, Underground mining and beneficiation at Westwood-Doyon",Au,2.8926255,0.994897522565433,1152483.3126902368,mining,"Au, usable ore",metal_economic
QC-MAIN-02884fb5,,Energy,Gasoline,3350800.0,QC-MAIN-02884fb5,"Au and Ag, Underground mining and beneficiation at Westwood-Doyon",Ag,1.143178039,0.005102477434567,14956.00930429272,mining,"Ag, usable ore",metal_economic
QC-MAIN-02884fb5,,Energy,Natural gas,63958300.0,QC-MAIN-02884fb5,"Au and Ag, Underground mining and beneficiation at Westwood-Doyon",Au,2.8926255,0.994897522565433,21997992.556415178,mining,"Au, usable ore",metal_economic
QC-MAIN-02884fb5,,Energy,Natural gas,63958300.0,QC-MAIN-02884fb5,"Au and Ag, Underground mining and beneficiation at Westwood-Doyon",Ag,1.143178039,0.005102477434567,285472.4035713098,mining,"Ag, usable ore",metal_economic
QC-MAIN-02884fb5,,Energy,Propane,33000.0,QC-MAIN-02884fb5,"Au and Ag, Underground mining and beneficiation at Westwood-Doyon",Au,2.8926255,0.994897522565433,11350.110218090551,mining,"Au, usable ore",metal_economic
QC-MAIN-02884fb5,,Energy,Propane,33000.0,QC-MAIN-02884fb5,"Au and Ag, Underground mining and beneficiation at Westwood-Doyon",Ag,1.143178039,0.005102477434567,147.29267847727698,mining,"Ag, usable ore",metal_economic
ON-MAIN-7607a50e,,Energy,Diesel,140100000.0,ON-MAIN-7607a50e,"Au, Underground mining and beneficiation at Young-Davidson",Au,5.75725784999999,1.0,24334501.537046887,mining,"Au, usable ore",metal_economic
ON-MAIN-7607a50e,,Energy,Electricity consumption|Generated on-site,475000.0,ON-MAIN-7607a50e,"Au, Underground mining and beneficiation at Young-Davidson",Au,5.75725784999999,1.0,82504.55553245732,mining,"Au, usable ore",metal_economic
ON-MAIN-7607a50e,,Energy,Electricity consumption|Grid electricity,960748000.0,ON-MAIN-7607a50e,"Au, Underground mining and beneficiation at Young-Davidson",Au,5.75725784999999,1.0,166875972.03936276,mining,"Au, usable ore",metal_economic
ON-MAIN-7607a50e,,Energy,Gasoline,2124000.0,ON-MAIN-7607a50e,"Au, Underground mining and beneficiation at Young-Davidson",Au,5.75725784999999,1.0,368925.63358092494,mining,"Au, usable ore",metal_economic
ON-MAIN-7607a50e,,Energy,Naphta,6344000.0,ON-MAIN-7607a50e,"Au, Underground mining and beneficiation at Young-Davidson",Au,5.75725784999999,1.0,1101913.4743113879,mining,"Au, usable ore",metal_economic
ON-MAIN-7607a50e,,Energy,Natural gas,221612000.0,ON-MAIN-7607a50e,"Au, Underground mining and beneficiation at Young-Davidson",Au,5.75725784999999,1.0,38492630.654018804,mining,"Au, usable ore",metal_economic
