technosphere_id,year,flow_type,subflow_type,unit,value,comment,main_id,facility_group_id,company_id,source_id,value_MJ,unit_source,assumption_note,unit_standard,needs_factor,site_id,activity_name,mining_processing_type,archetypes,concentrate,mass_conc,allocation_factor,facility_type,value_normalized,functional_unit,normalization_key
TECH-857b7b89-2023.0-1.0,2023.0,Energy,Acetylene,GJ,18.475650648,,BC-MAIN-857b7b89,,CMP-4a434d72,NewmontCorporation_2023-Performance-data,18475.650648,direct_unit,gj→MJ factor=1000.0,MJ,False,BC-MAIN-857b7b89,Underground mining and beneficiation at Brucejack,"Underground, concentrator",Hybrid free-miling-refactory,Au,0.920409693877551,1.0,mining,20073.289939140897,Doré,concentrate_economic
TECH-857b7b89-2023.0-2.0,2023.0,Energy,Aviation fuel,GJ,72676.1107896,,BC-MAIN-857b7b89,,CMP-4a434d72,NewmontCorporation_2023-Performance-data,72676110.7896,direct_unit,gj→MJ factor=1000.0,MJ,False,BC-MAIN-857b7b89,Underground mining and beneficiation at Brucejack,"Underground, concentrator",Hybrid free-miling-refactory,Au,0.920409693877551,1.0,mining,78960609.90342921,Doré,concentrate_economic
TECH-857b7b89-2023.0-3.0,2023.0,Energy,Diesel,GJ,287042.447231542,,BC-MAIN-857b7b89,,CMP-4a434d72,NewmontCorporation_2023-Performance-data,287042447.2315421,direct_unit,gj→MJ factor=1000.0,MJ,False,BC-MAIN-857b7b89,Underground mining and beneficiation at Brucejack,"Underground, concentrator",Hybrid free-miling-refactory,Au,0.920409693877551,1.0,mining,311863781.0324165,Doré,concentrate_economic
TECH-857b7b89-2023.0-4.0,2023.0,Energy,Electricity consumption|Generated on-site,GJ,86225.1173956,,BC-MAIN-857b7b89,,CMP-4a434d72,NewmontCorporation_2023-Performance-data,86225117.39559999,direct_unit,gj→MJ factor=1000.0,MJ,False,BC-MAIN-857b7b89,Underground mining and beneficiation at Brucejack,"Underground, concentrator",Hybrid free-miling-refactory,Au,0.920409693877551,1.0,mining,93681235.61622457,Doré,concentrate_economic
TECH-857b7b89-2023.0-5.0,2023.0,Energy,Electricity consumption|Grid electricity,GJ,569009.5848,,BC-MAIN-857b7b89,,CMP-4a434d72,NewmontCorporation_2023-Performance-data,569009584.8,direct_unit,gj→MJ factor=1000.0,MJ,False,BC-MAIN-857b7b89,Underground mining and beneficiation at Brucejack,"Underground, concentrator",Hybrid free-miling-refactory,Au,0.920409693877551,1.0,mining,618213376.700593,Doré,concentrate_economic
TECH-857b7b89-2023.0-6.0,2023.0,Energy,Gasoline,GJ,13568.45,,BC-MAIN-857b7b89,,CMP-4a434d72,NewmontCorporation_2023-Performance-data,13568450.0,direct_unit,gj→MJ factor=1000.0,MJ,False,BC-MAIN-857b7b89,Underground mining and beneficiation at Brucejack,"Underground, concentrator",Hybrid free-miling-refactory,Au,0.920409693877551,1.0,mining,14741750.429461593,Doré,concentrate_economic
TECH-857b7b89-2023.0-7.0,2023.0,Energy,Propane,GJ,42071.0413,,BC-MAIN-857b7b89,,CMP-4a434d72,NewmontCorporation_2023-Performance-data,42071041.3,direct_unit,gj→MJ factor=1000.0,MJ,False,BC-MAIN-857b7b89,Underground mining and beneficiation at Brucejack,"Underground, concentrator",Hybrid free-miling-refactory,Au,0.920409693877551,1.0,mining,45709037.59472684,Doré,concentrate_economic
TECH-857b7b89-2023.0-8.0,2023.0,Energy,Used oil,GJ,2344.0244,,BC-MAIN-857b7b89,,CMP-4a434d72,NewmontCorporation_2023-Performance-data,2344024.4,direct_unit,gj→MJ factor=1000.0,MJ,False,BC-MAIN-857b7b89,Underground mining and beneficiation at Brucejack,"Underground, concentrator",Hybrid free-miling-refactory,Au,0.920409693877551,1.0,mining,2546718.5054570306,Doré,concentrate_economic
TECH-e7e6a960-2023.0-1.0,2023.0,Energy,Diesel,GJ,2557832.0,,QC-MAIN-e7e6a960,,CMP-6265c407,AgnicoEagleMinesLimited_2023-Sustainability-Performance_data,2557832000.0,direct_unit,gj→MJ factor=1000.0,MJ,False,QC-MAIN-e7e6a960,Open-pit mining and beneficiation at Canadian Malartic,"Open-pit, concentrator",Hybrid free-miling-refactory,Au,29.039084533163262,1.0,mining,88082391.06432231,Doré,concentrate_economic
TECH-e7e6a960-2023.0-2.0,2023.0,Energy,Electricity consumption|Grid electricity,kWh,674524386.0,,QC-MAIN-e7e6a960,,CMP-6265c407,AgnicoEagleMinesLimited_2023-Sustainability-Performance_data,2428287789.6,direct_unit,kwh→MJ factor=3.6,MJ,False,QC-MAIN-e7e6a960,Open-pit mining and beneficiation at Canadian Malartic,"Open-pit, concentrator",Hybrid free-miling-refactory,Au,29.039084533163262,1.0,mining,83621361.64543489,Doré,concentrate_economic
TECH-e7e6a960-2023.0-3.0,2023.0,Energy,Light Fuel & Gasoline,GJ,42833.0,,QC-MAIN-e7e6a960,,CMP-6265c407,AgnicoEagleMinesLimited_2023-Sustainability-Performance_data,42833000.0,direct_unit,gj→MJ factor=1000.0,MJ,False,QC-MAIN-e7e6a960,Open-pit mining and beneficiation at Canadian Malartic,"Open-pit, concentrator",Hybrid free-miling-refactory,Au,29.039084533163262,1.0,mining,1475012.063520246,Doré,concentrate_economic
TECH-e7e6a960-2023.0-4.0,2023.0,Energy,Natural gas,GJ,162805.0,,QC-MAIN-e7e6a960,,CMP-6265c407,AgnicoEagleMinesLimited_2023-Sustainability-Performance_data,162805000.0,direct_unit,gj→MJ factor=1000.0,MJ,False,QC-MAIN-e7e6a960,Open-pit mining and beneficiation at Canadian Malartic,"Open-pit, concentrator",Hybrid free-miling-refactory,Au,29.039084533163262,1.0,mining,5606409.520729663,Doré,concentrate_economic
TECH-e7e6a960-2023.0-5.0,2023.0,Energy,Propane,GJ,1463.60937,,QC-MAIN-e7e6a960,,CMP-6265c407,AgnicoEagleMinesLimited_2023-Sustainability-Performance_data,1463609.37,direct_unit,gj→MJ factor=1000.0,MJ,False,QC-MAIN-e7e6a960,Open-pit mining and beneficiation at Canadian Malartic,"Open-pit, concentrator",Hybrid free-miling-refactory,Au,29.039084533163262,1.0,mining,50401.36056384721,Doré,concentrate_economic
TECH-b86f7d07-2023.0-1.0,2023.0,Energy,Diesel|Mobile equipment,gallons,2785135.0,,QC-MAIN-b86f7d07,,CMP-7e360a1f,HeclaMiningCompany_SR_2023,378542030.2939668,lhv+density,"diesel MJ/kg=43.0, dens=0.835 kg/L",MJ,False,QC-MAIN-b86f7d07,Open-pit and underground mining and beneficiation at Casa Berardi,"Open-pit, underground, concentrator",Free-miling,Au,3.5165997959183577,1.0,mining,107644330.39361843,Doré,concentrate_economic
TECH-b86f7d07-2023.0-2.0,2023.0,Energy,Electricity consumption|Not specified,kWh,137676647.0,,QC-MAIN-b86f7d07,,CMP-7e360a1f,HeclaMiningCompany_SR_2023,495635929.2,direct_unit,kwh→MJ factor=3.6,MJ,False,QC-MAIN-b86f7d07,Open-pit and underground mining and beneficiation at Casa Berardi,"Open-pit, underground, concentrator",Free-miling,Au,3.5165997959183577,1.0,mining,140941806.84855697,Doré,concentrate_economic
TECH-b86f7d07-2023.0-3.0,2023.0,Energy,Gasoline|Mobile equipment,gallons,144321.0,,QC-MAIN-b86f7d07,,CMP-7e360a1f,HeclaMiningCompany_SR_2023,17908178.0536758,lhv+density,"gasoline MJ/kg=44.0, dens=0.745 kg/L",MJ,False,QC-MAIN-b86f7d07,Open-pit and underground mining and beneficiation at Casa Berardi,"Open-pit, underground, concentrator",Free-miling,Au,3.5165997959183577,1.0,mining,5092469.741499001,Doré,concentrate_economic
TECH-b86f7d07-2023.0-4.0,2023.0,Energy,Propane,gallons,494423.0,,QC-MAIN-b86f7d07,,CMP-7e360a1f,HeclaMiningCompany_SR_2023,42813081.77158993,lhv+density,"propane MJ/kg=46.4, dens=0.493 kg/L",MJ,False,QC-MAIN-b86f7d07,Open-pit and underground mining and beneficiation at Casa Berardi,"Open-pit, underground, concentrator",Free-miling,Au,3.5165997959183577,1.0,mining,12174567.552805457,Doré,concentrate_economic
TECH-599152a0-2023.0-1.0,2023.0,Energy,Diesel,TJ,80.96,Share of primary energy source derived from the all group,BC-MAIN-599152a0,,CMP-12afc634,HudbayMineralsInc_Hudbay-2023-Integrated-Annual-Report-Performance-Data,80960000.0,direct_unit,tj→MJ factor=1000000.0,MJ,False,BC-MAIN-599152a0,Open-pit mining and beneficiation at Copper Mountain,"Open-pit, concentrator","Porphyry sulfide, flotation-based",Cu,63500.0,1.0,mining,1274.9606299212599,Cu concentrate,concentrate_economic
TECH-599152a0-2023.0-2.0,2023.0,Energy,Electricity consumption,TJ,1968.0,,BC-MAIN-599152a0,,CMP-12afc634,HudbayMineralsInc_Hudbay-2023-Integrated-Annual-Report-Performance-Data,1968000000.0,direct_unit,tj→MJ factor=1000000.0,MJ,False,BC-MAIN-599152a0,Open-pit mining and beneficiation at Copper Mountain,"Open-pit, concentrator","Porphyry sulfide, flotation-based",Cu,63500.0,1.0,mining,30992.12598425197,Cu concentrate,concentrate_economic
TECH-599152a0-2023.0-3.0,2023.0,Energy,Gasoline,TJ,0.368,Share of primary energy source derived from the all group,BC-MAIN-599152a0,,CMP-12afc634,HudbayMineralsInc_Hudbay-2023-Integrated-Annual-Report-Performance-Data,368000.0,direct_unit,tj→MJ factor=1000000.0,MJ,False,BC-MAIN-599152a0,Open-pit mining and beneficiation at Copper Mountain,"Open-pit, concentrator","Porphyry sulfide, flotation-based",Cu,63500.0,1.0,mining,5.7952755905511815,Cu concentrate,concentrate_economic
TECH-599152a0-2023.0-4.0,2023.0,Energy,Propane,TJ,10.12,Share of primary energy source derived from the all group,BC-MAIN-599152a0,,CMP-12afc634,HudbayMineralsInc_Hudbay-2023-Integrated-Annual-Report-Performance-Data,10120000.0,direct_unit,tj→MJ factor=1000000.0,MJ,False,BC-MAIN-599152a0,Open-pit mining and beneficiation at Copper Mountain,"Open-pit, concentrator","Porphyry sulfide, flotation-based",Cu,63500.0,1.0,mining,159.37007874015748,Cu concentrate,concentrate_economic
TECH-aeafbb59-2023.0-1.0,2023.0,Energy,Diesel,GJ,3947008.0,,ON-MAIN-aeafbb59,,CMP-6265c407,AgnicoEagleMinesLimited_2023-Sustainability-Performance_data,3947008000.0,direct_unit,gj→MJ factor=1000.0,MJ,False,ON-MAIN-aeafbb59,Open-pit mining and beneficiation at Detour Lake,"Open-pit, concentrator",Free-miling,Au,24.0082838377551,1.0,mining,164401921.71474534,Doré,concentrate_economic
TECH-aeafbb59-2023.0-2.0,2023.0,Energy,Electricity consumption|Grid electricity,kWh,830958937.0,,ON-MAIN-aeafbb59,,CMP-6265c407,AgnicoEagleMinesLimited_2023-Sustainability-Performance_data,2991452173.2,direct_unit,kwh→MJ factor=3.6,MJ,False,ON-MAIN-aeafbb59,Open-pit mining and beneficiation at Detour Lake,"Open-pit, concentrator",Free-miling,Au,24.0082838377551,1.0,mining,124600833.33801988,Doré,concentrate_economic
TECH-aeafbb59-2023.0-3.0,2023.0,Energy,Explosives,GJ,65074.0,,ON-MAIN-aeafbb59,,CMP-6265c407,AgnicoEagleMinesLimited_2023-Sustainability-Performance_data,65074000.0,direct_unit,gj→MJ factor=1000.0,MJ,False,ON-MAIN-aeafbb59,Open-pit mining and beneficiation at Detour Lake,"Open-pit, concentrator",Free-miling,Au,24.0082838377551,1.0,mining,2710481.1172577655,Doré,concentrate_economic
TECH-aeafbb59-2023.0-4.0,2023.0,Energy,Light Fuel & Gasoline,GJ,71904.0,,ON-MAIN-aeafbb59,,CMP-6265c407,AgnicoEagleMinesLimited_2023-Sustainability-Performance_data,71904000.0,direct_unit,gj→MJ factor=1000.0,MJ,False,ON-MAIN-aeafbb59,Open-pit mining and beneficiation at Detour Lake,"Open-pit, concentrator",Free-miling,Au,24.0082838377551,1.0,mining,2994966.2577266246,Doré,concentrate_economic
TECH-aeafbb59-2023.0-5.0,2023.0,Energy,Propane,GJ,182468.0,,ON-MAIN-aeafbb59,,CMP-6265c407,AgnicoEagleMinesLimited_2023-Sustainability-Performance_data,182468000.0,direct_unit,gj→MJ factor=1000.0,MJ,False,ON-MAIN-aeafbb59,Open-pit mining and beneficiation at Detour Lake,"Open-pit, concentrator",Free-miling,Au,24.0082838377551,1.0,mining,7600210.045544918,Doré,concentrate_economic
TECH-cb85213a-2023.0-1.0,2023.0,Energy,Diesel,kl,2829.0,,ON-MAIN-cb85213a,,CMP-3d2c4955,WesdomeGoldMinesLtd._ESG_data_2023,101575245.0,lhv+density,"diesel MJ/kg=43.0, dens=0.835 kg/L",MJ,False,ON-MAIN-cb85213a,Underground mining and beneficiation at Eagle River,"Underground, concentrator",Free-miling,Au,2.7760508515306124,1.0,mining,36589835.86125418,Doré,concentrate_economic
TECH-cb85213a-2023.0-2.0,2023.0,Energy,Electricity consumption|Generated on-site,MWh,34190.62,Given in MW in the Excel file but does not make sense,ON-MAIN-cb85213a,,CMP-3d2c4955,WesdomeGoldMinesLtd._ESG_data_2023,123086232.0,direct_unit,mwh→MJ factor=3600.0,MJ,False,ON-MAIN-cb85213a,Underground mining and beneficiation at Eagle River,"Underground, concentrator",Free-miling,Au,2.7760508515306124,1.0,mining,44338608.54246772,Doré,concentrate_economic
TECH-cb85213a-2023.0-3.0,2023.0,Energy,Electricity consumption|Grid electricity,MWh,38555.38,Given in MW in the Excel file but does not make sense,ON-MAIN-cb85213a,,CMP-3d2c4955,WesdomeGoldMinesLtd._ESG_data_2023,138799368.0,direct_unit,mwh→MJ factor=3600.0,MJ,False,ON-MAIN-cb85213a,Underground mining and beneficiation at Eagle River,"Underground, concentrator",Free-miling,Au,2.7760508515306124,1.0,mining,49998856.441506155,Doré,concentrate_economic
TECH-cb85213a-2023.0-5.0,2023.0,Energy,Gasoline,kl,369.0,,ON-MAIN-cb85213a,,CMP-3d2c4955,WesdomeGoldMinesLtd._ESG_data_2023,12095820.0,lhv+density,"gasoline MJ/kg=44.0, dens=0.745 kg/L",MJ,False,ON-MAIN-cb85213a,Underground mining and beneficiation at Eagle River,"Underground, concentrator",Free-miling,Au,2.7760508515306124,1.0,mining,4357204.045210775,Doré,concentrate_economic
TECH-cb85213a-2023.0-6.0,2023.0,Energy,Propane,kl,2528.0,,ON-MAIN-cb85213a,,CMP-3d2c4955,WesdomeGoldMinesLtd._ESG_data_2023,57828505.6,lhv+density,"propane MJ/kg=46.4, dens=0.493 kg/L",MJ,False,ON-MAIN-cb85213a,Underground mining and beneficiation at Eagle River,"Underground, concentrator",Free-miling,Au,2.7760508515306124,1.0,mining,20831212.644435346,Doré,concentrate_economic
TECH-6dc537e6-2023.0-1.0,2023.0,Energy,Aviation fuel,GJ,21662.09888,,QC-MAIN-6dc537e6,,CMP-4a434d72,NewmontCorporation_2023-Performance-data,21662098.88,direct_unit,gj→MJ factor=1000.0,MJ,False,QC-MAIN-6dc537e6,Underground mining and beneficiation at Éléonore,"Underground, concentrator",Free-miling,Au,7.738899920918366,1.0,mining,2799118.621685107,Doré,concentrate_economic
TECH-6dc537e6-2023.0-3.0,2023.0,Energy,Diesel,GJ,385327.7974,,QC-MAIN-6dc537e6,,CMP-4a434d72,NewmontCorporation_2023-Performance-data,385327797.4,direct_unit,gj→MJ factor=1000.0,MJ,False,QC-MAIN-6dc537e6,Underground mining and beneficiation at Éléonore,"Underground, concentrator",Free-miling,Au,7.738899920918366,1.0,mining,49791029.90574319,Doré,concentrate_economic
TECH-6dc537e6-2023.0-4.0,2023.0,Energy,Electricity consumption|Generated on-site,GJ,3531.1068,,QC-MAIN-6dc537e6,,CMP-4a434d72,NewmontCorporation_2023-Performance-data,3531106.8,direct_unit,gj→MJ factor=1000.0,MJ,False,QC-MAIN-6dc537e6,Underground mining and beneficiation at Éléonore,"Underground, concentrator",Free-miling,Au,7.738899920918366,1.0,mining,456280.19952233305,Doré,concentrate_economic
TECH-6dc537e6-2023.0-5.0,2023.0,Energy,Electricity consumption|Grid electricity,GJ,892229.95044,,QC-MAIN-6dc537e6,,CMP-4a434d72,NewmontCorporation_2023-Performance-data,892229950.44,direct_unit,gj→MJ factor=1000.0,MJ,False,QC-MAIN-6dc537e6,Underground mining and beneficiation at Éléonore,"Underground, concentrator",Free-miling,Au,7.738899920918366,1.0,mining,115291573.68068407,Doré,concentrate_economic
TECH-6dc537e6-2023.0-6.0,2023.0,Energy,Gasoline,GJ,10018.1179,,QC-MAIN-6dc537e6,,CMP-4a434d72,NewmontCorporation_2023-Performance-data,10018117.9,direct_unit,gj→MJ factor=1000.0,MJ,False,QC-MAIN-6dc537e6,Underground mining and beneficiation at Éléonore,"Underground, concentrator",Free-miling,Au,7.738899920918366,1.0,mining,1294514.4661867085,Doré,concentrate_economic
TECH-6dc537e6-2023.0-11.0,2023.0,Energy,Propane,GJ,142393.17415,,QC-MAIN-6dc537e6,,CMP-4a434d72,NewmontCorporation_2023-Performance-data,142393174.15,direct_unit,gj→MJ factor=1000.0,MJ,False,QC-MAIN-6dc537e6,Underground mining and beneficiation at Éléonore,"Underground, concentrator",Free-miling,Au,7.738899920918366,1.0,mining,18399666.051386587,Doré,concentrate_economic
TECH-6b4800fe-2023.0-1.0,2023.0,Energy,Diesel,GJ,1683653.0,,BC-MAIN-6b4800fe,,CMP-e35f138c,TasekoMinesLimited_ESG_2023,1683653000.0,direct_unit,gj→MJ factor=1000.0,MJ,False,BC-MAIN-6b4800fe,Open-pit mining and beneficiation at Gibraltar,"Open-pit, concentrator","Porphyry sulfide, flotation-based",Cu,185367.93066666668,0.9997556641309961,mining,9080.543852043058,Cu concentrate,concentrate_economic
TECH-6b4800fe-2023.0-1.0,2023.0,Energy,Diesel,GJ,1683653.0,,BC-MAIN-6b4800fe,,CMP-e35f138c,TasekoMinesLimited_ESG_2023,1683653000.0,direct_unit,gj→MJ factor=1000.0,MJ,False,BC-MAIN-6b4800fe,Open-pit mining and beneficiation at Gibraltar,"Open-pit, concentrator","Porphyry sulfide, flotation-based",Mo,10.690540862745097,0.0002443358690038284,mining,38480.44959909261,Mo concentrate,concentrate_economic
TECH-6b4800fe-2023.0-2.0,2023.0,Energy,Electricity consumption|Grid electricity,GJ,1695665.0,,BC-MAIN-6b4800fe,,CMP-e35f138c,TasekoMinesLimited_ESG_2023,1695665000.0,direct_unit,gj→MJ factor=1000.0,MJ,False,BC-MAIN-6b4800fe,Open-pit mining and beneficiation at Gibraltar,"Open-pit, concentrator","Porphyry sulfide, flotation-based",Cu,185367.93066666668,0.9997556641309961,mining,9145.328871729858,Cu concentrate,concentrate_economic
TECH-6b4800fe-2023.0-2.0,2023.0,Energy,Electricity consumption|Grid electricity,GJ,1695665.0,,BC-MAIN-6b4800fe,,CMP-e35f138c,TasekoMinesLimited_ESG_2023,1695665000.0,direct_unit,gj→MJ factor=1000.0,MJ,False,BC-MAIN-6b4800fe,Open-pit mining and beneficiation at Gibraltar,"Open-pit, concentrator","Porphyry sulfide, flotation-based",Mo,10.690540862745097,0.0002443358690038284,mining,38754.98785643204,Mo concentrate,concentrate_economic
TECH-6b4800fe-2023.0-3.0,2023.0,Energy,Gasoline,GJ,38791.0,,BC-MAIN-6b4800fe,,CMP-e35f138c,TasekoMinesLimited_ESG_2023,38791000.0,direct_unit,gj→MJ factor=1000.0,MJ,False,BC-MAIN-6b4800fe,Open-pit mining and beneficiation at Gibraltar,"Open-pit, concentrator","Porphyry sulfide, flotation-based",Cu,185367.93066666668,0.9997556641309961,mining,209.21376112809602,Cu concentrate,concentrate_economic
TECH-6b4800fe-2023.0-3.0,2023.0,Energy,Gasoline,GJ,38791.0,,BC-MAIN-6b4800fe,,CMP-e35f138c,TasekoMinesLimited_ESG_2023,38791000.0,direct_unit,gj→MJ factor=1000.0,MJ,False,BC-MAIN-6b4800fe,Open-pit mining and beneficiation at Gibraltar,"Open-pit, concentrator","Porphyry sulfide, flotation-based",Mo,10.690540862745097,0.0002443358690038284,mining,886.5812138239895,Mo concentrate,concentrate_economic
TECH-6b4800fe-2023.0-4.0,2023.0,Energy,Natural gas,GJ,186977.0,,BC-MAIN-6b4800fe,,CMP-e35f138c,TasekoMinesLimited_ESG_2023,186977000.0,direct_unit,gj→MJ factor=1000.0,MJ,False,BC-MAIN-6b4800fe,Open-pit mining and beneficiation at Gibraltar,"Open-pit, concentrator","Porphyry sulfide, flotation-based",Cu,185367.93066666668,0.9997556641309961,mining,1008.4339515466994,Cu concentrate,concentrate_economic
TECH-6b4800fe-2023.0-4.0,2023.0,Energy,Natural gas,GJ,186977.0,,BC-MAIN-6b4800fe,,CMP-e35f138c,TasekoMinesLimited_ESG_2023,186977000.0,direct_unit,gj→MJ factor=1000.0,MJ,False,BC-MAIN-6b4800fe,Open-pit mining and beneficiation at Gibraltar,"Open-pit, concentrator","Porphyry sulfide, flotation-based",Mo,10.690540862745097,0.0002443358690038284,mining,4273.4215569892,Mo concentrate,concentrate_economic
TECH-6b4800fe-2023.0-5.0,2023.0,Energy,Propane,GJ,453.0,,BC-MAIN-6b4800fe,,CMP-e35f138c,TasekoMinesLimited_ESG_2023,453000.0,direct_unit,gj→MJ factor=1000.0,MJ,False,BC-MAIN-6b4800fe,Open-pit mining and beneficiation at Gibraltar,"Open-pit, concentrator","Porphyry sulfide, flotation-based",Cu,185367.93066666668,0.9997556641309961,mining,2.443191301874855,Cu concentrate,concentrate_economic
TECH-6b4800fe-2023.0-5.0,2023.0,Energy,Propane,GJ,453.0,,BC-MAIN-6b4800fe,,CMP-e35f138c,TasekoMinesLimited_ESG_2023,453000.0,direct_unit,gj→MJ factor=1000.0,MJ,False,BC-MAIN-6b4800fe,Open-pit mining and beneficiation at Gibraltar,"Open-pit, concentrator","Porphyry sulfide, flotation-based",Mo,10.690540862745097,0.0002443358690038284,mining,10.353465748814601,Mo concentrate,concentrate_economic
TECH-c0660aec-2023.0-1.0,2023.0,Energy,Diesel,GJ,129455.0,,QC-MAIN-c0660aec,,CMP-6265c407,AgnicoEagleMinesLimited_2023-Sustainability-Performance_data,129455000.0,direct_unit,gj→MJ factor=1000.0,MJ,False,QC-MAIN-c0660aec,Underground mining and beneficiation at Goldex,"Underground, concentrator",Free-miling,Cu,130.12252666666666,0.003859237362487364,mining,3839.439531024593,Cu concentrate,concentrate_economic
TECH-c0660aec-2023.0-1.0,2023.0,Energy,Diesel,GJ,129455.0,,QC-MAIN-c0660aec,,CMP-6265c407,AgnicoEagleMinesLimited_2023-Sustainability-Performance_data,129455000.0,direct_unit,gj→MJ factor=1000.0,MJ,False,QC-MAIN-c0660aec,Underground mining and beneficiation at Goldex,"Underground, concentrator",Free-miling,Au,4.474542118316694,0.9961407626375127,mining,28819798.54415847,Doré,concentrate_economic
TECH-c0660aec-2023.0-2.0,2023.0,Energy,Electricity consumption|Grid electricity,kWh,178921745.0,,QC-MAIN-c0660aec,,CMP-6265c407,AgnicoEagleMinesLimited_2023-Sustainability-Performance_data,644118282.0,direct_unit,kwh→MJ factor=3.6,MJ,False,QC-MAIN-c0660aec,Underground mining and beneficiation at Goldex,"Underground, concentrator",Free-miling,Cu,130.12252666666666,0.003859237362487364,mining,19103.57417300565,Cu concentrate,concentrate_economic
TECH-c0660aec-2023.0-2.0,2023.0,Energy,Electricity consumption|Grid electricity,kWh,178921745.0,,QC-MAIN-c0660aec,,CMP-6265c407,AgnicoEagleMinesLimited_2023-Sustainability-Performance_data,644118282.0,direct_unit,kwh→MJ factor=3.6,MJ,False,QC-MAIN-c0660aec,Underground mining and beneficiation at Goldex,"Underground, concentrator",Free-miling,Au,4.474542118316694,0.9961407626375127,mining,143396231.32246307,Doré,concentrate_economic
TECH-c0660aec-2023.0-3.0,2023.0,Energy,Explosives,GJ,11047.0,,QC-MAIN-c0660aec,,CMP-6265c407,AgnicoEagleMinesLimited_2023-Sustainability-Performance_data,11047000.0,direct_unit,gj→MJ factor=1000.0,MJ,False,QC-MAIN-c0660aec,Underground mining and beneficiation at Goldex,"Underground, concentrator",Free-miling,Cu,130.12252666666666,0.003859237362487364,mining,327.63731411864103,Cu concentrate,concentrate_economic
TECH-c0660aec-2023.0-3.0,2023.0,Energy,Explosives,GJ,11047.0,,QC-MAIN-c0660aec,,CMP-6265c407,AgnicoEagleMinesLimited_2023-Sustainability-Performance_data,11047000.0,direct_unit,gj→MJ factor=1000.0,MJ,False,QC-MAIN-c0660aec,Underground mining and beneficiation at Goldex,"Underground, concentrator",Free-miling,Au,4.474542118316694,0.9961407626375127,mining,2459328.0639397367,Doré,concentrate_economic
TECH-c0660aec-2023.0-4.0,2023.0,Energy,Light Fuel & Gasoline,GJ,1347.0,,QC-MAIN-c0660aec,,CMP-6265c407,AgnicoEagleMinesLimited_2023-Sustainability-Performance_data,1347000.0,direct_unit,gj→MJ factor=1000.0,MJ,False,QC-MAIN-c0660aec,Underground mining and beneficiation at Goldex,"Underground, concentrator",Free-miling,Cu,130.12252666666666,0.003859237362487364,mining,39.9499829924694,Cu concentrate,concentrate_economic
TECH-c0660aec-2023.0-4.0,2023.0,Energy,Light Fuel & Gasoline,GJ,1347.0,,QC-MAIN-c0660aec,,CMP-6265c407,AgnicoEagleMinesLimited_2023-Sustainability-Performance_data,1347000.0,direct_unit,gj→MJ factor=1000.0,MJ,False,QC-MAIN-c0660aec,Underground mining and beneficiation at Goldex,"Underground, concentrator",Free-miling,Au,4.474542118316694,0.9961407626375127,mining,299874.6177357496,Doré,concentrate_economic
TECH-c0660aec-2023.0-5.0,2023.0,Energy,Natural gas,GJ,86234.0,,QC-MAIN-c0660aec,,CMP-6265c407,AgnicoEagleMinesLimited_2023-Sustainability-Performance_data,86234000.0,direct_unit,gj→MJ factor=1000.0,MJ,False,QC-MAIN-c0660aec,Underground mining and beneficiation at Goldex,"Underground, concentrator",Free-miling,Cu,130.12252666666666,0.003859237362487364,mining,2557.570032199411,Cu concentrate,concentrate_economic
TECH-c0660aec-2023.0-5.0,2023.0,Energy,Natural gas,GJ,86234.0,,QC-MAIN-c0660aec,,CMP-6265c407,AgnicoEagleMinesLimited_2023-Sustainability-Performance_data,86234000.0,direct_unit,gj→MJ factor=1000.0,MJ,False,QC-MAIN-c0660aec,Underground mining and beneficiation at Goldex,"Underground, concentrator",Free-miling,Au,4.474542118316694,0.9961407626375127,mining,19197763.760820065,Doré,concentrate_economic
TECH-6e9be24e-2023.0-1.0,2023.0,Energy,Electricity consumption|Non-renewable electricity use,GJ,619000.0,,ON-MAIN-6e9be24e,,CMP-79bcdb91,BarrickGoldCorporation_Barrick_2023_Performance-Data,619000000.0,direct_unit,gj→MJ factor=1000.0,MJ,False,ON-MAIN-6e9be24e,Open-pit and underground mining and beneficiation at Hemlo (Williams),"Open-pit, underground, concentrator",Free-miling,Au,4.476523630102041,1.0,mining,138276942.36607662,Doré,concentrate_economic
TECH-6e9be24e-2023.0-2.0,2023.0,Energy,Non-renewable fuel use,GJ,301000.0,,ON-MAIN-6e9be24e,,CMP-79bcdb91,BarrickGoldCorporation_Barrick_2023_Performance-Data,301000000.0,direct_unit,gj→MJ factor=1000.0,MJ,False,ON-MAIN-6e9be24e,Open-pit and underground mining and beneficiation at Hemlo (Williams),"Open-pit, underground, concentrator",Free-miling,Au,4.476523630102041,1.0,mining,67239676.33633128,Doré,concentrate_economic
TECH-687b8c8d-2023.0-1.0,2023.0,Energy,Diesel,GJ,211308.0,,ON-MAIN-687b8c8d,,CMP-3a4ccc7f,AlamosGoldInc_Data_2023,211308000.0,direct_unit,gj→MJ factor=1000.0,MJ,False,ON-MAIN-687b8c8d,Underground mining and beneficiation at Island,"Underground, concentrator",Free-miling,Au,4.1704080612244905,1.0,mining,50668423.06504582,Doré,concentrate_economic
TECH-687b8c8d-2023.0-2.0,2023.0,Energy,Electricity consumption|Generated on-site,GJ,717.0,,ON-MAIN-687b8c8d,,CMP-3a4ccc7f,AlamosGoldInc_Data_2023,717000.0,direct_unit,gj→MJ factor=1000.0,MJ,False,ON-MAIN-687b8c8d,Underground mining and beneficiation at Island,"Underground, concentrator",Free-miling,Au,4.1704080612244905,1.0,mining,171925.62201922244,Doré,concentrate_economic
TECH-687b8c8d-2023.0-3.0,2023.0,Energy,Electricity consumption|Grid electricity,GJ,334179.0,,ON-MAIN-687b8c8d,,CMP-3a4ccc7f,AlamosGoldInc_Data_2023,334179000.0,direct_unit,gj→MJ factor=1000.0,MJ,False,ON-MAIN-687b8c8d,Underground mining and beneficiation at Island,"Underground, concentrator",Free-miling,Au,4.1704080612244905,1.0,mining,80131007.58823115,Doré,concentrate_economic
TECH-687b8c8d-2023.0-4.0,2023.0,Energy,Gasoline,GJ,14406.0,,ON-MAIN-687b8c8d,,CMP-3a4ccc7f,AlamosGoldInc_Data_2023,14406000.0,direct_unit,gj→MJ factor=1000.0,MJ,False,ON-MAIN-687b8c8d,Underground mining and beneficiation at Island,"Underground, concentrator",Free-miling,Au,4.1704080612244905,1.0,mining,3454338.2298590215,Doré,concentrate_economic
TECH-687b8c8d-2023.0-5.0,2023.0,Energy,Propane,GJ,72011.0,,ON-MAIN-687b8c8d,,CMP-3a4ccc7f,AlamosGoldInc_Data_2023,72011000.0,direct_unit,gj→MJ factor=1000.0,MJ,False,ON-MAIN-687b8c8d,Underground mining and beneficiation at Island,"Underground, concentrator",Free-miling,Au,4.1704080612244905,1.0,mining,17267135.240203943,Doré,concentrate_economic
TECH-44857446-2023.0-1.0,2023.0,Energy,Diesel|Mobile equipment,gallons,409793.0,,YT-MAIN-44857446,,CMP-7e360a1f,HeclaMiningCompany_SR_2023,55697075.44526765,lhv+density,"diesel MJ/kg=43.0, dens=0.835 kg/L",MJ,False,YT-MAIN-44857446,Underground mining and beneficiation at Keno Hill Silver District,"Underground, concentrator",High-grade polymetallic Pb-Zn-Ag,Zn,2678.0,0.9939404291135293,mining,20671.98471562283,Zn concentrate,concentrate_economic
TECH-44857446-2023.0-1.0,2023.0,Energy,Diesel|Mobile equipment,gallons,409793.0,,YT-MAIN-44857446,,CMP-7e360a1f,HeclaMiningCompany_SR_2023,55697075.44526765,lhv+density,"diesel MJ/kg=43.0, dens=0.835 kg/L",MJ,False,YT-MAIN-44857446,Underground mining and beneficiation at Keno Hill Silver District,"Underground, concentrator",High-grade polymetallic Pb-Zn-Ag,Pb,20.416666666666668,0.0060595708864706705,mining,16530.63070186307,Pb concentrate,concentrate_economic
TECH-44857446-2023.0-2.0,2023.0,Energy,Electricity consumption|Not specified,kWh,17595388.0,,YT-MAIN-44857446,,CMP-7e360a1f,HeclaMiningCompany_SR_2023,63343396.8,direct_unit,kwh→MJ factor=3.6,MJ,False,YT-MAIN-44857446,Underground mining and beneficiation at Keno Hill Silver District,"Underground, concentrator",High-grade polymetallic Pb-Zn-Ag,Zn,2678.0,0.9939404291135293,mining,23509.91896822276,Zn concentrate,concentrate_economic
TECH-44857446-2023.0-2.0,2023.0,Energy,Electricity consumption|Not specified,kWh,17595388.0,,YT-MAIN-44857446,,CMP-7e360a1f,HeclaMiningCompany_SR_2023,63343396.8,direct_unit,kwh→MJ factor=3.6,MJ,False,YT-MAIN-44857446,Underground mining and beneficiation at Keno Hill Silver District,"Underground, concentrator",High-grade polymetallic Pb-Zn-Ag,Pb,20.416666666666668,0.0060595708864706705,mining,18800.023008952136,Pb concentrate,concentrate_economic
TECH-44857446-2023.0-3.0,2023.0,Energy,Gasoline|Mobile equipment,gallons,67158.0,,YT-MAIN-44857446,,CMP-7e360a1f,HeclaMiningCompany_SR_2023,8333350.1134884,lhv+density,"gasoline MJ/kg=44.0, dens=0.745 kg/L",MJ,False,YT-MAIN-44857446,Underground mining and beneficiation at Keno Hill Silver District,"Underground, concentrator",High-grade polymetallic Pb-Zn-Ag,Zn,2678.0,0.9939404291135293,mining,3092.925163463009,Zn concentrate,concentrate_economic
TECH-44857446-2023.0-3.0,2023.0,Energy,Gasoline|Mobile equipment,gallons,67158.0,,YT-MAIN-44857446,,CMP-7e360a1f,HeclaMiningCompany_SR_2023,8333350.1134884,lhv+density,"gasoline MJ/kg=44.0, dens=0.745 kg/L",MJ,False,YT-MAIN-44857446,Underground mining and beneficiation at Keno Hill Silver District,"Underground, concentrator",High-grade polymetallic Pb-Zn-Ag,Pb,20.416666666666668,0.0060595708864706705,mining,2473.2992196470873,Pb concentrate,concentrate_economic
TECH-44857446-2023.0-4.0,2023.0,Energy,Propane,gallons,422621.0,,YT-MAIN-44857446,,CMP-7e360a1f,HeclaMiningCompany_SR_2023,36595602.20983067,lhv+density,"propane MJ/kg=46.4, dens=0.493 kg/L",MJ,False,YT-MAIN-44857446,Underground mining and beneficiation at Keno Hill Silver District,"Underground, concentrator",High-grade polymetallic Pb-Zn-Ag,Zn,2678.0,0.9939404291135293,mining,13582.467723714382,Zn concentrate,concentrate_economic
TECH-44857446-2023.0-4.0,2023.0,Energy,Propane,gallons,422621.0,,YT-MAIN-44857446,,CMP-7e360a1f,HeclaMiningCompany_SR_2023,36595602.20983067,lhv+density,"propane MJ/kg=46.4, dens=0.493 kg/L",MJ,False,YT-MAIN-44857446,Underground mining and beneficiation at Keno Hill Silver District,"Underground, concentrator",High-grade polymetallic Pb-Zn-Ag,Pb,20.416666666666668,0.0060595708864706705,mining,10861.403055847428,Pb concentrate,concentrate_economic
TECH-9de9bb0d-2023.0-1.0,2023.0,Energy,Diesel,kl,1188.0,,QC-MAIN-9de9bb0d,,CMP-3d2c4955,WesdomeGoldMinesLtd._ESG_data_2023,42655140.0,lhv+density,"diesel MJ/kg=43.0, dens=0.835 kg/L",MJ,False,QC-MAIN-9de9bb0d,Open-pit mining and beneficiation at Kiena,"Open-pit, concentrator",Free-miling,Au,1.2201776096938775,1.0,mining,34958140.24214186,Doré,concentrate_economic
TECH-9de9bb0d-2023.0-2.0,2023.0,Energy,Electricity consumption|Generated on-site,MWh,10684.5,Given in MW in the Excel file but does not make sense,QC-MAIN-9de9bb0d,,CMP-3d2c4955,WesdomeGoldMinesLtd._ESG_data_2023,38464200.0,direct_unit,mwh→MJ factor=3600.0,MJ,False,QC-MAIN-9de9bb0d,Open-pit mining and beneficiation at Kiena,"Open-pit, concentrator",Free-miling,Au,1.2201776096938775,1.0,mining,31523443.54986979,Doré,concentrate_economic
TECH-9de9bb0d-2023.0-3.0,2023.0,Energy,Electricity consumption|Grid electricity,MWh,32053.5,Given in MW in the Excel file but does not make sense,QC-MAIN-9de9bb0d,,CMP-3d2c4955,WesdomeGoldMinesLtd._ESG_data_2023,115392600.0,direct_unit,mwh→MJ factor=3600.0,MJ,False,QC-MAIN-9de9bb0d,Open-pit mining and beneficiation at Kiena,"Open-pit, concentrator",Free-miling,Au,1.2201776096938775,1.0,mining,94570330.64960937,Doré,concentrate_economic
TECH-9de9bb0d-2023.0-5.0,2023.0,Energy,Gasoline,kl,36.0,,QC-MAIN-9de9bb0d,,CMP-3d2c4955,WesdomeGoldMinesLtd._ESG_data_2023,1180080.0,lhv+density,"gasoline MJ/kg=44.0, dens=0.745 kg/L",MJ,False,QC-MAIN-9de9bb0d,Open-pit mining and beneficiation at Kiena,"Open-pit, concentrator",Free-miling,Au,1.2201776096938775,1.0,mining,967137.8909305366,Doré,concentrate_economic
TECH-9de9bb0d-2023.0-6.0,2023.0,Energy,Natural gas,m3,1528.0,Expressed initially in kl,QC-MAIN-9de9bb0d,,CMP-3d2c4955,WesdomeGoldMinesLtd._ESG_data_2023,58064.0,lhv_factor,natural_gas MJ/m3=38.0,MJ,False,QC-MAIN-9de9bb0d,Open-pit mining and beneficiation at Kiena,"Open-pit, concentrator",Free-miling,Au,1.2201776096938775,1.0,mining,47586.514896439796,Doré,concentrate_economic
TECH-f9e41c2a-2023.0-1.0,2023.0,Energy,Diesel|Mobile equipment,GJ,191632.0,,QC-MAIN-f9e41c2a,,CMP-64d60fd7,EldoradoGold_ESG_2023,191632000.0,direct_unit,gj→MJ factor=1000.0,MJ,False,QC-MAIN-f9e41c2a,Underground mining and beneficiation at Lamaque,"Underground, concentrator",Free-miling,Au,7.932820721938775,1.0,mining,24156855.009974975,Doré,concentrate_economic
TECH-f9e41c2a-2023.0-2.0,2023.0,Energy,Diesel|Stationary equipment,GJ,181.0,,QC-MAIN-f9e41c2a,,CMP-64d60fd7,EldoradoGold_ESG_2023,181000.0,direct_unit,gj→MJ factor=1000.0,MJ,False,QC-MAIN-f9e41c2a,Underground mining and beneficiation at Lamaque,"Underground, concentrator",Free-miling,Au,7.932820721938775,1.0,mining,22816.600342351332,Doré,concentrate_economic
TECH-f9e41c2a-2023.0-3.0,2023.0,Energy,Electricity consumption|Grid electricity,GJ,276713.0,,QC-MAIN-f9e41c2a,,CMP-64d60fd7,EldoradoGold_ESG_2023,276713000.0,direct_unit,gj→MJ factor=1000.0,MJ,False,QC-MAIN-f9e41c2a,Underground mining and beneficiation at Lamaque,"Underground, concentrator",Free-miling,Au,7.932820721938775,1.0,mining,34882043.815099806,Doré,concentrate_economic
TECH-f9e41c2a-2023.0-4.0,2023.0,Energy,Gasoline,GJ,3549.0,,QC-MAIN-f9e41c2a,,CMP-64d60fd7,EldoradoGold_ESG_2023,3549000.0,direct_unit,gj→MJ factor=1000.0,MJ,False,QC-MAIN-f9e41c2a,Underground mining and beneficiation at Lamaque,"Underground, concentrator",Free-miling,Au,7.932820721938775,1.0,mining,447381.84870168444,Doré,concentrate_economic
TECH-f9e41c2a-2023.0-5.0,2023.0,Energy,LPG|Mobile equipment,GJ,45.0,,QC-MAIN-f9e41c2a,,CMP-64d60fd7,EldoradoGold_ESG_2023,45000.0,direct_unit,gj→MJ factor=1000.0,MJ,False,QC-MAIN-f9e41c2a,Underground mining and beneficiation at Lamaque,"Underground, concentrator",Free-miling,Au,7.932820721938775,1.0,mining,5672.635444230994,Doré,concentrate_economic
TECH-f9e41c2a-2023.0-6.0,2023.0,Energy,LPG|Stationary equipment,GJ,187.0,,QC-MAIN-f9e41c2a,,CMP-64d60fd7,EldoradoGold_ESG_2023,187000.0,direct_unit,gj→MJ factor=1000.0,MJ,False,QC-MAIN-f9e41c2a,Underground mining and beneficiation at Lamaque,"Underground, concentrator",Free-miling,Au,7.932820721938775,1.0,mining,23572.951734915467,Doré,concentrate_economic
TECH-f9e41c2a-2023.0-7.0,2023.0,Energy,Natural gas,GJ,76904.0,,QC-MAIN-f9e41c2a,,CMP-64d60fd7,EldoradoGold_ESG_2023,76904000.0,direct_unit,gj→MJ factor=1000.0,MJ,False,QC-MAIN-f9e41c2a,Underground mining and beneficiation at Lamaque,"Underground, concentrator",Free-miling,Au,7.932820721938775,1.0,mining,9694407.915625341,Doré,concentrate_economic
TECH-e51eda66-2023.0-1.0,2023.0,Energy,Diesel,GJ,391146.0,,QC-MAIN-e51eda66,,CMP-6265c407,AgnicoEagleMinesLimited_2023-Sustainability-Performance_data,391146000.0,direct_unit,gj→MJ factor=1000.0,MJ,False,QC-MAIN-e51eda66,Underground mining and beneficiation at LaRonde,"Underground, concentrator","Porphyry sulfide, flotation-based",Cu,8593.20125,0.09772240804218515,mining,4448.13613739915,Cu concentrate,concentrate_economic
TECH-e51eda66-2023.0-1.0,2023.0,Energy,Diesel,GJ,391146.0,,QC-MAIN-e51eda66,,CMP-6265c407,AgnicoEagleMinesLimited_2023-Sustainability-Performance_data,391146000.0,direct_unit,gj→MJ factor=1000.0,MJ,False,QC-MAIN-e51eda66,Underground mining and beneficiation at LaRonde,"Underground, concentrator","Porphyry sulfide, flotation-based",Zn,15404.877034,0.06548662801881933,mining,1662.774233544012,Zn concentrate,concentrate_economic
TECH-e51eda66-2023.0-1.0,2023.0,Energy,Diesel,GJ,391146.0,,QC-MAIN-e51eda66,,CMP-6265c407,AgnicoEagleMinesLimited_2023-Sustainability-Performance_data,391146000.0,direct_unit,gj→MJ factor=1000.0,MJ,False,QC-MAIN-e51eda66,Underground mining and beneficiation at LaRonde,"Underground, concentrator","Porphyry sulfide, flotation-based",Au,9.802902790306113,0.8367909639389955,mining,33388828.327926483,Doré,concentrate_economic
TECH-e51eda66-2023.0-2.0,2023.0,Energy,Electricity consumption|Grid electricity,kWh,469220285.0,,QC-MAIN-e51eda66,,CMP-6265c407,AgnicoEagleMinesLimited_2023-Sustainability-Performance_data,1689193026.0,direct_unit,kwh→MJ factor=3.6,MJ,False,QC-MAIN-e51eda66,Underground mining and beneficiation at LaRonde,"Underground, concentrator","Porphyry sulfide, flotation-based",Cu,8593.20125,0.09772240804218515,mining,19209.605983426198,Cu concentrate,concentrate_economic
TECH-e51eda66-2023.0-2.0,2023.0,Energy,Electricity consumption|Grid electricity,kWh,469220285.0,,QC-MAIN-e51eda66,,CMP-6265c407,AgnicoEagleMinesLimited_2023-Sustainability-Performance_data,1689193026.0,direct_unit,kwh→MJ factor=3.6,MJ,False,QC-MAIN-e51eda66,Underground mining and beneficiation at LaRonde,"Underground, concentrator","Porphyry sulfide, flotation-based",Zn,15404.877034,0.06548662801881933,mining,7180.813913768876,Zn concentrate,concentrate_economic
TECH-e51eda66-2023.0-2.0,2023.0,Energy,Electricity consumption|Grid electricity,kWh,469220285.0,,QC-MAIN-e51eda66,,CMP-6265c407,AgnicoEagleMinesLimited_2023-Sustainability-Performance_data,1689193026.0,direct_unit,kwh→MJ factor=3.6,MJ,False,QC-MAIN-e51eda66,Underground mining and beneficiation at LaRonde,"Underground, concentrator","Porphyry sulfide, flotation-based",Au,9.802902790306113,0.8367909639389955,mining,144192132.75310156,Doré,concentrate_economic
TECH-e51eda66-2023.0-3.0,2023.0,Energy,Explosives,GJ,6280.0,,QC-MAIN-e51eda66,,CMP-6265c407,AgnicoEagleMinesLimited_2023-Sustainability-Performance_data,6280000.0,direct_unit,gj→MJ factor=1000.0,MJ,False,QC-MAIN-e51eda66,Underground mining and beneficiation at LaRonde,"Underground, concentrator","Porphyry sulfide, flotation-based",Cu,8593.20125,0.09772240804218515,mining,71.41654252597922,Cu concentrate,concentrate_economic
TECH-e51eda66-2023.0-3.0,2023.0,Energy,Explosives,GJ,6280.0,,QC-MAIN-e51eda66,,CMP-6265c407,AgnicoEagleMinesLimited_2023-Sustainability-Performance_data,6280000.0,direct_unit,gj→MJ factor=1000.0,MJ,False,QC-MAIN-e51eda66,Underground mining and beneficiation at LaRonde,"Underground, concentrator","Porphyry sulfide, flotation-based",Zn,15404.877034,0.06548662801881933,mining,26.69648209787751,Zn concentrate,concentrate_economic
TECH-e51eda66-2023.0-3.0,2023.0,Energy,Explosives,GJ,6280.0,,QC-MAIN-e51eda66,,CMP-6265c407,AgnicoEagleMinesLimited_2023-Sustainability-Performance_data,6280000.0,direct_unit,gj→MJ factor=1000.0,MJ,False,QC-MAIN-e51eda66,Underground mining and beneficiation at LaRonde,"Underground, concentrator","Porphyry sulfide, flotation-based",Au,9.802902790306113,0.8367909639389955,mining,536070.525837867,Doré,concentrate_economic
TECH-e51eda66-2023.0-4.0,2023.0,Energy,Light Fuel & Gasoline,GJ,8329.0,,QC-MAIN-e51eda66,,CMP-6265c407,AgnicoEagleMinesLimited_2023-Sustainability-Performance_data,8329000.0,direct_unit,gj→MJ factor=1000.0,MJ,False,QC-MAIN-e51eda66,Underground mining and beneficiation at LaRonde,"Underground, concentrator","Porphyry sulfide, flotation-based",Cu,8593.20125,0.09772240804218515,mining,94.7178953342167,Cu concentrate,concentrate_economic
TECH-e51eda66-2023.0-4.0,2023.0,Energy,Light Fuel & Gasoline,GJ,8329.0,,QC-MAIN-e51eda66,,CMP-6265c407,AgnicoEagleMinesLimited_2023-Sustainability-Performance_data,8329000.0,direct_unit,gj→MJ factor=1000.0,MJ,False,QC-MAIN-e51eda66,Underground mining and beneficiation at LaRonde,"Underground, concentrator","Porphyry sulfide, flotation-based",Zn,15404.877034,0.06548662801881933,mining,35.406847037137226,Zn concentrate,concentrate_economic
TECH-e51eda66-2023.0-4.0,2023.0,Energy,Light Fuel & Gasoline,GJ,8329.0,,QC-MAIN-e51eda66,,CMP-6265c407,AgnicoEagleMinesLimited_2023-Sustainability-Performance_data,8329000.0,direct_unit,gj→MJ factor=1000.0,MJ,False,QC-MAIN-e51eda66,Underground mining and beneficiation at LaRonde,"Underground, concentrator","Porphyry sulfide, flotation-based",Au,9.802902790306113,0.8367909639389955,mining,710976.3391247762,Doré,concentrate_economic
TECH-e51eda66-2023.0-5.0,2023.0,Energy,Natural gas,GJ,297435.0,,QC-MAIN-e51eda66,,CMP-6265c407,AgnicoEagleMinesLimited_2023-Sustainability-Performance_data,297435000.0,direct_unit,gj→MJ factor=1000.0,MJ,False,QC-MAIN-e51eda66,Underground mining and beneficiation at LaRonde,"Underground, concentrator","Porphyry sulfide, flotation-based",Cu,8593.20125,0.09772240804218515,mining,3382.448937295323,Cu concentrate,concentrate_economic
TECH-e51eda66-2023.0-5.0,2023.0,Energy,Natural gas,GJ,297435.0,,QC-MAIN-e51eda66,,CMP-6265c407,AgnicoEagleMinesLimited_2023-Sustainability-Performance_data,297435000.0,direct_unit,gj→MJ factor=1000.0,MJ,False,QC-MAIN-e51eda66,Underground mining and beneficiation at LaRonde,"Underground, concentrator","Porphyry sulfide, flotation-based",Zn,15404.877034,0.06548662801881933,mining,1264.405756812452,Zn concentrate,concentrate_economic
TECH-e51eda66-2023.0-5.0,2023.0,Energy,Natural gas,GJ,297435.0,,QC-MAIN-e51eda66,,CMP-6265c407,AgnicoEagleMinesLimited_2023-Sustainability-Performance_data,297435000.0,direct_unit,gj→MJ factor=1000.0,MJ,False,QC-MAIN-e51eda66,Underground mining and beneficiation at LaRonde,"Underground, concentrator","Porphyry sulfide, flotation-based",Au,9.802902790306113,0.8367909639389955,mining,25389512.23767293,Doré,concentrate_economic
TECH-1f126a43-2023.0-1.0,2023.0,Energy,Diesel,GJ,91423.0,,ON-MAIN-1f126a43,,CMP-6265c407,AgnicoEagleMinesLimited_2023-Sustainability-Performance_data,91423000.0,direct_unit,gj→MJ factor=1000.0,MJ,False,ON-MAIN-1f126a43,Underground mining and beneficiation at Macassa,"Underground, concentrator",Free-miling,Au,7.253304461734694,1.0,mining,12604324.068058679,Doré,concentrate_economic
TECH-1f126a43-2023.0-2.0,2023.0,Energy,Electricity consumption|Grid electricity,kWh,182554670.0,,ON-MAIN-1f126a43,,CMP-6265c407,AgnicoEagleMinesLimited_2023-Sustainability-Performance_data,657196812.0,direct_unit,kwh→MJ factor=3.6,MJ,False,ON-MAIN-1f126a43,Underground mining and beneficiation at Macassa,"Underground, concentrator",Free-miling,Au,7.253304461734694,1.0,mining,90606538.78064638,Doré,concentrate_economic
TECH-1f126a43-2023.0-3.0,2023.0,Energy,Explosives,GJ,82576.0,,ON-MAIN-1f126a43,,CMP-6265c407,AgnicoEagleMinesLimited_2023-Sustainability-Performance_data,82576000.0,direct_unit,gj→MJ factor=1000.0,MJ,False,ON-MAIN-1f126a43,Underground mining and beneficiation at Macassa,"Underground, concentrator",Free-miling,Au,7.253304461734694,1.0,mining,11384604.139483647,Doré,concentrate_economic
TECH-1f126a43-2023.0-4.0,2023.0,Energy,Light Fuel & Gasoline,GJ,6440.0,,ON-MAIN-1f126a43,,CMP-6265c407,AgnicoEagleMinesLimited_2023-Sustainability-Performance_data,6440000.0,direct_unit,gj→MJ factor=1000.0,MJ,False,ON-MAIN-1f126a43,Underground mining and beneficiation at Macassa,"Underground, concentrator",Free-miling,Au,7.253304461734694,1.0,mining,887871.1811939871,Doré,concentrate_economic
TECH-1f126a43-2023.0-5.0,2023.0,Energy,Natural gas,GJ,327090.0,,ON-MAIN-1f126a43,,CMP-6265c407,AgnicoEagleMinesLimited_2023-Sustainability-Performance_data,327090000.0,direct_unit,gj→MJ factor=1000.0,MJ,False,ON-MAIN-1f126a43,Underground mining and beneficiation at Macassa,"Underground, concentrator",Free-miling,Au,7.253304461734694,1.0,mining,45095308.17651262,Doré,concentrate_economic
TECH-1f126a43-2023.0-6.0,2023.0,Energy,Propane,GJ,658.0,,ON-MAIN-1f126a43,,CMP-6265c407,AgnicoEagleMinesLimited_2023-Sustainability-Performance_data,658000.0,direct_unit,gj→MJ factor=1000.0,MJ,False,ON-MAIN-1f126a43,Underground mining and beneficiation at Macassa,"Underground, concentrator",Free-miling,Au,7.253304461734694,1.0,mining,90717.27286112477,Doré,concentrate_economic
TECH-GRP-0a2c0d69-2023.0-1.0,2023.0,Energy,Diesel,GJ,3590887.0,,,GRP-0a2c0d69,CMP-6265c407,AgnicoEagleMinesLimited_2023-Sustainability-Performance_data,3590887000.0,direct_unit,gj→MJ factor=1000.0,MJ,False,GRP-0a2c0d69,Open-pit and underground mining at Meadowbank complex,"Open-pit, underground",Free-miling,Au,17.66760135719143,1.0,mining,203247001.5256691,Doré,concentrate_economic
TECH-GRP-0a2c0d69-2023.0-2.0,2023.0,Energy,Electricity consumption|Generated on-site,kWh,164987364.0,,,GRP-0a2c0d69,CMP-6265c407,AgnicoEagleMinesLimited_2023-Sustainability-Performance_data,593954510.4,direct_unit,kwh→MJ factor=3.6,MJ,False,GRP-0a2c0d69,Open-pit and underground mining at Meadowbank complex,"Open-pit, underground",Free-miling,Au,17.66760135719143,1.0,mining,33618287.98328848,Doré,concentrate_economic
TECH-GRP-0a2c0d69-2023.0-3.0,2023.0,Energy,Explosives,GJ,45318.0,,,GRP-0a2c0d69,CMP-6265c407,AgnicoEagleMinesLimited_2023-Sustainability-Performance_data,45318000.0,direct_unit,gj→MJ factor=1000.0,MJ,False,GRP-0a2c0d69,Open-pit and underground mining at Meadowbank complex,"Open-pit, underground",Free-miling,Au,17.66760135719143,1.0,mining,2565034.1030336716,Doré,concentrate_economic
TECH-GRP-0a2c0d69-2023.0-4.0,2023.0,Energy,Light Fuel & Gasoline,GJ,51161.0,,,GRP-0a2c0d69,CMP-6265c407,AgnicoEagleMinesLimited_2023-Sustainability-Performance_data,51161000.0,direct_unit,gj→MJ factor=1000.0,MJ,False,GRP-0a2c0d69,Open-pit and underground mining at Meadowbank complex,"Open-pit, underground",Free-miling,Au,17.66760135719143,1.0,mining,2895752.4547708565,Doré,concentrate_economic
TECH-GRP-0a2c0d69-2023.0-5.0,2023.0,Energy,Lubricating Oils & Greases,GJ,7311.0,,,GRP-0a2c0d69,CMP-6265c407,AgnicoEagleMinesLimited_2023-Sustainability-Performance_data,7311000.0,direct_unit,gj→MJ factor=1000.0,MJ,False,GRP-0a2c0d69,Open-pit and underground mining at Meadowbank complex,"Open-pit, underground",Free-miling,Au,17.66760135719143,1.0,mining,413808.29531928094,Doré,concentrate_economic
TECH-GRP-0a2c0d69-2023.0-6.0,2023.0,Energy,Propane,GJ,235.0,,,GRP-0a2c0d69,CMP-6265c407,AgnicoEagleMinesLimited_2023-Sustainability-Performance_data,235000.0,direct_unit,gj→MJ factor=1000.0,MJ,False,GRP-0a2c0d69,Open-pit and underground mining at Meadowbank complex,"Open-pit, underground",Free-miling,Au,17.66760135719143,1.0,mining,13301.183066616199,Doré,concentrate_economic
TECH-8b0264c9-2023.0-1.0,2023.0,Energy,Diesel,GJ,1944158.0,,NU-MAIN-8b0264c9,,CMP-6265c407,AgnicoEagleMinesLimited_2023-Sustainability-Performance_data,1944158000.0,direct_unit,gj→MJ factor=1000.0,MJ,False,NU-MAIN-8b0264c9,Open-pit and underground mining and beneficiation at Meliadine,"Open-pit, underground, concentrator",Free-miling,Au,12.41413683010194,1.0,mining,156608391.43369064,Doré,concentrate_economic
TECH-8b0264c9-2023.0-2.0,2023.0,Energy,Electricity consumption|Generated on-site,kWh,132709926.0,,NU-MAIN-8b0264c9,,CMP-6265c407,AgnicoEagleMinesLimited_2023-Sustainability-Performance_data,477755733.6,direct_unit,kwh→MJ factor=3.6,MJ,False,NU-MAIN-8b0264c9,Open-pit and underground mining and beneficiation at Meliadine,"Open-pit, underground, concentrator",Free-miling,Au,12.41413683010194,1.0,mining,38484812.93049167,Doré,concentrate_economic
TECH-8b0264c9-2023.0-3.0,2023.0,Energy,Explosives,GJ,18198.0,,NU-MAIN-8b0264c9,,CMP-6265c407,AgnicoEagleMinesLimited_2023-Sustainability-Performance_data,18198000.0,direct_unit,gj→MJ factor=1000.0,MJ,False,NU-MAIN-8b0264c9,Open-pit and underground mining and beneficiation at Meliadine,"Open-pit, underground, concentrator",Free-miling,Au,12.41413683010194,1.0,mining,1465909.4103001412,Doré,concentrate_economic
TECH-8b0264c9-2023.0-4.0,2023.0,Energy,Light Fuel & Gasoline,GJ,5290.0,,NU-MAIN-8b0264c9,,CMP-6265c407,AgnicoEagleMinesLimited_2023-Sustainability-Performance_data,5290000.0,direct_unit,gj→MJ factor=1000.0,MJ,False,NU-MAIN-8b0264c9,Open-pit and underground mining and beneficiation at Meliadine,"Open-pit, underground, concentrator",Free-miling,Au,12.41413683010194,1.0,mining,426127.0898168891,Doré,concentrate_economic
TECH-ed23117f-2023.0-1.0,2023.0,Energy,Diesel,GJ,929608.636977058,"Data initially in tCO2eq; back calculated with emission factors: 74.1kgCO2eq/GJ for diesel, 69.9kgCO2eq/GJ for gasoline, 59.9kgCO2eq/GJ for propane, BC mix 12kgCO2eq/MWh",BC-MAIN-ed23117f,,CMP-fa032e20,CenterraGoldInc_Data,929608636.977058,direct_unit,gj→MJ factor=1000.0,MJ,False,BC-MAIN-ed23117f,Open-pit mining and beneficiation at Mount Milligan,"Open-pit, concentrator","Porphyry sulfide, flotation-based",Cu,93533.69434666667,1.0,mining,9938.756760014443,Cu concentrate,concentrate_economic
TECH-ed23117f-2023.0-2.0,2023.0,Energy,Electricity consumption|Grid electricity,GJ,365541.6666666667,"Data initially in tCO2eq; back calculated with emission factors: 74.1kgCO2eq/GJ for diesel, 69.9kgCO2eq/GJ for gasoline, 59.9kgCO2eq/GJ for propane, BC mix 12kgCO2eq/MWh. 62% of electricity come from the grid.",BC-MAIN-ed23117f,,CMP-fa032e20,CenterraGoldInc_Data,365541666.6666667,direct_unit,gj→MJ factor=1000.0,MJ,False,BC-MAIN-ed23117f,Open-pit mining and beneficiation at Mount Milligan,"Open-pit, concentrator","Porphyry sulfide, flotation-based",Cu,93533.69434666667,1.0,mining,3908.1281801170912,Cu concentrate,concentrate_economic
TECH-ed23117f-nan-nan,,Energy,Electricity consumption|Generated on-site,GJ,36282.05128205128,"Data initially in tCO2eq; back calculated with emission factors: 74.1kgCO2eq/GJ for diesel, 69.9kgCO2eq/GJ for gasoline, 59.9kgCO2eq/GJ for propane, BC mix 12kgCO2eq/MWh. 62% of electricity come from the grid.",BC-MAIN-ed23117f,,CMP-fa032e20,CenterraGoldInc_Data,36282051.28205128,direct_unit,gj→MJ factor=1000.0,MJ,False,BC-MAIN-ed23117f,Open-pit mining and beneficiation at Mount Milligan,"Open-pit, concentrator","Porphyry sulfide, flotation-based",Cu,93533.69434666667,1.0,mining,387.9035414508279,Cu concentrate,concentrate_economic
TECH-ed23117f-2023.0-3.0,2023.0,Energy,Explosives,GJ,2587.5,"Data initially in tCO2eq; back calculated with emission factors: 74.1kgCO2eq/GJ for diesel, 69.9kgCO2eq/GJ for gasoline, 59.9kgCO2eq/GJ for propane, BC mix 12kgCO2eq/MWh, explosives 3.75GJ/tCO2",BC-MAIN-ed23117f,,CMP-fa032e20,CenterraGoldInc_Data,2587500.0,direct_unit,gj→MJ factor=1000.0,MJ,False,BC-MAIN-ed23117f,Open-pit mining and beneficiation at Mount Milligan,"Open-pit, concentrator","Porphyry sulfide, flotation-based",Cu,93533.69434666667,1.0,mining,27.66382765134747,Cu concentrate,concentrate_economic
TECH-ed23117f-2023.0-4.0,2023.0,Energy,Gasoline,GJ,21012.14574898786,"Data initially in tCO2eq; back calculated with emission factors: 74.1kgCO2eq/GJ for diesel, 69.9kgCO2eq/GJ for gasoline, 59.9kgCO2eq/GJ for propane, BC mix 12kgCO2eq/MWh",BC-MAIN-ed23117f,,CMP-fa032e20,CenterraGoldInc_Data,21012145.74898786,direct_unit,gj→MJ factor=1000.0,MJ,False,BC-MAIN-ed23117f,Open-pit mining and beneficiation at Mount Milligan,"Open-pit, concentrator","Porphyry sulfide, flotation-based",Cu,93533.69434666667,1.0,mining,224.64787578164004,Cu concentrate,concentrate_economic
TECH-ed23117f-2023.0-5.0,2023.0,Energy,Propane,GJ,22737.89649415693,"Data initially in tCO2eq; back calculated with emission factors: 74.1kgCO2eq/GJ for diesel, 69.9kgCO2eq/GJ for gasoline, 59.9kgCO2eq/GJ for propane, BC mix 12kgCO2eq/MWh",BC-MAIN-ed23117f,,CMP-fa032e20,CenterraGoldInc_Data,22737896.49415693,direct_unit,gj→MJ factor=1000.0,MJ,False,BC-MAIN-ed23117f,Open-pit mining and beneficiation at Mount Milligan,"Open-pit, concentrator","Porphyry sulfide, flotation-based",Cu,93533.69434666667,1.0,mining,243.0984540168252,Cu concentrate,concentrate_economic
TECH-fefeaee4-2023.0-1.0,2023.0,Energy,Aviation fuel,GJ,27653.22904,,ON-MAIN-fefeaee4,,CMP-4a434d72,NewmontCorporation_2023-Performance-data,27653229.04,direct_unit,gj→MJ factor=1000.0,MJ,False,ON-MAIN-fefeaee4,Underground mining and beneficiation at Musselwhite,"Underground, concentrator",Free-miling,Au,5.712887755102041,1.0,mining,4840499.275572774,Doré,concentrate_economic
TECH-fefeaee4-2023.0-2.0,2023.0,Energy,Biodiesel,GJ,11770.3702287417,,ON-MAIN-fefeaee4,,CMP-4a434d72,NewmontCorporation_2023-Performance-data,11770370.2287417,direct_unit,gj→MJ factor=1000.0,MJ,False,ON-MAIN-fefeaee4,Underground mining and beneficiation at Musselwhite,"Underground, concentrator",Free-miling,Au,5.712887755102041,1.0,mining,2060318.8323155604,Doré,concentrate_economic
TECH-fefeaee4-2023.0-4.0,2023.0,Energy,Diesel,GJ,308614.730821,,ON-MAIN-fefeaee4,,CMP-4a434d72,NewmontCorporation_2023-Performance-data,308614730.821,direct_unit,gj→MJ factor=1000.0,MJ,False,ON-MAIN-fefeaee4,Underground mining and beneficiation at Musselwhite,"Underground, concentrator",Free-miling,Au,5.712887755102041,1.0,mining,54020793.69498967,Doré,concentrate_economic
TECH-fefeaee4-2023.0-5.0,2023.0,Energy,Electricity consumption|Generated on-site,GJ,3808.98428206273,,ON-MAIN-fefeaee4,,CMP-4a434d72,NewmontCorporation_2023-Performance-data,3808984.28206273,direct_unit,gj→MJ factor=1000.0,MJ,False,ON-MAIN-fefeaee4,Underground mining and beneficiation at Musselwhite,"Underground, concentrator",Free-miling,Au,5.712887755102041,1.0,mining,666735.3614047499,Doré,concentrate_economic
TECH-fefeaee4-2023.0-6.0,2023.0,Energy,Electricity consumption|Grid electricity,GJ,509889.6,,ON-MAIN-fefeaee4,,CMP-4a434d72,NewmontCorporation_2023-Performance-data,509889600.0,direct_unit,gj→MJ factor=1000.0,MJ,False,ON-MAIN-fefeaee4,Underground mining and beneficiation at Musselwhite,"Underground, concentrator",Free-miling,Au,5.712887755102041,1.0,mining,89252514.99027441,Doré,concentrate_economic
TECH-fefeaee4-2023.0-7.0,2023.0,Energy,Gasoline,GJ,5437.635,,ON-MAIN-fefeaee4,,CMP-4a434d72,NewmontCorporation_2023-Performance-data,5437635.0,direct_unit,gj→MJ factor=1000.0,MJ,False,ON-MAIN-fefeaee4,Underground mining and beneficiation at Musselwhite,"Underground, concentrator",Free-miling,Au,5.712887755102041,1.0,mining,951818.9807149249,Doré,concentrate_economic
TECH-fefeaee4-2023.0-12.0,2023.0,Energy,Propane,GJ,229891.86895,,ON-MAIN-fefeaee4,,CMP-4a434d72,NewmontCorporation_2023-Performance-data,229891868.95,direct_unit,gj→MJ factor=1000.0,MJ,False,ON-MAIN-fefeaee4,Underground mining and beneficiation at Musselwhite,"Underground, concentrator",Free-miling,Au,5.712887755102041,1.0,mining,40240921.72031372,Doré,concentrate_economic
TECH-fefeaee4-2023.0-14.0,2023.0,Energy,Solar,GJ,1483.2,,ON-MAIN-fefeaee4,,CMP-4a434d72,NewmontCorporation_2023-Performance-data,1483200.0,direct_unit,gj→MJ factor=1000.0,MJ,False,ON-MAIN-fefeaee4,Underground mining and beneficiation at Musselwhite,"Underground, concentrator",Free-miling,Au,5.712887755102041,1.0,mining,259623.51503850048,Doré,concentrate_economic
TECH-aa76f6f2-2023.0-4.0,2023.0,Energy,Diesel,l,4761600.1,,BC-MAIN-aa76f6f2,,CMP-d94be190,NewGoldInc_ESG_data_2023,170965251.5905,lhv+density,"diesel MJ/kg=43.0, dens=0.835 kg/L",MJ,False,BC-MAIN-aa76f6f2,Underground mining and beneficiation at New Afton,"Underground, concentrator","Porphyry sulfide, flotation-based",Cu,71667.53600000001,1.0,mining,2385.5327130334153,Cu concentrate,concentrate_economic
TECH-aa76f6f2-2023.0-5.0,2023.0,Energy,Electricity consumption|Generated on-site,GJ,56414.6765,,BC-MAIN-aa76f6f2,,CMP-d94be190,NewGoldInc_ESG_data_2023,56414676.5,direct_unit,gj→MJ factor=1000.0,MJ,False,BC-MAIN-aa76f6f2,Underground mining and beneficiation at New Afton,"Underground, concentrator","Porphyry sulfide, flotation-based",Cu,71667.53600000001,1.0,mining,787.1719839789106,Cu concentrate,concentrate_economic
TECH-aa76f6f2-2023.0-6.0,2023.0,Energy,Electricity consumption|Grid electricity,GJ,171984.8235,,BC-MAIN-aa76f6f2,,CMP-d94be190,NewGoldInc_ESG_data_2023,171984823.5,direct_unit,gj→MJ factor=1000.0,MJ,False,BC-MAIN-aa76f6f2,Underground mining and beneficiation at New Afton,"Underground, concentrator","Porphyry sulfide, flotation-based",Cu,71667.53600000001,1.0,mining,2399.759125247448,Cu concentrate,concentrate_economic
TECH-aa76f6f2-2023.0-7.0,2023.0,Energy,Explosives,kg,522600.0,,BC-MAIN-aa76f6f2,,CMP-d94be190,NewGoldInc_ESG_data_2023,2090400.0,lhv_factor,explosives MJ/kg=4.0,MJ,False,BC-MAIN-aa76f6f2,Underground mining and beneficiation at New Afton,"Underground, concentrator","Porphyry sulfide, flotation-based",Cu,71667.53600000001,1.0,mining,29.168018278178277,Cu concentrate,concentrate_economic
TECH-aa76f6f2-2023.0-9.0,2023.0,Energy,Gasoline,l,119418.4,,BC-MAIN-aa76f6f2,,CMP-d94be190,NewGoldInc_ESG_data_2023,3914535.152,lhv+density,"gasoline MJ/kg=44.0, dens=0.745 kg/L",MJ,False,BC-MAIN-aa76f6f2,Underground mining and beneficiation at New Afton,"Underground, concentrator","Porphyry sulfide, flotation-based",Cu,71667.53600000001,1.0,mining,54.620758163082364,Cu concentrate,concentrate_economic
TECH-aa76f6f2-2023.0-11.0,2023.0,Energy,Natural gas,GJ,59198.0,,BC-MAIN-aa76f6f2,,CMP-d94be190,NewGoldInc_ESG_data_2023,59198000.0,direct_unit,gj→MJ factor=1000.0,MJ,False,BC-MAIN-aa76f6f2,Underground mining and beneficiation at New Afton,"Underground, concentrator","Porphyry sulfide, flotation-based",Cu,71667.53600000001,1.0,mining,826.008584974932,Cu concentrate,concentrate_economic
TECH-aa76f6f2-2023.0-13.0,2023.0,Energy,Propane,l,31049.5,,BC-MAIN-aa76f6f2,,CMP-d94be190,NewGoldInc_ESG_data_2023,710263.5224,lhv+density,"propane MJ/kg=46.4, dens=0.493 kg/L",MJ,False,BC-MAIN-aa76f6f2,Underground mining and beneficiation at New Afton,"Underground, concentrator","Porphyry sulfide, flotation-based",Cu,71667.53600000001,1.0,mining,9.910533583853084,Cu concentrate,concentrate_economic
TECH-GRP-0d911886-2023.0-1.0,2023.0,Energy,Biodiesel,GJ,23524.436671511,,,GRP-0d911886,CMP-4a434d72,NewmontCorporation_2023-Performance-data,23524436.671511,direct_unit,gj→MJ factor=1000.0,MJ,False,GRP-0d911886,Open-pit and underground mining at Porcupine complex,"Open-pit, underground",Free-miling,Au,8.251948979591836,1.0,mining,2850773.4027064457,Doré,concentrate_economic
TECH-GRP-0d911886-2023.0-3.0,2023.0,Energy,Diesel,GJ,623021.868616,,,GRP-0d911886,CMP-4a434d72,NewmontCorporation_2023-Performance-data,623021868.616,direct_unit,gj→MJ factor=1000.0,MJ,False,GRP-0d911886,Open-pit and underground mining at Porcupine complex,"Open-pit, underground",Free-miling,Au,8.251948979591836,1.0,mining,75499966.14821732,Doré,concentrate_economic
TECH-GRP-0d911886-2023.0-4.0,2023.0,Energy,Electricity consumption|Generated on-site,GJ,91025.4822599152,,,GRP-0d911886,CMP-4a434d72,NewmontCorporation_2023-Performance-data,91025482.2599152,direct_unit,gj→MJ factor=1000.0,MJ,False,GRP-0d911886,Open-pit and underground mining at Porcupine complex,"Open-pit, underground",Free-miling,Au,8.251948979591836,1.0,mining,11030785.876770845,Doré,concentrate_economic
TECH-GRP-0d911886-2023.0-5.0,2023.0,Energy,Electricity consumption|Grid electricity,GJ,723967.2,,,GRP-0d911886,CMP-4a434d72,NewmontCorporation_2023-Performance-data,723967200.0,direct_unit,gj→MJ factor=1000.0,MJ,False,GRP-0d911886,Open-pit and underground mining at Porcupine complex,"Open-pit, underground",Free-miling,Au,8.251948979591836,1.0,mining,87732873.99018909,Doré,concentrate_economic
TECH-GRP-0d911886-2023.0-6.0,2023.0,Energy,Gasoline,GJ,17195.8465,,,GRP-0d911886,CMP-4a434d72,NewmontCorporation_2023-Performance-data,17195846.5,direct_unit,gj→MJ factor=1000.0,MJ,False,GRP-0d911886,Open-pit and underground mining at Porcupine complex,"Open-pit, underground",Free-miling,Au,8.251948979591836,1.0,mining,2083852.7410345857,Doré,concentrate_economic
TECH-GRP-0d911886-2023.0-11.0,2023.0,Energy,Natural gas,GJ,166705.0,,,GRP-0d911886,CMP-4a434d72,NewmontCorporation_2023-Performance-data,166705000.0,direct_unit,gj→MJ factor=1000.0,MJ,False,GRP-0d911886,Open-pit and underground mining at Porcupine complex,"Open-pit, underground",Free-miling,Au,8.251948979591836,1.0,mining,20201894.172186907,Doré,concentrate_economic
TECH-GRP-0d911886-2023.0-13.0,2023.0,Energy,Propane,GJ,6336.0580703,,,GRP-0d911886,CMP-4a434d72,NewmontCorporation_2023-Performance-data,6336058.0703,direct_unit,gj→MJ factor=1000.0,MJ,False,GRP-0d911886,Open-pit and underground mining at Porcupine complex,"Open-pit, underground",Free-miling,Au,8.251948979591836,1.0,mining,767825.6477312101,Doré,concentrate_economic
TECH-0aadf28f-2023.0-6.0,2023.0,Energy,Diesel,l,42378137.86,,ON-MAIN-0aadf28f,,CMP-d94be190,NewGoldInc_ESG_data_2023,1521587039.8633,lhv+density,"diesel MJ/kg=43.0, dens=0.835 kg/L",MJ,False,ON-MAIN-0aadf28f,Open-pit and underground mining and beneficiation at Rainy River,"Open-pit, underground, concentrator",Free-miling,Au,8.05342613010203,1.0,mining,188936610.98795262,Doré,concentrate_economic
TECH-0aadf28f-2023.0-7.0,2023.0,Energy,Electricity consumption,GJ,2919222.0,,ON-MAIN-0aadf28f,,CMP-d94be190,NewGoldInc_ESG_data_2023,2919222000.0,direct_unit,gj→MJ factor=1000.0,MJ,False,ON-MAIN-0aadf28f,Open-pit and underground mining and beneficiation at Rainy River,"Open-pit, underground, concentrator",Free-miling,Au,8.05342613010203,1.0,mining,362481998.69724464,Doré,concentrate_economic
TECH-0aadf28f-2023.0-8.0,2023.0,Energy,Explosives,kg,14805627.0,,ON-MAIN-0aadf28f,,CMP-d94be190,NewGoldInc_ESG_data_2023,59222508.0,lhv_factor,explosives MJ/kg=4.0,MJ,False,ON-MAIN-0aadf28f,Open-pit and underground mining and beneficiation at Rainy River,"Open-pit, underground, concentrator",Free-miling,Au,8.05342613010203,1.0,mining,7353703.5099432515,Doré,concentrate_economic
TECH-0aadf28f-2023.0-10.0,2023.0,Energy,Gasoline,l,1147190.1,,ON-MAIN-0aadf28f,,CMP-d94be190,NewGoldInc_ESG_data_2023,37604891.478,lhv+density,"gasoline MJ/kg=44.0, dens=0.745 kg/L",MJ,False,ON-MAIN-0aadf28f,Open-pit and underground mining and beneficiation at Rainy River,"Open-pit, underground, concentrator",Free-miling,Au,8.05342613010203,1.0,mining,4669427.752921299,Doré,concentrate_economic
TECH-0aadf28f-2023.0-12.0,2023.0,Energy,Propane,l,3691412.93,,ON-MAIN-0aadf28f,,CMP-d94be190,NewGoldInc_ESG_data_2023,84441809.056336,lhv+density,"propane MJ/kg=46.4, dens=0.493 kg/L",MJ,False,ON-MAIN-0aadf28f,Open-pit and underground mining and beneficiation at Rainy River,"Open-pit, underground, concentrator",Free-miling,Au,8.05342613010203,1.0,mining,10485203.153563438,Doré,concentrate_economic
TECH-8eb8be0d-2023.0-1.0,2023.0,Energy,Acetylene,GJ,2.0,,BC-MAIN-8eb8be0d,,CMP-4a434d72,NewmontCorporation_2023-Performance-data,2000.0,direct_unit,gj→MJ factor=1000.0,MJ,False,BC-MAIN-8eb8be0d,Open-pit mining and beneficiation at Red Chris,"Open-pit, concentrator",Hybrid free-miling-refactory,Cu,12095.786666666667,1.0,mining,0.16534683151378332,Cu concentrate,concentrate_economic
TECH-8eb8be0d-2023.0-2.0,2023.0,Energy,Aviation fuel,GJ,121071.915388,,BC-MAIN-8eb8be0d,,CMP-4a434d72,NewmontCorporation_2023-Performance-data,121071915.388,direct_unit,gj→MJ factor=1000.0,MJ,False,BC-MAIN-8eb8be0d,Open-pit mining and beneficiation at Red Chris,"Open-pit, concentrator",Hybrid free-miling-refactory,Cu,12095.786666666667,1.0,mining,10009.428797355333,Cu concentrate,concentrate_economic
TECH-8eb8be0d-2023.0-3.0,2023.0,Energy,Diesel,GJ,1361713.858312,,BC-MAIN-8eb8be0d,,CMP-4a434d72,NewmontCorporation_2023-Performance-data,1361713858.312,direct_unit,gj→MJ factor=1000.0,MJ,False,BC-MAIN-8eb8be0d,Open-pit mining and beneficiation at Red Chris,"Open-pit, concentrator",Hybrid free-miling-refactory,Cu,12095.786666666667,1.0,mining,112577.53595014903,Cu concentrate,concentrate_economic
TECH-8eb8be0d-2023.0-4.0,2023.0,Energy,Electricity consumption|Generated on-site,GJ,5528.5667,,BC-MAIN-8eb8be0d,,CMP-4a434d72,NewmontCorporation_2023-Performance-data,5528566.7,direct_unit,gj→MJ factor=1000.0,MJ,False,BC-MAIN-8eb8be0d,Open-pit mining and beneficiation at Red Chris,"Open-pit, concentrator",Hybrid free-miling-refactory,Cu,12095.786666666667,1.0,mining,457.0654933288065,Cu concentrate,concentrate_economic
TECH-8eb8be0d-2023.0-5.0,2023.0,Energy,Electricity consumption|Grid electricity,GJ,1274584.3416,,BC-MAIN-8eb8be0d,,CMP-4a434d72,NewmontCorporation_2023-Performance-data,1274584341.6,direct_unit,gj→MJ factor=1000.0,MJ,False,BC-MAIN-8eb8be0d,Open-pit mining and beneficiation at Red Chris,"Open-pit, concentrator",Hybrid free-miling-refactory,Cu,12095.786666666667,1.0,mining,105374.24119032081,Cu concentrate,concentrate_economic
TECH-8eb8be0d-2023.0-6.0,2023.0,Energy,Gasoline,GJ,25050.76,,BC-MAIN-8eb8be0d,,CMP-4a434d72,NewmontCorporation_2023-Performance-data,25050760.0,direct_unit,gj→MJ factor=1000.0,MJ,False,BC-MAIN-8eb8be0d,Open-pit mining and beneficiation at Red Chris,"Open-pit, concentrator",Hybrid free-miling-refactory,Cu,12095.786666666667,1.0,mining,2071.031896506111,Cu concentrate,concentrate_economic
TECH-8eb8be0d-2023.0-7.0,2023.0,Energy,Propane,GJ,80313.1858,,BC-MAIN-8eb8be0d,,CMP-4a434d72,NewmontCorporation_2023-Performance-data,80313185.80000001,direct_unit,gj→MJ factor=1000.0,MJ,False,BC-MAIN-8eb8be0d,Open-pit mining and beneficiation at Red Chris,"Open-pit, concentrator",Hybrid free-miling-refactory,Cu,12095.786666666667,1.0,mining,6639.765400403888,Cu concentrate,concentrate_economic
TECH-7f050560-2024.0-1.0,2024.0,Energy,Diesel,l,3116555.8,,ON-MAIN-7f050560,,CMP-ca642bce,EvolutionMiningLtd_EVN_FY24-ESG-Performance-Data_web,111899935.999,lhv+density,"diesel MJ/kg=43.0, dens=0.835 kg/L",MJ,False,ON-MAIN-7f050560,Underground mining and beneficiation at Red Lake,"Underground, concentrator",Hybrid free-miling-refactory,Au,3.5769025,1.0,mining,31284033.042276103,Doré,concentrate_economic
TECH-7f050560-2024.0-2.0,2024.0,Energy,Electricity consumption|Grid electricity,kWh,248298644.3585,,ON-MAIN-7f050560,,CMP-ca642bce,EvolutionMiningLtd_EVN_FY24-ESG-Performance-Data_web,893875119.6906,direct_unit,kwh→MJ factor=3.6,MJ,False,ON-MAIN-7f050560,Underground mining and beneficiation at Red Lake,"Underground, concentrator",Hybrid free-miling-refactory,Au,3.5769025,1.0,mining,249902008.7046264,Doré,concentrate_economic
TECH-7f050560-2024.0-3.0,2024.0,Energy,Gasoline,l,151631.5,,ON-MAIN-7f050560,,CMP-ca642bce,EvolutionMiningLtd_EVN_FY24-ESG-Performance-Data_web,4970480.57,lhv+density,"gasoline MJ/kg=44.0, dens=0.745 kg/L",MJ,False,ON-MAIN-7f050560,Underground mining and beneficiation at Red Lake,"Underground, concentrator",Hybrid free-miling-refactory,Au,3.5769025,1.0,mining,1389604.7124572168,Doré,concentrate_economic
TECH-7f050560-2024.0-4.0,2024.0,Energy,LPG,l,640677.799999999,,ON-MAIN-7f050560,,CMP-ca642bce,EvolutionMiningLtd_EVN_FY24-ESG-Performance-Data_web,14655632.81055998,lhv+density,"propane MJ/kg=46.4, dens=0.493 kg/L",MJ,False,ON-MAIN-7f050560,Underground mining and beneficiation at Red Lake,"Underground, concentrator",Hybrid free-miling-refactory,Au,3.5769025,1.0,mining,4097297.25944724,Doré,concentrate_economic
TECH-7f050560-2024.0-5.0,2024.0,Energy,Natural gas,GJ,307233.0,,ON-MAIN-7f050560,,CMP-ca642bce,EvolutionMiningLtd_EVN_FY24-ESG-Performance-Data_web,307233000.0,direct_unit,gj→MJ factor=1000.0,MJ,False,ON-MAIN-7f050560,Underground mining and beneficiation at Red Lake,"Underground, concentrator",Hybrid free-miling-refactory,Au,3.5769025,1.0,mining,85893590.89323793,Doré,concentrate_economic
TECH-GRP-14bfbb82-2023.0-1.0,2023.0,Energy,Diesel,GJ,131655.0,,,GRP-14bfbb82,CMP-4a73c5f8,SSRMiningInc_ESG_2023,131655000.0,direct_unit,gj→MJ factor=1000.0,MJ,False,GRP-14bfbb82,Underground mining and beneficiation at Seabee Gold Operation,"Underground, concentrator",Free-miling,Au,1.2300799484693878,1.0,mining,107029628.57318409,Doré,concentrate_economic
TECH-GRP-14bfbb82-2023.0-2.0,2023.0,Energy,Electricity consumption|Generated on-site,kWh,452775.0,,,GRP-14bfbb82,CMP-4a73c5f8,SSRMiningInc_ESG_2023,1629990.0,direct_unit,kwh→MJ factor=3.6,MJ,False,GRP-14bfbb82,Underground mining and beneficiation at Seabee Gold Operation,"Underground, concentrator",Free-miling,Au,1.2300799484693878,1.0,mining,1325108.9915157368,Doré,concentrate_economic
TECH-GRP-14bfbb82-2023.0-3.0,2023.0,Energy,Electricity consumption|Grid electricity,kWh,53673624.0,,,GRP-14bfbb82,CMP-4a73c5f8,SSRMiningInc_ESG_2023,193225046.4,direct_unit,kwh→MJ factor=3.6,MJ,False,GRP-14bfbb82,Underground mining and beneficiation at Seabee Gold Operation,"Underground, concentrator",Free-miling,Au,1.2300799484693878,1.0,mining,157083323.43798763,Doré,concentrate_economic
TECH-GRP-14bfbb82-2023.0-4.0,2023.0,Energy,Other,GJ,10277.0,"Other types are electricity, diesel, natural gas, propane",,GRP-14bfbb82,CMP-4a73c5f8,SSRMiningInc_ESG_2023,10277000.0,direct_unit,gj→MJ factor=1000.0,MJ,False,GRP-14bfbb82,Underground mining and beneficiation at Seabee Gold Operation,"Underground, concentrator",Free-miling,Au,1.2300799484693878,1.0,mining,8354741.505044342,Doré,concentrate_economic
TECH-GRP-14bfbb82-2023.0-5.0,2023.0,Energy,Propane,GJ,40177.0,,,GRP-14bfbb82,CMP-4a73c5f8,SSRMiningInc_ESG_2023,40177000.0,direct_unit,gj→MJ factor=1000.0,MJ,False,GRP-14bfbb82,Underground mining and beneficiation at Seabee Gold Operation,"Underground, concentrator",Free-miling,Au,1.2300799484693878,1.0,mining,32662104.64611915,Doré,concentrate_economic
TECH-GRP-a13779f8-2023.0-1.0,2023.0,Energy,Diesel,TJ,387.2,Share of primary energy source derived from the all group,,GRP-a13779f8,CMP-12afc634,HudbayMineralsInc_Hudbay-2023-Integrated-Annual-Report-Performance-Data,387200000.0,direct_unit,tj→MJ factor=1000000.0,MJ,False,GRP-a13779f8,Underground mining and beneficiation at Snow Lake,"Underground, concentrator",Free-miling,Cu,40513.333333333336,0.12903991169620735,mining,1233.2792613651015,Cu concentrate,concentrate_economic
TECH-GRP-a13779f8-2023.0-1.0,2023.0,Energy,Diesel,TJ,387.2,Share of primary energy source derived from the all group,,GRP-a13779f8,CMP-12afc634,HudbayMineralsInc_Hudbay-2023-Integrated-Annual-Report-Performance-Data,387200000.0,direct_unit,tj→MJ factor=1000000.0,MJ,False,GRP-a13779f8,Underground mining and beneficiation at Snow Lake,"Underground, concentrator",Free-miling,Zn,69284.0,0.08249245877008354,mining,461.0166854652784,Zn concentrate,concentrate_economic
TECH-GRP-a13779f8-2023.0-1.0,2023.0,Energy,Diesel,TJ,387.2,Share of primary energy source derived from the all group,,GRP-a13779f8,CMP-12afc634,HudbayMineralsInc_Hudbay-2023-Integrated-Annual-Report-Performance-Data,387200000.0,direct_unit,tj→MJ factor=1000000.0,MJ,False,GRP-a13779f8,Underground mining and beneficiation at Snow Lake,"Underground, concentrator",Free-miling,Au,32.97878714387755,0.7884676295337092,mining,9257304.242983041,Doré,concentrate_economic
TECH-GRP-a13779f8-2023.0-2.0,2023.0,Energy,Electricity consumption,TJ,764.0,,,GRP-a13779f8,CMP-12afc634,HudbayMineralsInc_Hudbay-2023-Integrated-Annual-Report-Performance-Data,764000000.0,direct_unit,tj→MJ factor=1000000.0,MJ,False,GRP-a13779f8,Underground mining and beneficiation at Snow Lake,"Underground, concentrator",Free-miling,Cu,40513.333333333336,0.12903991169620735,mining,2433.4332533133716,Cu concentrate,concentrate_economic
TECH-GRP-a13779f8-2023.0-2.0,2023.0,Energy,Electricity consumption,TJ,764.0,,,GRP-a13779f8,CMP-12afc634,HudbayMineralsInc_Hudbay-2023-Integrated-Annual-Report-Performance-Data,764000000.0,direct_unit,tj→MJ factor=1000000.0,MJ,False,GRP-a13779f8,Underground mining and beneficiation at Snow Lake,"Underground, concentrator",Free-miling,Zn,69284.0,0.08249245877008354,mining,909.6506913622745,Zn concentrate,concentrate_economic
TECH-GRP-a13779f8-2023.0-2.0,2023.0,Energy,Electricity consumption,TJ,764.0,,,GRP-a13779f8,CMP-12afc634,HudbayMineralsInc_Hudbay-2023-Integrated-Annual-Report-Performance-Data,764000000.0,direct_unit,tj→MJ factor=1000000.0,MJ,False,GRP-a13779f8,Underground mining and beneficiation at Snow Lake,"Underground, concentrator",Free-miling,Au,32.97878714387755,0.7884676295337092,mining,18265961.884398356,Doré,concentrate_economic
TECH-GRP-a13779f8-2023.0-3.0,2023.0,Energy,Gasoline,TJ,1.76,Share of primary energy source derived from the all group,,GRP-a13779f8,CMP-12afc634,HudbayMineralsInc_Hudbay-2023-Integrated-Annual-Report-Performance-Data,1760000.0,direct_unit,tj→MJ factor=1000000.0,MJ,False,GRP-a13779f8,Underground mining and beneficiation at Snow Lake,"Underground, concentrator",Free-miling,Cu,40513.333333333336,0.12903991169620735,mining,5.605814824386825,Cu concentrate,concentrate_economic
TECH-GRP-a13779f8-2023.0-3.0,2023.0,Energy,Gasoline,TJ,1.76,Share of primary energy source derived from the all group,,GRP-a13779f8,CMP-12afc634,HudbayMineralsInc_Hudbay-2023-Integrated-Annual-Report-Performance-Data,1760000.0,direct_unit,tj→MJ factor=1000000.0,MJ,False,GRP-a13779f8,Underground mining and beneficiation at Snow Lake,"Underground, concentrator",Free-miling,Zn,69284.0,0.08249245877008354,mining,2.0955303884785383,Zn concentrate,concentrate_economic
TECH-GRP-a13779f8-2023.0-3.0,2023.0,Energy,Gasoline,TJ,1.76,Share of primary energy source derived from the all group,,GRP-a13779f8,CMP-12afc634,HudbayMineralsInc_Hudbay-2023-Integrated-Annual-Report-Performance-Data,1760000.0,direct_unit,tj→MJ factor=1000000.0,MJ,False,GRP-a13779f8,Underground mining and beneficiation at Snow Lake,"Underground, concentrator",Free-miling,Au,32.97878714387755,0.7884676295337092,mining,42078.65564992292,Doré,concentrate_economic
TECH-GRP-a13779f8-2023.0-4.0,2023.0,Energy,Propane,TJ,48.4,Share of primary energy source derived from the all group,,GRP-a13779f8,CMP-12afc634,HudbayMineralsInc_Hudbay-2023-Integrated-Annual-Report-Performance-Data,48400000.0,direct_unit,tj→MJ factor=1000000.0,MJ,False,GRP-a13779f8,Underground mining and beneficiation at Snow Lake,"Underground, concentrator",Free-miling,Cu,40513.333333333336,0.12903991169620735,mining,154.1599076706377,Cu concentrate,concentrate_economic
TECH-GRP-a13779f8-2023.0-4.0,2023.0,Energy,Propane,TJ,48.4,Share of primary energy source derived from the all group,,GRP-a13779f8,CMP-12afc634,HudbayMineralsInc_Hudbay-2023-Integrated-Annual-Report-Performance-Data,48400000.0,direct_unit,tj→MJ factor=1000000.0,MJ,False,GRP-a13779f8,Underground mining and beneficiation at Snow Lake,"Underground, concentrator",Free-miling,Zn,69284.0,0.08249245877008354,mining,57.6270856831598,Zn concentrate,concentrate_economic
TECH-GRP-a13779f8-2023.0-4.0,2023.0,Energy,Propane,TJ,48.4,Share of primary energy source derived from the all group,,GRP-a13779f8,CMP-12afc634,HudbayMineralsInc_Hudbay-2023-Integrated-Annual-Report-Performance-Data,48400000.0,direct_unit,tj→MJ factor=1000000.0,MJ,False,GRP-a13779f8,Underground mining and beneficiation at Snow Lake,"Underground, concentrator",Free-miling,Au,32.97878714387755,0.7884676295337092,mining,1157163.0303728802,Doré,concentrate_economic
TECH-GRP-147b3123-2023.0-1.0,2023.0,Energy,Ammonium nitrate,GJ,20.7,,,GRP-147b3123,CMP-48a36546,PanAmericanSilverCorp_ESG_data_2023,20700.0,direct_unit,gj→MJ factor=1000.0,MJ,False,GRP-147b3123,Underground mining and beneficiation at Timmins Operation,"Underground, concentrator",Free-miling,Au,4.218015459183674,1.0,mining,4907.521131751883,Doré,concentrate_economic
TECH-GRP-147b3123-2023.0-2.0,2023.0,Energy,Diesel,GJ,384285.8,,,GRP-147b3123,CMP-48a36546,PanAmericanSilverCorp_ESG_data_2023,384285800.0,direct_unit,gj→MJ factor=1000.0,MJ,False,GRP-147b3123,Underground mining and beneficiation at Timmins Operation,"Underground, concentrator",Free-miling,Au,4.218015459183674,1.0,mining,91105830.15131293,Doré,concentrate_economic
TECH-GRP-147b3123-2023.0-3.0,2023.0,Energy,Dynamite,GJ,4889.799999999999,,,GRP-147b3123,CMP-48a36546,PanAmericanSilverCorp_ESG_data_2023,4889799.999999999,direct_unit,gj→MJ factor=1000.0,MJ,False,GRP-147b3123,Underground mining and beneficiation at Timmins Operation,"Underground, concentrator",Free-miling,Au,4.218015459183674,1.0,mining,1159265.5473449447,Doré,concentrate_economic
TECH-GRP-147b3123-2023.0-4.0,2023.0,Energy,Electricity consumption|Grid electricity,GJ,738226.8,,,GRP-147b3123,CMP-48a36546,PanAmericanSilverCorp_ESG_data_2023,738226800.0,direct_unit,gj→MJ factor=1000.0,MJ,False,GRP-147b3123,Underground mining and beneficiation at Timmins Operation,"Underground, concentrator",Free-miling,Au,4.218015459183674,1.0,mining,175017566.23311937,Doré,concentrate_economic
TECH-GRP-147b3123-2023.0-5.0,2023.0,Energy,Emulsions,GJ,2026.3,"Explosives, treated as energy consumption",,GRP-147b3123,CMP-48a36546,PanAmericanSilverCorp_ESG_data_2023,2026300.0,direct_unit,gj→MJ factor=1000.0,MJ,False,GRP-147b3123,Underground mining and beneficiation at Timmins Operation,"Underground, concentrator",Free-miling,Au,4.218015459183674,1.0,mining,480391.7907859343,Doré,concentrate_economic
TECH-GRP-147b3123-2023.0-6.0,2023.0,Energy,Gasoline,GJ,2946.1,,,GRP-147b3123,CMP-48a36546,PanAmericanSilverCorp_ESG_data_2023,2946100.0,direct_unit,gj→MJ factor=1000.0,MJ,False,GRP-147b3123,Underground mining and beneficiation at Timmins Operation,"Underground, concentrator",Free-miling,Au,4.218015459183674,1.0,mining,698456.4254229093,Doré,concentrate_economic
TECH-GRP-147b3123-2023.0-7.0,2023.0,Energy,Natural gas,GJ,159325.59885,,,GRP-147b3123,CMP-48a36546,PanAmericanSilverCorp_ESG_data_2023,159325598.85,direct_unit,gj→MJ factor=1000.0,MJ,False,GRP-147b3123,Underground mining and beneficiation at Timmins Operation,"Underground, concentrator",Free-miling,Au,4.218015459183674,1.0,mining,37772644.59832843,Doré,concentrate_economic
TECH-02884fb5-2023.0-1.0,2023.0,Energy,ANFO,GJ,1530.9,"Explosives, treated as energy consumption",QC-MAIN-02884fb5,,CMP-3d0a95b7,IAMGOLDCorporation_2023_iamgold-esg-performance-data-final_protected,1530900.0,direct_unit,gj→MJ factor=1000.0,MJ,False,QC-MAIN-02884fb5,Underground mining and beneficiation at Westwood-Doyon,"Underground, concentrator",Free-miling,Au,4.118166876530612,1.0,mining,371743.07061828463,Doré,concentrate_economic
TECH-02884fb5-2023.0-7.0,2023.0,Energy,Diesel,GJ,206946.0,,QC-MAIN-02884fb5,,CMP-3d0a95b7,IAMGOLDCorporation_2023_iamgold-esg-performance-data-final_protected,206946000.0,direct_unit,gj→MJ factor=1000.0,MJ,False,QC-MAIN-02884fb5,Underground mining and beneficiation at Westwood-Doyon,"Underground, concentrator",Free-miling,Au,4.118166876530612,1.0,mining,50251970.404449366,Doré,concentrate_economic
TECH-02884fb5-2023.0-8.0,2023.0,Energy,Electricity consumption|Grid electricity,GJ,525946.7,,QC-MAIN-02884fb5,,CMP-3d0a95b7,IAMGOLDCorporation_2023_iamgold-esg-performance-data-final_protected,525946699.9999999,direct_unit,gj→MJ factor=1000.0,MJ,False,QC-MAIN-02884fb5,Underground mining and beneficiation at Westwood-Doyon,"Underground, concentrator",Free-miling,Au,4.118166876530612,1.0,mining,127713790.08397265,Doré,concentrate_economic
TECH-02884fb5-2023.0-9.0,2023.0,Energy,Emulsion ANFO,GJ,4260.6,"Explosives, treated as energy consumption",QC-MAIN-02884fb5,,CMP-3d0a95b7,IAMGOLDCorporation_2023_iamgold-esg-performance-data-final_protected,4260600.0,direct_unit,gj→MJ factor=1000.0,MJ,False,QC-MAIN-02884fb5,Underground mining and beneficiation at Westwood-Doyon,"Underground, concentrator",Free-miling,Au,4.118166876530612,1.0,mining,1034586.5351598822,Doré,concentrate_economic
TECH-02884fb5-2023.0-12.0,2023.0,Energy,Gasoline,GJ,3350.8,,QC-MAIN-02884fb5,,CMP-3d0a95b7,IAMGOLDCorporation_2023_iamgold-esg-performance-data-final_protected,3350800.0,direct_unit,gj→MJ factor=1000.0,MJ,False,QC-MAIN-02884fb5,Underground mining and beneficiation at Westwood-Doyon,"Underground, concentrator",Free-miling,Au,4.118166876530612,1.0,mining,813662.9962948253,Doré,concentrate_economic
TECH-02884fb5-2023.0-17.0,2023.0,Energy,Natural gas,GJ,63958.3,,QC-MAIN-02884fb5,,CMP-3d0a95b7,IAMGOLDCorporation_2023_iamgold-esg-performance-data-final_protected,63958300.0,direct_unit,gj→MJ factor=1000.0,MJ,False,QC-MAIN-02884fb5,Underground mining and beneficiation at Westwood-Doyon,"Underground, concentrator",Free-miling,Au,4.118166876530612,1.0,mining,15530769.37326111,Doré,concentrate_economic
TECH-02884fb5-2023.0-18.0,2023.0,Energy,Propane,GJ,33.0,,QC-MAIN-02884fb5,,CMP-3d0a95b7,IAMGOLDCorporation_2023_iamgold-esg-performance-data-final_protected,33000.0,direct_unit,gj→MJ factor=1000.0,MJ,False,QC-MAIN-02884fb5,Underground mining and beneficiation at Westwood-Doyon,"Underground, concentrator",Free-miling,Au,4.118166876530612,1.0,mining,8013.274106998101,Doré,concentrate_economic
TECH-7607a50e-2023.0-1.0,2023.0,Energy,Diesel,GJ,140100.0,,ON-MAIN-7607a50e,,CMP-3a4ccc7f,AlamosGoldInc_Data_2023,140100000.0,direct_unit,gj→MJ factor=1000.0,MJ,False,ON-MAIN-7607a50e,Underground mining and beneficiation at Young-Davidson,"Underground, concentrator",Free-miling,Au,5.874752908163255,1.0,mining,23847811.506305948,Doré,concentrate_economic
TECH-7607a50e-2023.0-2.0,2023.0,Energy,Electricity consumption|Generated on-site,GJ,475.0,,ON-MAIN-7607a50e,,CMP-3a4ccc7f,AlamosGoldInc_Data_2023,475000.0,direct_unit,gj→MJ factor=1000.0,MJ,False,ON-MAIN-7607a50e,Underground mining and beneficiation at Young-Davidson,"Underground, concentrator",Free-miling,Au,5.874752908163255,1.0,mining,80854.46442180818,Doré,concentrate_economic
TECH-7607a50e-2023.0-3.0,2023.0,Energy,Electricity consumption|Grid electricity,GJ,960748.0,,ON-MAIN-7607a50e,,CMP-3a4ccc7f,AlamosGoldInc_Data_2023,960748000.0,direct_unit,gj→MJ factor=1000.0,MJ,False,ON-MAIN-7607a50e,Underground mining and beneficiation at Young-Davidson,"Underground, concentrator",Free-miling,Au,5.874752908163255,1.0,mining,163538452.5985755,Doré,concentrate_economic
TECH-7607a50e-2023.0-4.0,2023.0,Energy,Gasoline,GJ,2124.0,,ON-MAIN-7607a50e,,CMP-3a4ccc7f,AlamosGoldInc_Data_2023,2124000.0,direct_unit,gj→MJ factor=1000.0,MJ,False,ON-MAIN-7607a50e,Underground mining and beneficiation at Young-Davidson,"Underground, concentrator",Free-miling,Au,5.874752908163255,1.0,mining,361547.12090930645,Doré,concentrate_economic
TECH-7607a50e-2023.0-5.0,2023.0,Energy,Naphta,GJ,6344.0,,ON-MAIN-7607a50e,,CMP-3a4ccc7f,AlamosGoldInc_Data_2023,6344000.0,direct_unit,gj→MJ factor=1000.0,MJ,False,ON-MAIN-7607a50e,Underground mining and beneficiation at Young-Davidson,"Underground, concentrator",Free-miling,Au,5.874752908163255,1.0,mining,1079875.20482516,Doré,concentrate_economic
TECH-7607a50e-2023.0-6.0,2023.0,Energy,Natural gas,GJ,221612.0,,ON-MAIN-7607a50e,,CMP-3a4ccc7f,AlamosGoldInc_Data_2023,221612000.0,direct_unit,gj→MJ factor=1000.0,MJ,False,ON-MAIN-7607a50e,Underground mining and beneficiation at Young-Davidson,"Underground, concentrator",Free-miling,Au,5.874752908163255,1.0,mining,37722778.04093843,Doré,concentrate_economic
