site_id,flow_type,functional_unit,normalization_key,allocation_factor,unit,activity_name,mining_processing_type,archetypes,npv,operation_periods,data_source,value_formula,parameter_distribution,value_normalized,reference_mass_unit
BC-MAIN-3f490561,transformation_from,Cu concentrate,land_concentrate_economic,1.0,m2,Open-pit mining and beneficiation at Mount Polley,"Open-pit, concentrator",Cu Porphyry,Cold Evergreen Needleleaf Forest,,MetalliCan,,,0.008740794236830784,kg
BC-MAIN-3f490561,transformation_to,Cu concentrate,land_concentrate_economic,1.0,m2,Open-pit mining and beneficiation at Mount Polley,"Open-pit, concentrator",Cu Porphyry,Cold Evergreen Needleleaf Forest,,MetalliCan,,,0.008740794236830784,kg
BC-MAIN-3f490561,occupation,Cu concentrate,land_concentrate_economic,1.0,m2*year,Open-pit mining and beneficiation at Mount Polley,"Open-pit, concentrator",Cu Porphyry,Cold Evergreen Needleleaf Forest,,MetalliCan,,,0.1748158847366157,kg
BC-MAIN-4724f4ba,transformation_from,Doré,land_concentrate_economic,1.0,m2,Open-pit mining at Elk,Open-pit,Au–Ag free-milling,Cold Evergreen Needleleaf Forest,,MetalliCan,,,167.6509622707692,kg
BC-MAIN-4724f4ba,transformation_to,Doré,land_concentrate_economic,1.0,m2,Open-pit mining at Elk,Open-pit,Au–Ag free-milling,Cold Evergreen Needleleaf Forest,,MetalliCan,,,167.6509622707692,kg
BC-MAIN-4724f4ba,occupation,Doré,land_concentrate_economic,1.0,m2*year,Open-pit mining at Elk,Open-pit,Au–Ag free-milling,Cold Evergreen Needleleaf Forest,,MetalliCan,,,3353.0192454153844,kg
BC-MAIN-599152a0,transformation_from,Cu concentrate,land_concentrate_economic,1.0,m2,Open-pit mining and beneficiation at Copper Mountain,"Open-pit, concentrator",Cu Porphyry,Cool Evergreen Needleleaf Forest,1884–1958; 2011–open,MetalliCan,,,0.010419850699685039,kg
BC-MAIN-599152a0,transformation_to,Cu concentrate,land_concentrate_economic,1.0,m2,Open-pit mining and beneficiation at Copper Mountain,"Open-pit, concentrator",Cu Porphyry,Cool Evergreen Needleleaf Forest,1884–1958; 2011–open,MetalliCan,,,0.010419850699685039,kg
BC-MAIN-599152a0,occupation,Cu concentrate,land_concentrate_economic,1.0,m2*year,Open-pit mining and beneficiation at Copper Mountain,"Open-pit, concentrator",Cu Porphyry,Cool Evergreen Needleleaf Forest,1884–1958; 2011–open,MetalliCan,,,0.20839701399370078,kg
BC-MAIN-6b4800fe,transformation_from,Cu concentrate,land_concentrate_economic,0.9761434843455175,m2,Open-pit mining and beneficiation at Gibraltar,"Open-pit, concentrator",Cu polymetallic,Cold Evergreen Needleleaf Forest,1972–1998; 2004–open,MetalliCan,,,0.005931597511574476,kg
BC-MAIN-6b4800fe,transformation_to,Cu concentrate,land_concentrate_economic,0.9761434843455175,m2,Open-pit mining and beneficiation at Gibraltar,"Open-pit, concentrator",Cu polymetallic,Cold Evergreen Needleleaf Forest,1972–1998; 2004–open,MetalliCan,,,0.005931597511574476,kg
BC-MAIN-6b4800fe,occupation,Cu concentrate,land_concentrate_economic,0.9761434843455175,m2*year,Open-pit mining and beneficiation at Gibraltar,"Open-pit, concentrator",Cu polymetallic,Cold Evergreen Needleleaf Forest,1972–1998; 2004–open,MetalliCan,,,0.11863195023148952,kg
BC-MAIN-6b4800fe,transformation_from,Mo concentrate,land_concentrate_economic,0.02385651565448254,m2,Open-pit mining and beneficiation at Gibraltar,"Open-pit, concentrator",Cu polymetallic,Cold Evergreen Needleleaf Forest,1972–1998; 2004–open,MetalliCan,,,0.025136219020063428,kg
BC-MAIN-6b4800fe,transformation_to,Mo concentrate,land_concentrate_economic,0.02385651565448254,m2,Open-pit mining and beneficiation at Gibraltar,"Open-pit, concentrator",Cu polymetallic,Cold Evergreen Needleleaf Forest,1972–1998; 2004–open,MetalliCan,,,0.025136219020063428,kg
BC-MAIN-6b4800fe,occupation,Mo concentrate,land_concentrate_economic,0.02385651565448254,m2*year,Open-pit mining and beneficiation at Gibraltar,"Open-pit, concentrator",Cu polymetallic,Cold Evergreen Needleleaf Forest,1972–1998; 2004–open,MetalliCan,,,0.5027243804012685,kg
BC-MAIN-8eb8be0d,transformation_from,Cu concentrate,land_concentrate_economic,0.9179884916984788,m2,Open-pit mining and beneficiation at Red Chris,"Open-pit, concentrator",Au–Ag polymetallic,Cold Evergreen Needleleaf Forest,2015–open,MetalliCan,,,0.039697195564753276,kg
BC-MAIN-8eb8be0d,transformation_to,Cu concentrate,land_concentrate_economic,0.9179884916984788,m2,Open-pit mining and beneficiation at Red Chris,"Open-pit, concentrator",Au–Ag polymetallic,Cold Evergreen Needleleaf Forest,2015–open,MetalliCan,,,0.039697195564753276,kg
BC-MAIN-8eb8be0d,occupation,Cu concentrate,land_concentrate_economic,0.9179884916984788,m2*year,Open-pit mining and beneficiation at Red Chris,"Open-pit, concentrator",Au–Ag polymetallic,Cold Evergreen Needleleaf Forest,2015–open,MetalliCan,,,0.7939439112950656,kg
BC-MAIN-8eb8be0d,transformation_from,Doré,land_concentrate_economic,0.08201150830152126,m2,Open-pit mining and beneficiation at Red Chris,"Open-pit, concentrator",Au–Ag polymetallic,Cold Evergreen Needleleaf Forest,2015–open,MetalliCan,,,297.97713174009687,kg
BC-MAIN-8eb8be0d,transformation_to,Doré,land_concentrate_economic,0.08201150830152126,m2,Open-pit mining and beneficiation at Red Chris,"Open-pit, concentrator",Au–Ag polymetallic,Cold Evergreen Needleleaf Forest,2015–open,MetalliCan,,,297.97713174009687,kg
BC-MAIN-8eb8be0d,occupation,Doré,land_concentrate_economic,0.08201150830152126,m2*year,Open-pit mining and beneficiation at Red Chris,"Open-pit, concentrator",Au–Ag polymetallic,Cold Evergreen Needleleaf Forest,2015–open,MetalliCan,,,5959.542634801936,kg
BC-MAIN-aa76f6f2,transformation_from,Cu concentrate,land_concentrate_economic,1.0,m2,Underground mining and beneficiation at New Afton,"Underground, concentrator",Cu Porphyry,Temperate Evergreen Needleleaf Open Woodland,2012–open,MetalliCan,,,0.003453767347973285,kg
BC-MAIN-aa76f6f2,transformation_to,Cu concentrate,land_concentrate_economic,1.0,m2,Underground mining and beneficiation at New Afton,"Underground, concentrator",Cu Porphyry,Temperate Evergreen Needleleaf Open Woodland,2012–open,MetalliCan,,,0.003453767347973285,kg
BC-MAIN-aa76f6f2,occupation,Cu concentrate,land_concentrate_economic,1.0,m2*year,Underground mining and beneficiation at New Afton,"Underground, concentrator",Cu Porphyry,Temperate Evergreen Needleleaf Open Woodland,2012–open,MetalliCan,,,0.06907534695946572,kg
BC-MAIN-bf503b6b,transformation_from,Cu concentrate,land_concentrate_economic,0.9785607445570883,m2,Open-pit mining and beneficiation at Highland Valley,"Open-pit, concentrator",Cu polymetallic,Cool Evergreen Needleleaf Forest,,MetalliCan,,,0.009163150088370656,kg
BC-MAIN-bf503b6b,transformation_to,Cu concentrate,land_concentrate_economic,0.9785607445570883,m2,Open-pit mining and beneficiation at Highland Valley,"Open-pit, concentrator",Cu polymetallic,Cool Evergreen Needleleaf Forest,,MetalliCan,,,0.009163150088370656,kg
BC-MAIN-bf503b6b,occupation,Cu concentrate,land_concentrate_economic,0.9785607445570883,m2*year,Open-pit mining and beneficiation at Highland Valley,"Open-pit, concentrator",Cu polymetallic,Cool Evergreen Needleleaf Forest,,MetalliCan,,,0.18326300176741314,kg
BC-MAIN-bf503b6b,transformation_from,Mo concentrate,land_concentrate_economic,0.021439255442911746,m2,Open-pit mining and beneficiation at Highland Valley,"Open-pit, concentrator",Cu polymetallic,Cool Evergreen Needleleaf Forest,,MetalliCan,,,0.03883050849042869,kg
BC-MAIN-bf503b6b,transformation_to,Mo concentrate,land_concentrate_economic,0.021439255442911746,m2,Open-pit mining and beneficiation at Highland Valley,"Open-pit, concentrator",Cu polymetallic,Cool Evergreen Needleleaf Forest,,MetalliCan,,,0.03883050849042869,kg
BC-MAIN-bf503b6b,occupation,Mo concentrate,land_concentrate_economic,0.021439255442911746,m2*year,Open-pit mining and beneficiation at Highland Valley,"Open-pit, concentrator",Cu polymetallic,Cool Evergreen Needleleaf Forest,,MetalliCan,,,0.7766101698085739,kg
BC-MAIN-ed23117f,transformation_from,Cu concentrate,land_concentrate_economic,1.0,m2,Open-pit mining and beneficiation at Mount Milligan,"Open-pit, concentrator",Cu Porphyry,Cold Evergreen Needleleaf Forest,2014–open,MetalliCan,,,0.006739168473275041,kg
BC-MAIN-ed23117f,transformation_to,Cu concentrate,land_concentrate_economic,1.0,m2,Open-pit mining and beneficiation at Mount Milligan,"Open-pit, concentrator",Cu Porphyry,Cold Evergreen Needleleaf Forest,2014–open,MetalliCan,,,0.006739168473275041,kg
BC-MAIN-ed23117f,occupation,Cu concentrate,land_concentrate_economic,1.0,m2*year,Open-pit mining and beneficiation at Mount Milligan,"Open-pit, concentrator",Cu Porphyry,Cold Evergreen Needleleaf Forest,2014–open,MetalliCan,,,0.13478336946550082,kg
MB-MAIN-e0a6250e,transformation_from,Ni concentrate,land_concentrate_economic,1.0,m2,Open-pit and underground mining and beneficiation at Thompson (T-1 and T-3),"Open-pit, underground, concentrator",Ni–Cu sulfide,Cold Evergreen Needleleaf Forest,,MetalliCan,,,0.007576707324608702,kg
MB-MAIN-e0a6250e,transformation_to,Ni concentrate,land_concentrate_economic,1.0,m2,Open-pit and underground mining and beneficiation at Thompson (T-1 and T-3),"Open-pit, underground, concentrator",Ni–Cu sulfide,Cold Evergreen Needleleaf Forest,,MetalliCan,,,0.007576707324608702,kg
MB-MAIN-e0a6250e,occupation,Ni concentrate,land_concentrate_economic,1.0,m2*year,Open-pit and underground mining and beneficiation at Thompson (T-1 and T-3),"Open-pit, underground, concentrator",Ni–Cu sulfide,Cold Evergreen Needleleaf Forest,,MetalliCan,,,0.15153414649217403,kg
NL-MAIN-2d8801d6,transformation_from,Ni concentrate,land_concentrate_economic,1.0,m2,Open-pit and underground mining and beneficiation at Voisey’s Bay,"Open-pit, underground, concentrator",Ni–Cu sulfide,Cold Evergreen Needleleaf Forest,2005–open,MetalliCan,,,0.00283793424448,kg
NL-MAIN-2d8801d6,transformation_to,Ni concentrate,land_concentrate_economic,1.0,m2,Open-pit and underground mining and beneficiation at Voisey’s Bay,"Open-pit, underground, concentrator",Ni–Cu sulfide,Cold Evergreen Needleleaf Forest,2005–open,MetalliCan,,,0.00283793424448,kg
NL-MAIN-2d8801d6,occupation,Ni concentrate,land_concentrate_economic,1.0,m2*year,Open-pit and underground mining and beneficiation at Voisey’s Bay,"Open-pit, underground, concentrator",Ni–Cu sulfide,Cold Evergreen Needleleaf Forest,2005–open,MetalliCan,,,0.056758684889599995,kg
ON-MAIN-0aadf28f,transformation_from,Doré,land_concentrate_economic,1.0,m2,Open-pit and underground mining and beneficiation at Rainy River,"Open-pit, underground, concentrator",Au–Ag free-milling,Cool Mixed Forest,2017–open,MetalliCan,,,141.49085785832796,kg
ON-MAIN-0aadf28f,transformation_to,Doré,land_concentrate_economic,1.0,m2,Open-pit and underground mining and beneficiation at Rainy River,"Open-pit, underground, concentrator",Au–Ag free-milling,Cool Mixed Forest,2017–open,MetalliCan,,,141.49085785832796,kg
ON-MAIN-0aadf28f,occupation,Doré,land_concentrate_economic,1.0,m2*year,Open-pit and underground mining and beneficiation at Rainy River,"Open-pit, underground, concentrator",Au–Ag free-milling,Cool Mixed Forest,2017–open,MetalliCan,,,2829.8171571665594,kg
ON-MAIN-1f126a43,transformation_from,Doré,land_concentrate_economic,1.0,m2,Underground mining and beneficiation at Macassa,"Underground, concentrator",Au–Ag free-milling,Cool Mixed Forest,1933–1999; 2002–open,MetalliCan,,,40.01531250422456,kg
ON-MAIN-1f126a43,transformation_to,Doré,land_concentrate_economic,1.0,m2,Underground mining and beneficiation at Macassa,"Underground, concentrator",Au–Ag free-milling,Cool Mixed Forest,1933–1999; 2002–open,MetalliCan,,,40.01531250422456,kg
ON-MAIN-1f126a43,occupation,Doré,land_concentrate_economic,1.0,m2*year,Underground mining and beneficiation at Macassa,"Underground, concentrator",Au–Ag free-milling,Cool Mixed Forest,1933–1999; 2002–open,MetalliCan,,,800.3062500844912,kg
ON-MAIN-28f3f0fc,transformation_from,Ni concentrate,land_concentrate_economic,1.0,m2,Underground mining at Totten,Underground,Ni–Cu sulfide,Cool Mixed Forest,2014–open,MetalliCan,,,0.0007063356667445261,kg
ON-MAIN-28f3f0fc,transformation_to,Ni concentrate,land_concentrate_economic,1.0,m2,Underground mining at Totten,Underground,Ni–Cu sulfide,Cool Mixed Forest,2014–open,MetalliCan,,,0.0007063356667445261,kg
ON-MAIN-28f3f0fc,occupation,Ni concentrate,land_concentrate_economic,1.0,m2*year,Underground mining at Totten,Underground,Ni–Cu sulfide,Cool Mixed Forest,2014–open,MetalliCan,,,0.01412671333489052,kg
ON-MAIN-48fe2205,transformation_from,Ni concentrate,land_concentrate_economic,1.0,m2,Underground mining at Garson,Underground,Ni–Cu sulfide,Cool Mixed Forest,,MetalliCan,,,0.0021764974486881477,kg
ON-MAIN-48fe2205,transformation_to,Ni concentrate,land_concentrate_economic,1.0,m2,Underground mining at Garson,Underground,Ni–Cu sulfide,Cool Mixed Forest,,MetalliCan,,,0.0021764974486881477,kg
ON-MAIN-48fe2205,occupation,Ni concentrate,land_concentrate_economic,1.0,m2*year,Underground mining at Garson,Underground,Ni–Cu sulfide,Cool Mixed Forest,,MetalliCan,,,0.04352994897376296,kg
ON-MAIN-4e0734b5,transformation_from,Doré,land_concentrate_economic,1.0,m2,Open-pit and underground mining and beneficiation at Fox Complex,"Open-pit, underground, concentrator",Au–Ag free-milling,Cool Mixed Forest,2009–open,MetalliCan,,,254.7132048132036,kg
ON-MAIN-4e0734b5,transformation_to,Doré,land_concentrate_economic,1.0,m2,Open-pit and underground mining and beneficiation at Fox Complex,"Open-pit, underground, concentrator",Au–Ag free-milling,Cool Mixed Forest,2009–open,MetalliCan,,,254.7132048132036,kg
ON-MAIN-4e0734b5,occupation,Doré,land_concentrate_economic,1.0,m2*year,Open-pit and underground mining and beneficiation at Fox Complex,"Open-pit, underground, concentrator",Au–Ag free-milling,Cool Mixed Forest,2009–open,MetalliCan,,,5094.264096264072,kg
ON-MAIN-52224e1e,transformation_from,Ni concentrate,land_concentrate_economic,1.0,m2,Underground mining at Creighton,Underground,Ni–Cu sulfide,Cool Mixed Forest,,MetalliCan,,,0.0013610494896831363,kg
ON-MAIN-52224e1e,transformation_to,Ni concentrate,land_concentrate_economic,1.0,m2,Underground mining at Creighton,Underground,Ni–Cu sulfide,Cool Mixed Forest,,MetalliCan,,,0.0013610494896831363,kg
ON-MAIN-52224e1e,occupation,Ni concentrate,land_concentrate_economic,1.0,m2*year,Underground mining at Creighton,Underground,Ni–Cu sulfide,Cool Mixed Forest,,MetalliCan,,,0.027220989793662723,kg
ON-MAIN-6e9be24e,transformation_from,Doré,land_concentrate_economic,1.0,m2,Open-pit and underground mining and beneficiation at Hemlo (Williams),"Open-pit, underground, concentrator",Au–Ag free-milling,Cool Mixed Forest,1985–open,MetalliCan,,,39.127136939168174,kg
ON-MAIN-6e9be24e,transformation_to,Doré,land_concentrate_economic,1.0,m2,Open-pit and underground mining and beneficiation at Hemlo (Williams),"Open-pit, underground, concentrator",Au–Ag free-milling,Cool Mixed Forest,1985–open,MetalliCan,,,39.127136939168174,kg
ON-MAIN-6e9be24e,occupation,Doré,land_concentrate_economic,1.0,m2*year,Open-pit and underground mining and beneficiation at Hemlo (Williams),"Open-pit, underground, concentrator",Au–Ag free-milling,Cool Mixed Forest,1985–open,MetalliCan,,,782.5427387833633,kg
ON-MAIN-7607a50e,transformation_from,Doré,land_concentrate_economic,1.0,m2,Underground mining and beneficiation at Young-Davidson,"Underground, concentrator",Au–Ag free-milling,Cool Mixed Forest,1917–1957; 2010–open,MetalliCan,,,15.95122796546031,kg
ON-MAIN-7607a50e,transformation_to,Doré,land_concentrate_economic,1.0,m2,Underground mining and beneficiation at Young-Davidson,"Underground, concentrator",Au–Ag free-milling,Cool Mixed Forest,1917–1957; 2010–open,MetalliCan,,,15.95122796546031,kg
ON-MAIN-7607a50e,occupation,Doré,land_concentrate_economic,1.0,m2*year,Underground mining and beneficiation at Young-Davidson,"Underground, concentrator",Au–Ag free-milling,Cool Mixed Forest,1917–1957; 2010–open,MetalliCan,,,319.0245593092062,kg
ON-MAIN-7f050560,transformation_from,Doré,land_concentrate_economic,1.0,m2,Underground mining and beneficiation at Red Lake,"Underground, concentrator",Au–Ag refractory,Cool Mixed Forest,1949–open,MetalliCan,,,85.81976298389459,kg
ON-MAIN-7f050560,transformation_to,Doré,land_concentrate_economic,1.0,m2,Underground mining and beneficiation at Red Lake,"Underground, concentrator",Au–Ag refractory,Cool Mixed Forest,1949–open,MetalliCan,,,85.81976298389459,kg
ON-MAIN-7f050560,occupation,Doré,land_concentrate_economic,1.0,m2*year,Underground mining and beneficiation at Red Lake,"Underground, concentrator",Au–Ag refractory,Cool Mixed Forest,1949–open,MetalliCan,,,1716.3952596778915,kg
ON-MAIN-8825d90d,transformation_from,Doré,land_concentrate_economic,1.0,m2,Open-pit mining and beneficiation at Magino,"Open-pit, concentrator",Au–Ag free-milling,Cool Mixed Forest,,MetalliCan,,,11.479723926504542,kg
ON-MAIN-8825d90d,transformation_to,Doré,land_concentrate_economic,1.0,m2,Open-pit mining and beneficiation at Magino,"Open-pit, concentrator",Au–Ag free-milling,Cool Mixed Forest,,MetalliCan,,,11.479723926504542,kg
ON-MAIN-8825d90d,occupation,Doré,land_concentrate_economic,1.0,m2*year,Open-pit mining and beneficiation at Magino,"Open-pit, concentrator",Au–Ag free-milling,Cool Mixed Forest,,MetalliCan,,,229.59447853009087,kg
ON-MAIN-aeafbb59,transformation_from,Doré,land_concentrate_economic,1.0,m2,Open-pit mining and beneficiation at Detour Lake,"Open-pit, concentrator",Au–Ag free-milling,Cool Evergreen Needleleaf Forest,1983–open,MetalliCan,,,21.402960682487166,kg
ON-MAIN-aeafbb59,transformation_to,Doré,land_concentrate_economic,1.0,m2,Open-pit mining and beneficiation at Detour Lake,"Open-pit, concentrator",Au–Ag free-milling,Cool Evergreen Needleleaf Forest,1983–open,MetalliCan,,,21.402960682487166,kg
ON-MAIN-aeafbb59,occupation,Doré,land_concentrate_economic,1.0,m2*year,Open-pit mining and beneficiation at Detour Lake,"Open-pit, concentrator",Au–Ag free-milling,Cool Evergreen Needleleaf Forest,1983–open,MetalliCan,,,428.05921364974336,kg
ON-MAIN-cb85213a,transformation_from,Doré,land_concentrate_economic,1.0,m2,Underground mining and beneficiation at Eagle River,"Underground, concentrator",Au–Ag free-milling,Cool Mixed Forest,1983–open,MetalliCan,,,6.355873732553692,kg
ON-MAIN-cb85213a,transformation_to,Doré,land_concentrate_economic,1.0,m2,Underground mining and beneficiation at Eagle River,"Underground, concentrator",Au–Ag free-milling,Cool Mixed Forest,1983–open,MetalliCan,,,6.355873732553692,kg
ON-MAIN-cb85213a,occupation,Doré,land_concentrate_economic,1.0,m2*year,Underground mining and beneficiation at Eagle River,"Underground, concentrator",Au–Ag free-milling,Cool Mixed Forest,1983–open,MetalliCan,,,127.11747465107386,kg
ON-MAIN-ed85ac94,transformation_from,Ni concentrate,land_concentrate_economic,1.0,m2,and beneficiation at Strathcona,Concentrator,Ni–Cu sulfide,Cool Mixed Forest,1962–1991; 2007–2009; 2010–open,MetalliCan,,,0.001104703527967201,kg
ON-MAIN-ed85ac94,transformation_to,Ni concentrate,land_concentrate_economic,1.0,m2,and beneficiation at Strathcona,Concentrator,Ni–Cu sulfide,Cool Mixed Forest,1962–1991; 2007–2009; 2010–open,MetalliCan,,,0.001104703527967201,kg
ON-MAIN-ed85ac94,occupation,Ni concentrate,land_concentrate_economic,1.0,m2*year,and beneficiation at Strathcona,Concentrator,Ni–Cu sulfide,Cool Mixed Forest,1962–1991; 2007–2009; 2010–open,MetalliCan,,,0.022094070559344023,kg
ON-MAIN-f080c409,transformation_from,Ni concentrate,land_concentrate_economic,1.0,m2,Underground mining at Copper Cliff Complex (mine),Underground,Ni–Cu sulfide,Cool Mixed Forest,,MetalliCan,,,0.01973831512997372,kg
ON-MAIN-f080c409,transformation_to,Ni concentrate,land_concentrate_economic,1.0,m2,Underground mining at Copper Cliff Complex (mine),Underground,Ni–Cu sulfide,Cool Mixed Forest,,MetalliCan,,,0.01973831512997372,kg
ON-MAIN-f080c409,occupation,Ni concentrate,land_concentrate_economic,1.0,m2*year,Underground mining at Copper Cliff Complex (mine),Underground,Ni–Cu sulfide,Cool Mixed Forest,,MetalliCan,,,0.3947663025994743,kg
ON-MAIN-f8313ebd,transformation_from,Cu concentrate,land_concentrate_economic,0.7230258878971872,m2,Underground mining and beneficiation at Kidd Creek,"Underground, concentrator",Cu polymetallic,Cool Mixed Forest,1963–open,MetalliCan,,,0.002016596081359753,kg
ON-MAIN-f8313ebd,transformation_to,Cu concentrate,land_concentrate_economic,0.7230258878971872,m2,Underground mining and beneficiation at Kidd Creek,"Underground, concentrator",Cu polymetallic,Cool Mixed Forest,1963–open,MetalliCan,,,0.002016596081359753,kg
ON-MAIN-f8313ebd,occupation,Cu concentrate,land_concentrate_economic,0.7230258878971872,m2*year,Underground mining and beneficiation at Kidd Creek,"Underground, concentrator",Cu polymetallic,Cool Mixed Forest,1963–open,MetalliCan,,,0.040331921627195066,kg
ON-MAIN-f8313ebd,transformation_from,Zn concentrate,land_concentrate_economic,0.2769741121028128,m2,Underground mining and beneficiation at Kidd Creek,"Underground, concentrator",Cu polymetallic,Cool Mixed Forest,1963–open,MetalliCan,,,0.0007538312452620713,kg
ON-MAIN-f8313ebd,transformation_to,Zn concentrate,land_concentrate_economic,0.2769741121028128,m2,Underground mining and beneficiation at Kidd Creek,"Underground, concentrator",Cu polymetallic,Cool Mixed Forest,1963–open,MetalliCan,,,0.0007538312452620713,kg
ON-MAIN-f8313ebd,occupation,Zn concentrate,land_concentrate_economic,0.2769741121028128,m2*year,Underground mining and beneficiation at Kidd Creek,"Underground, concentrator",Cu polymetallic,Cool Mixed Forest,1963–open,MetalliCan,,,0.015076624905241425,kg
ON-MAIN-fefeaee4,transformation_from,Doré,land_concentrate_economic,1.0,m2,Underground mining and beneficiation at Musselwhite,"Underground, concentrator",Au–Ag free-milling,Cold Evergreen Needleleaf Forest,1997–open,MetalliCan,,,13.56892100291842,kg
ON-MAIN-fefeaee4,transformation_to,Doré,land_concentrate_economic,1.0,m2,Underground mining and beneficiation at Musselwhite,"Underground, concentrator",Au–Ag free-milling,Cold Evergreen Needleleaf Forest,1997–open,MetalliCan,,,13.56892100291842,kg
ON-MAIN-fefeaee4,occupation,Doré,land_concentrate_economic,1.0,m2*year,Underground mining and beneficiation at Musselwhite,"Underground, concentrator",Au–Ag free-milling,Cold Evergreen Needleleaf Forest,1997–open,MetalliCan,,,271.3784200583684,kg
QC-MAIN-02884fb5,transformation_from,Doré,land_concentrate_economic,1.0,m2,Underground mining and beneficiation at Westwood-Doyon,"Underground, concentrator",Au–Ag free-milling,Cool Mixed Forest,2014–open,MetalliCan,,,88.0142475282244,kg
QC-MAIN-02884fb5,transformation_to,Doré,land_concentrate_economic,1.0,m2,Underground mining and beneficiation at Westwood-Doyon,"Underground, concentrator",Au–Ag free-milling,Cool Mixed Forest,2014–open,MetalliCan,,,88.0142475282244,kg
QC-MAIN-02884fb5,occupation,Doré,land_concentrate_economic,1.0,m2*year,Underground mining and beneficiation at Westwood-Doyon,"Underground, concentrator",Au–Ag free-milling,Cool Mixed Forest,2014–open,MetalliCan,,,1760.2849505644879,kg
QC-MAIN-6dc537e6,transformation_from,Doré,land_concentrate_economic,1.0,m2,Underground mining and beneficiation at Éléonore,"Underground, concentrator",Au–Ag free-milling,Cold Evergreen Needleleaf Forest,2015–open,MetalliCan,,,9.339130497298893,kg
QC-MAIN-6dc537e6,transformation_to,Doré,land_concentrate_economic,1.0,m2,Underground mining and beneficiation at Éléonore,"Underground, concentrator",Au–Ag free-milling,Cold Evergreen Needleleaf Forest,2015–open,MetalliCan,,,9.339130497298893,kg
QC-MAIN-6dc537e6,occupation,Doré,land_concentrate_economic,1.0,m2*year,Underground mining and beneficiation at Éléonore,"Underground, concentrator",Au–Ag free-milling,Cold Evergreen Needleleaf Forest,2015–open,MetalliCan,,,186.78260994597787,kg
QC-MAIN-9de9bb0d,transformation_from,Doré,land_concentrate_economic,1.0,m2,Open-pit mining and beneficiation at Kiena,"Open-pit, concentrator",Au–Ag free-milling,Unspecified NPV,1936–1996; 2005–2013; 2021–open,MetalliCan,,,140.81397189903979,kg
QC-MAIN-9de9bb0d,transformation_to,Doré,land_concentrate_economic,1.0,m2,Open-pit mining and beneficiation at Kiena,"Open-pit, concentrator",Au–Ag free-milling,Unspecified NPV,1936–1996; 2005–2013; 2021–open,MetalliCan,,,140.81397189903979,kg
QC-MAIN-9de9bb0d,occupation,Doré,land_concentrate_economic,1.0,m2*year,Open-pit mining and beneficiation at Kiena,"Open-pit, concentrator",Au–Ag free-milling,Unspecified NPV,1936–1996; 2005–2013; 2021–open,MetalliCan,,,2816.2794379807956,kg
QC-MAIN-a555d9b9,transformation_from,Nb concentrate,land_concentrate_economic,,m2,Underground mining and beneficiation at Niobec,"Underground, concentrator",Nb mine,Cool Mixed Forest,1976–open,MetalliCan,,,,kg
QC-MAIN-a555d9b9,transformation_to,Nb concentrate,land_concentrate_economic,,m2,Underground mining and beneficiation at Niobec,"Underground, concentrator",Nb mine,Cool Mixed Forest,1976–open,MetalliCan,,,,kg
QC-MAIN-a555d9b9,occupation,Nb concentrate,land_concentrate_economic,,m2*year,Underground mining and beneficiation at Niobec,"Underground, concentrator",Nb mine,Cool Mixed Forest,1976–open,MetalliCan,,,,kg
QC-MAIN-a97821c0,transformation_from,Ni concentrate,land_concentrate_economic,1.0,m2,Underground mining and beneficiation at Raglan,"Underground, concentrator",Ni–Cu sulfide,Low and High Shrub Tundra,1998–open,MetalliCan,,,0.0008173488849457022,kg
QC-MAIN-a97821c0,transformation_to,Ni concentrate,land_concentrate_economic,1.0,m2,Underground mining and beneficiation at Raglan,"Underground, concentrator",Ni–Cu sulfide,Low and High Shrub Tundra,1998–open,MetalliCan,,,0.0008173488849457022,kg
QC-MAIN-a97821c0,occupation,Ni concentrate,land_concentrate_economic,1.0,m2*year,Underground mining and beneficiation at Raglan,"Underground, concentrator",Ni–Cu sulfide,Low and High Shrub Tundra,1998–open,MetalliCan,,,0.016346977698914047,kg
QC-MAIN-b86f7d07,transformation_from,Doré,land_concentrate_economic,1.0,m2,Open-pit and underground mining and beneficiation at Casa Berardi,"Open-pit, underground, concentrator",Au–Ag free-milling,Cool Mixed Forest,1988–1991; 1993–open,MetalliCan,,,88.19452563723019,kg
QC-MAIN-b86f7d07,transformation_to,Doré,land_concentrate_economic,1.0,m2,Open-pit and underground mining and beneficiation at Casa Berardi,"Open-pit, underground, concentrator",Au–Ag free-milling,Cool Mixed Forest,1988–1991; 1993–open,MetalliCan,,,88.19452563723019,kg
QC-MAIN-b86f7d07,occupation,Doré,land_concentrate_economic,1.0,m2*year,Open-pit and underground mining and beneficiation at Casa Berardi,"Open-pit, underground, concentrator",Au–Ag free-milling,Cool Mixed Forest,1988–1991; 1993–open,MetalliCan,,,1763.8905127446035,kg
QC-MAIN-c0660aec,transformation_from,Cu concentrate,land_concentrate_economic,0.003859237362487364,m2,Underground mining and beneficiation at Goldex,"Underground, concentrator",Au–Ag polymetallic,Unspecified NPV,2008–2011; 2013–open,MetalliCan,,,0.0019898400984171595,kg
QC-MAIN-c0660aec,transformation_to,Cu concentrate,land_concentrate_economic,0.003859237362487364,m2,Underground mining and beneficiation at Goldex,"Underground, concentrator",Au–Ag polymetallic,Unspecified NPV,2008–2011; 2013–open,MetalliCan,,,0.0019898400984171595,kg
QC-MAIN-c0660aec,occupation,Cu concentrate,land_concentrate_economic,0.003859237362487364,m2*year,Underground mining and beneficiation at Goldex,"Underground, concentrator",Au–Ag polymetallic,Unspecified NPV,2008–2011; 2013–open,MetalliCan,,,0.03979680196834319,kg
QC-MAIN-c0660aec,transformation_from,Doré,land_concentrate_economic,0.9961407626375127,m2,Underground mining and beneficiation at Goldex,"Underground, concentrator",Au–Ag polymetallic,Unspecified NPV,2008–2011; 2013–open,MetalliCan,,,14.936240122570034,kg
QC-MAIN-c0660aec,transformation_to,Doré,land_concentrate_economic,0.9961407626375127,m2,Underground mining and beneficiation at Goldex,"Underground, concentrator",Au–Ag polymetallic,Unspecified NPV,2008–2011; 2013–open,MetalliCan,,,14.936240122570034,kg
QC-MAIN-c0660aec,occupation,Doré,land_concentrate_economic,0.9961407626375127,m2*year,Underground mining and beneficiation at Goldex,"Underground, concentrator",Au–Ag polymetallic,Unspecified NPV,2008–2011; 2013–open,MetalliCan,,,298.7248024514007,kg
QC-MAIN-de3d8b7b,transformation_from,Pb concentrate,land_concentrate_economic,1.0,m2,Refining at Canadian Electrolytic Zinc Limited (CEZinc),Refinery,Zn refinery,Unspecified NPV,,MetalliCan,,,0.00015313794008797136,kg
QC-MAIN-de3d8b7b,transformation_to,Pb concentrate,land_concentrate_economic,1.0,m2,Refining at Canadian Electrolytic Zinc Limited (CEZinc),Refinery,Zn refinery,Unspecified NPV,,MetalliCan,,,0.00015313794008797136,kg
QC-MAIN-de3d8b7b,occupation,Pb concentrate,land_concentrate_economic,1.0,m2*year,Refining at Canadian Electrolytic Zinc Limited (CEZinc),Refinery,Zn refinery,Unspecified NPV,,MetalliCan,,,0.0030627588017594276,kg
QC-MAIN-e51eda66,transformation_from,Cu concentrate,land_concentrate_economic,0.09772240804218515,m2,Underground mining and beneficiation at LaRonde,"Underground, concentrator",Au–Ag polymetallic,Cool Mixed Forest,1988–open,MetalliCan,,,0.0031696344531630463,kg
QC-MAIN-e51eda66,transformation_to,Cu concentrate,land_concentrate_economic,0.09772240804218515,m2,Underground mining and beneficiation at LaRonde,"Underground, concentrator",Au–Ag polymetallic,Cool Mixed Forest,1988–open,MetalliCan,,,0.0031696344531630463,kg
QC-MAIN-e51eda66,occupation,Cu concentrate,land_concentrate_economic,0.09772240804218515,m2*year,Underground mining and beneficiation at LaRonde,"Underground, concentrator",Au–Ag polymetallic,Cool Mixed Forest,1988–open,MetalliCan,,,0.06339268906326093,kg
QC-MAIN-e51eda66,transformation_from,Zn concentrate,land_concentrate_economic,0.06548662801881933,m2,Underground mining and beneficiation at LaRonde,"Underground, concentrator",Au–Ag polymetallic,Cool Mixed Forest,1988–open,MetalliCan,,,0.0011848527868021823,kg
QC-MAIN-e51eda66,transformation_to,Zn concentrate,land_concentrate_economic,0.06548662801881933,m2,Underground mining and beneficiation at LaRonde,"Underground, concentrator",Au–Ag polymetallic,Cool Mixed Forest,1988–open,MetalliCan,,,0.0011848527868021823,kg
QC-MAIN-e51eda66,occupation,Zn concentrate,land_concentrate_economic,0.06548662801881933,m2*year,Underground mining and beneficiation at LaRonde,"Underground, concentrator",Au–Ag polymetallic,Cool Mixed Forest,1988–open,MetalliCan,,,0.023697055736043644,kg
QC-MAIN-e51eda66,transformation_from,Doré,land_concentrate_economic,0.8367909639389955,m2,Underground mining and beneficiation at LaRonde,"Underground, concentrator",Au–Ag polymetallic,Cool Mixed Forest,1988–open,MetalliCan,,,23.792073207728233,kg
QC-MAIN-e51eda66,transformation_to,Doré,land_concentrate_economic,0.8367909639389955,m2,Underground mining and beneficiation at LaRonde,"Underground, concentrator",Au–Ag polymetallic,Cool Mixed Forest,1988–open,MetalliCan,,,23.792073207728233,kg
QC-MAIN-e51eda66,occupation,Doré,land_concentrate_economic,0.8367909639389955,m2*year,Underground mining and beneficiation at LaRonde,"Underground, concentrator",Au–Ag polymetallic,Cool Mixed Forest,1988–open,MetalliCan,,,475.84146415456473,kg
QC-MAIN-e7e6a960,transformation_from,Doré,land_concentrate_economic,1.0,m2,Open-pit mining and beneficiation at Canadian Malartic,"Open-pit, concentrator",Au–Ag free-milling,Cool Mixed Forest,1935–1965; 2011–open,MetalliCan,,,32.76397785514656,kg
QC-MAIN-e7e6a960,transformation_to,Doré,land_concentrate_economic,1.0,m2,Open-pit mining and beneficiation at Canadian Malartic,"Open-pit, concentrator",Au–Ag free-milling,Cool Mixed Forest,1935–1965; 2011–open,MetalliCan,,,32.76397785514656,kg
QC-MAIN-e7e6a960,occupation,Doré,land_concentrate_economic,1.0,m2*year,Open-pit mining and beneficiation at Canadian Malartic,"Open-pit, concentrator",Au–Ag free-milling,Cool Mixed Forest,1935–1965; 2011–open,MetalliCan,,,655.2795571029311,kg
QC-MAIN-f9e41c2a,transformation_from,Doré,land_concentrate_economic,1.0,m2,Underground mining and beneficiation at Lamaque,"Underground, concentrator",Au–Ag free-milling,Cool Mixed Forest,,MetalliCan,,,75.03056199367532,kg
QC-MAIN-f9e41c2a,transformation_to,Doré,land_concentrate_economic,1.0,m2,Underground mining and beneficiation at Lamaque,"Underground, concentrator",Au–Ag free-milling,Cool Mixed Forest,,MetalliCan,,,75.03056199367532,kg
QC-MAIN-f9e41c2a,occupation,Doré,land_concentrate_economic,1.0,m2*year,Underground mining and beneficiation at Lamaque,"Underground, concentrator",Au–Ag free-milling,Cool Mixed Forest,,MetalliCan,,,1500.6112398735063,kg
YT-MAIN-44857446,transformation_from,Zn concentrate,land_concentrate_economic,0.6212525602919646,m2,Underground mining and beneficiation at Keno Hill Silver District,"Underground, concentrator",Ag polymetallic,Cold Evergreen Needleleaf Forest,,MetalliCan,,,0.06140139729702307,kg
YT-MAIN-44857446,transformation_to,Zn concentrate,land_concentrate_economic,0.6212525602919646,m2,Underground mining and beneficiation at Keno Hill Silver District,"Underground, concentrator",Ag polymetallic,Cold Evergreen Needleleaf Forest,,MetalliCan,,,0.06140139729702307,kg
YT-MAIN-44857446,occupation,Zn concentrate,land_concentrate_economic,0.6212525602919646,m2*year,Underground mining and beneficiation at Keno Hill Silver District,"Underground, concentrator",Ag polymetallic,Cold Evergreen Needleleaf Forest,,MetalliCan,,,1.2280279459404615,kg
YT-MAIN-44857446,transformation_from,Pb concentrate,land_concentrate_economic,0.3787474397080354,m2,Underground mining and beneficiation at Keno Hill Silver District,"Underground, concentrator",Ag polymetallic,Cold Evergreen Needleleaf Forest,,MetalliCan,,,0.0491004534522693,kg
YT-MAIN-44857446,transformation_to,Pb concentrate,land_concentrate_economic,0.3787474397080354,m2,Underground mining and beneficiation at Keno Hill Silver District,"Underground, concentrator",Ag polymetallic,Cold Evergreen Needleleaf Forest,,MetalliCan,,,0.0491004534522693,kg
YT-MAIN-44857446,occupation,Pb concentrate,land_concentrate_economic,0.3787474397080354,m2*year,Underground mining and beneficiation at Keno Hill Silver District,"Underground, concentrator",Ag polymetallic,Cold Evergreen Needleleaf Forest,,MetalliCan,,,0.982009069045386,kg
GRP-0a2c0d69,transformation_from,Doré,land_concentrate_economic,1.0,m2,Open-pit and underground mining at Meadowbank complex,Concentrator,Au–Ag free-milling,Unspecified NPV,2010–open,MetalliCan,,,21.633635197799556,kg
GRP-0a2c0d69,transformation_to,Doré,land_concentrate_economic,1.0,m2,Open-pit and underground mining at Meadowbank complex,Concentrator,Au–Ag free-milling,Unspecified NPV,2010–open,MetalliCan,,,21.633635197799556,kg
GRP-0a2c0d69,occupation,Doré,land_concentrate_economic,1.0,m2*year,Open-pit and underground mining at Meadowbank complex,Concentrator,Au–Ag free-milling,Unspecified NPV,2010–open,MetalliCan,,,432.6727039559911,kg
GRP-0d911886,transformation_from,Doré,land_concentrate_economic,1.0,m2,Open-pit and underground mining at Porcupine complex,"Underground, Open-pit",Au–Ag free-milling,Unspecified NPV,1941–1949; 1983–open,MetalliCan,,,100.39547358377496,kg
GRP-0d911886,transformation_to,Doré,land_concentrate_economic,1.0,m2,Open-pit and underground mining at Porcupine complex,"Underground, Open-pit",Au–Ag free-milling,Unspecified NPV,1941–1949; 1983–open,MetalliCan,,,100.39547358377496,kg
GRP-0d911886,occupation,Doré,land_concentrate_economic,1.0,m2*year,Open-pit and underground mining at Porcupine complex,"Underground, Open-pit",Au–Ag free-milling,Unspecified NPV,1941–1949; 1983–open,MetalliCan,,,2007.9094716754994,kg
GRP-147b3123,transformation_from,Doré,land_concentrate_economic,1.0,m2,Underground mining and beneficiation at Timmins Operation,Underground,Au–Ag free-milling,Unspecified NPV,2011–open,MetalliCan,,,17.359887790136867,kg
GRP-147b3123,transformation_to,Doré,land_concentrate_economic,1.0,m2,Underground mining and beneficiation at Timmins Operation,Underground,Au–Ag free-milling,Unspecified NPV,2011–open,MetalliCan,,,17.359887790136867,kg
GRP-147b3123,occupation,Doré,land_concentrate_economic,1.0,m2*year,Underground mining and beneficiation at Timmins Operation,Underground,Au–Ag free-milling,Unspecified NPV,2011–open,MetalliCan,,,347.19775580273733,kg
GRP-14bfbb82,transformation_from,Doré,land_concentrate_economic,1.0,m2,Underground mining and beneficiation at Seabee Gold Operation,Concentrator,Au–Ag free-milling,Unspecified NPV,,MetalliCan,,,21.01505645562442,kg
GRP-14bfbb82,transformation_to,Doré,land_concentrate_economic,1.0,m2,Underground mining and beneficiation at Seabee Gold Operation,Concentrator,Au–Ag free-milling,Unspecified NPV,,MetalliCan,,,21.01505645562442,kg
GRP-14bfbb82,occupation,Doré,land_concentrate_economic,1.0,m2*year,Underground mining and beneficiation at Seabee Gold Operation,Concentrator,Au–Ag free-milling,Unspecified NPV,,MetalliCan,,,420.30112911248847,kg
GRP-21eee27d,transformation_from,U concentrate,land_concentrate_economic,1.0,m2,Underground mining and beneficiation at Key Lake + McArthur River,"Concentrator, Underground",High-grade U mine + mill,Cold Evergreen Needleleaf Forest,,MetalliCan,,,0.07975540521331798,kg
GRP-21eee27d,transformation_to,U concentrate,land_concentrate_economic,1.0,m2,Underground mining and beneficiation at Key Lake + McArthur River,"Concentrator, Underground",High-grade U mine + mill,Cold Evergreen Needleleaf Forest,,MetalliCan,,,0.07975540521331798,kg
GRP-21eee27d,occupation,U concentrate,land_concentrate_economic,1.0,m2*year,Underground mining and beneficiation at Key Lake + McArthur River,"Concentrator, Underground",High-grade U mine + mill,Cold Evergreen Needleleaf Forest,,MetalliCan,,,1.5951081042663593,kg
GRP-91aaa60b,transformation_from,U concentrate,land_concentrate_economic,1.0,m2,Underground mining and beneficiation at Cigar Lake + McClean Lake,"Concentrator, Underground",High-grade U mine + mill,Cold Evergreen Needleleaf Forest,2015–open,MetalliCan,,,0.029461021058732953,kg
GRP-91aaa60b,transformation_to,U concentrate,land_concentrate_economic,1.0,m2,Underground mining and beneficiation at Cigar Lake + McClean Lake,"Concentrator, Underground",High-grade U mine + mill,Cold Evergreen Needleleaf Forest,2015–open,MetalliCan,,,0.029461021058732953,kg
GRP-91aaa60b,occupation,U concentrate,land_concentrate_economic,1.0,m2*year,Underground mining and beneficiation at Cigar Lake + McClean Lake,"Concentrator, Underground",High-grade U mine + mill,Cold Evergreen Needleleaf Forest,2015–open,MetalliCan,,,0.5892204211746591,kg
GRP-a13779f8,transformation_from,Cu concentrate,land_concentrate_economic,0.12903991169620735,m2,Underground mining and beneficiation at Snow Lake,"Concentrator, Underground",Au–Ag polymetallic,Unspecified NPV,"2013–open, 1949–2000; 2021–open",MetalliCan,,,0.0004943517826667156,kg
GRP-a13779f8,transformation_to,Cu concentrate,land_concentrate_economic,0.12903991169620735,m2,Underground mining and beneficiation at Snow Lake,"Concentrator, Underground",Au–Ag polymetallic,Unspecified NPV,"2013–open, 1949–2000; 2021–open",MetalliCan,,,0.0004943517826667156,kg
GRP-a13779f8,occupation,Cu concentrate,land_concentrate_economic,0.12903991169620735,m2*year,Underground mining and beneficiation at Snow Lake,"Concentrator, Underground",Au–Ag polymetallic,Unspecified NPV,"2013–open, 1949–2000; 2021–open",MetalliCan,,,0.009887035653334311,kg
GRP-a13779f8,transformation_from,Zn concentrate,land_concentrate_economic,0.08249245877008354,m2,Underground mining and beneficiation at Snow Lake,"Concentrator, Underground",Au–Ag polymetallic,Unspecified NPV,"2013–open, 1949–2000; 2021–open",MetalliCan,,,0.00018479546963807392,kg
GRP-a13779f8,transformation_to,Zn concentrate,land_concentrate_economic,0.08249245877008354,m2,Underground mining and beneficiation at Snow Lake,"Concentrator, Underground",Au–Ag polymetallic,Unspecified NPV,"2013–open, 1949–2000; 2021–open",MetalliCan,,,0.00018479546963807392,kg
GRP-a13779f8,occupation,Zn concentrate,land_concentrate_economic,0.08249245877008354,m2*year,Underground mining and beneficiation at Snow Lake,"Concentrator, Underground",Au–Ag polymetallic,Unspecified NPV,"2013–open, 1949–2000; 2021–open",MetalliCan,,,0.0036959093927614785,kg
GRP-a13779f8,transformation_from,Doré,land_concentrate_economic,0.7884676295337092,m2,Underground mining and beneficiation at Snow Lake,"Concentrator, Underground",Au–Ag polymetallic,Unspecified NPV,"2013–open, 1949–2000; 2021–open",MetalliCan,,,3.7107287850938926,kg
GRP-a13779f8,transformation_to,Doré,land_concentrate_economic,0.7884676295337092,m2,Underground mining and beneficiation at Snow Lake,"Concentrator, Underground",Au–Ag polymetallic,Unspecified NPV,"2013–open, 1949–2000; 2021–open",MetalliCan,,,3.7107287850938926,kg
GRP-a13779f8,occupation,Doré,land_concentrate_economic,0.7884676295337092,m2*year,Underground mining and beneficiation at Snow Lake,"Concentrator, Underground",Au–Ag polymetallic,Unspecified NPV,"2013–open, 1949–2000; 2021–open",MetalliCan,,,74.21457570187785,kg
BC-MAIN-857b7b89,transformation_from,Doré,land_concentrate_economic,1.0,m2,Underground mining and beneficiation at Brucejack,"Underground, concentrator",Au–Ag free-milling,Low and High Shrub Tundra,,Inference | land | underground | Au–Ag free-milling,ore_processed_t * 1.5,,13.526585044481633,kg
BC-MAIN-857b7b89,transformation_to,Doré,land_concentrate_economic,1.0,m2,Underground mining and beneficiation at Brucejack,"Underground, concentrator",Au–Ag free-milling,Low and High Shrub Tundra,,Inference | land | underground | Au–Ag free-milling,ore_processed_t * 1.5,,13.526585044481633,kg
BC-MAIN-857b7b89,occupation,Doré,land_concentrate_economic,1.0,m2*year,Underground mining and beneficiation at Brucejack,"Underground, concentrator",Au–Ag free-milling,Low and High Shrub Tundra,,Inference | land | underground | Au–Ag free-milling,ore_processed_t * 1.5,,270.5317008896327,kg
ON-MAIN-687b8c8d,transformation_from,Doré,land_concentrate_economic,1.0,m2,Underground mining and beneficiation at Island,"Underground, concentrator",Au–Ag free-milling,Cool Mixed Forest,,Inference | land | underground | Au–Ag free-milling,ore_processed_t * 1.5,,7.895054756424141,kg
ON-MAIN-687b8c8d,transformation_to,Doré,land_concentrate_economic,1.0,m2,Underground mining and beneficiation at Island,"Underground, concentrator",Au–Ag free-milling,Cool Mixed Forest,,Inference | land | underground | Au–Ag free-milling,ore_processed_t * 1.5,,7.895054756424141,kg
ON-MAIN-687b8c8d,occupation,Doré,land_concentrate_economic,1.0,m2*year,Underground mining and beneficiation at Island,"Underground, concentrator",Au–Ag free-milling,Cool Mixed Forest,,Inference | land | underground | Au–Ag free-milling,ore_processed_t * 1.5,,157.90109512848284,kg
NU-MAIN-8b0264c9,transformation_from,Doré,land_concentrate_economic,1.0,m2,Open-pit and underground mining and beneficiation at Meliadine,"Open-pit, underground, concentrator",Au–Ag free-milling,Cold Evergreen Needleleaf Forest,,Inference | land | open-pit regression,3.84e3 * ore_processed_t **0.51,,24.754491022214992,kg
NU-MAIN-8b0264c9,transformation_to,Doré,land_concentrate_economic,1.0,m2,Open-pit and underground mining and beneficiation at Meliadine,"Open-pit, underground, concentrator",Au–Ag free-milling,Cold Evergreen Needleleaf Forest,,Inference | land | open-pit regression,3.84e3 * ore_processed_t **0.51,,24.754491022214992,kg
NU-MAIN-8b0264c9,occupation,Doré,land_concentrate_economic,1.0,m2*year,Open-pit and underground mining and beneficiation at Meliadine,"Open-pit, underground, concentrator",Au–Ag free-milling,Cold Evergreen Needleleaf Forest,,Inference | land | open-pit regression,3.84e3 * ore_processed_t **0.51,,495.08982044429985,kg
QC-MAIN-5ce331b8,transformation_from,Ni concentrate,land_concentrate_economic,1.0,m2,Open-pit and underground mining and beneficiation at Nunavik Nickel,"Open-pit, underground, concentrator",Ni–Cu sulfide,Low and High Shrub Tundra,,Inference | land | open-pit regression,3.84e3 * ore_processed_t **0.51,,0.0016179729416831217,kg
QC-MAIN-5ce331b8,transformation_to,Ni concentrate,land_concentrate_economic,1.0,m2,Open-pit and underground mining and beneficiation at Nunavik Nickel,"Open-pit, underground, concentrator",Ni–Cu sulfide,Low and High Shrub Tundra,,Inference | land | open-pit regression,3.84e3 * ore_processed_t **0.51,,0.0016179729416831217,kg
QC-MAIN-5ce331b8,occupation,Ni concentrate,land_concentrate_economic,1.0,m2*year,Open-pit and underground mining and beneficiation at Nunavik Nickel,"Open-pit, underground, concentrator",Ni–Cu sulfide,Low and High Shrub Tundra,,Inference | land | open-pit regression,3.84e3 * ore_processed_t **0.51,,0.03235945883366244,kg
ON-MAIN-f4fc3276,transformation_from,Doré,land_concentrate_economic,1.0,m2,Underground mining and beneficiation at Sugar Zone,"Underground, concentrator",Au–Ag free-milling,Cool Mixed Forest,,Inference | land | underground | Au–Ag free-milling,ore_processed_t * 1.5,,14.344548570686626,kg
ON-MAIN-f4fc3276,transformation_to,Doré,land_concentrate_economic,1.0,m2,Underground mining and beneficiation at Sugar Zone,"Underground, concentrator",Au–Ag free-milling,Cool Mixed Forest,,Inference | land | underground | Au–Ag free-milling,ore_processed_t * 1.5,,14.344548570686626,kg
ON-MAIN-f4fc3276,occupation,Doré,land_concentrate_economic,1.0,m2*year,Underground mining and beneficiation at Sugar Zone,"Underground, concentrator",Au–Ag free-milling,Cool Mixed Forest,,Inference | land | underground | Au–Ag free-milling,ore_processed_t * 1.5,,286.89097141373253,kg
MB-MAIN-e0a6250e,transformation_from,Ni concentrate,land_concentrate_economic,1.0,m2,Open-pit and underground mining and beneficiation at Thompson (T-1 and T-3),"Open-pit, underground, concentrator",Ni–Cu sulfide,Cold Evergreen Needleleaf Forest,,Inference | land | open-pit regression,3.84e3 * ore_processed_t **0.51,,0.0030203341055628106,kg
MB-MAIN-e0a6250e,transformation_to,Ni concentrate,land_concentrate_economic,1.0,m2,Open-pit and underground mining and beneficiation at Thompson (T-1 and T-3),"Open-pit, underground, concentrator",Ni–Cu sulfide,Cold Evergreen Needleleaf Forest,,Inference | land | open-pit regression,3.84e3 * ore_processed_t **0.51,,0.0030203341055628106,kg
MB-MAIN-e0a6250e,occupation,Ni concentrate,land_concentrate_economic,1.0,m2*year,Open-pit and underground mining and beneficiation at Thompson (T-1 and T-3),"Open-pit, underground, concentrator",Ni–Cu sulfide,Cold Evergreen Needleleaf Forest,,Inference | land | open-pit regression,3.84e3 * ore_processed_t **0.51,,0.06040668211125621,kg
NL-MAIN-2d8801d6,transformation_from,Ni concentrate,land_concentrate_economic,1.0,m2,Open-pit and underground mining and beneficiation at Voisey’s Bay,"Open-pit, underground, concentrator",Ni–Cu sulfide,Cold Evergreen Needleleaf Forest,,Inference | land | open-pit regression,3.84e3 * ore_processed_t **0.51,,0.0023228903772767036,kg
NL-MAIN-2d8801d6,transformation_to,Ni concentrate,land_concentrate_economic,1.0,m2,Open-pit and underground mining and beneficiation at Voisey’s Bay,"Open-pit, underground, concentrator",Ni–Cu sulfide,Cold Evergreen Needleleaf Forest,,Inference | land | open-pit regression,3.84e3 * ore_processed_t **0.51,,0.0023228903772767036,kg
NL-MAIN-2d8801d6,occupation,Ni concentrate,land_concentrate_economic,1.0,m2*year,Open-pit and underground mining and beneficiation at Voisey’s Bay,"Open-pit, underground, concentrator",Ni–Cu sulfide,Cold Evergreen Needleleaf Forest,,Inference | land | open-pit regression,3.84e3 * ore_processed_t **0.51,,0.04645780754553407,kg
