﻿"Cube Title","Product Id","CANSIM Id",URL,"Cube Notes","Archive Status",Frequency,"Start Reference Period","End Reference Period","Total number of dimensions"
"Production, shipments and value of shipments of metallic and non-metallic minerals, annual","16100022",,"https://www150.statcan.gc.ca/t1/tbl1/en/tv.action?pid=1610002201",1;2;3;7;8;9,"CURRENT - a cube available to the public and that is current","Annual","2019-01-01","2024-01-01","3",

"Dimension ID","Dimension name","Dimension Notes","Dimension Definitions"
"1","Geography",,""
"2","Products",,""
"3","Variables",,""

"Dimension ID","Member Name","Classification Code","Member ID","Parent Member ID",Terminated,"Member Notes","Member Definitions"
"1","Atlantic region","[1]","2","1","",,
"1","Quebec","[24]","7","1","",2,
"1","Ontario","[35]","8","1","",,
"1","Prairies region","[4]","9","1","",,
"1","British Columbia","[59]","13","1","",,
"1","Yukon","[60]","14","1","",,
"1","Northwest Territories","[61]","15","1","",,
"1","Nunavut","[62]","16","1","",,
"1","Newfoundland and Labrador","[10]","3","2","",9,
"1","Prince Edward Island","[11]","4","2","",,
"1","Nova Scotia","[12]","5","2","",,
"1","New Brunswick","[13]","6","2","",,
"1","Manitoba","[46]","10","9","",,
"1","Saskatchewan","[47]","11","9","",,
"1","Alberta","[48]","12","9","",,
"1","Canada","[11124]","1","","",,
"2","Aggregates, clay and refractory minerals (Thousands of dollars)","","154","1","",,
"2","Metals, recoverable (Thousands of dollars)","","2","1","",,
"2","Non-metals (Thousands of dollars)","","75","1","",,
"2","Cobalt, recoverable (tonnes)","","3","2","",,
"2","Cobalt, recoverable (Thousands of dollars)","","4","2","",,
"2","Copper, concentrates (tonnes)","","5","2","",,
"2","Copper, concentrates (Thousands of dollars)","","6","2","",,
"2","Copper, recoverable (tonnes)","","7","2","",,
"2","Copper, recoverable (Thousands of dollars)","","8","2","",,
"2","Gold and silver bullion, crude and dore (kilograms)","","9","2","",,
"2","Gold and silver bullion, crude and dore (Thousands of dollars)","","10","2","",,
"2","Gold, concentrates (kilograms)","","11","2","",,
"2","Gold, concentrates (Thousands of dollars)","","12","2","",,
"2","Gold, recoverable (kilograms)","","13","2","",,
"2","Gold, recoverable (Thousands of dollars)","","14","2","",,
"2","Ilmenite, concentrates (tonnes)","","15","2","",,
"2","Ilmenite, concentrates (Thousands of dollars)","","16","2","",,
"2","Ilmenite, recoverable (tonnes)","","17","2","",,
"2","Ilmenite, recoverable (Thousands of dollars)","","18","2","",,
"2","Iron, agglomerates (tonnes)","","19","2","",,
"2","Iron, agglomerates (Thousands of dollars)","","20","2","",,
"2","Iron, concentrates (tonnes)","","21","2","",,
"2","Iron, concentrates (Thousands of dollars)","","22","2","",,
"2","Iron, remelt (Thousands of dollars)","","24","2","",,
"2","Lead, concentrates (tonnes)","","25","2","",,
"2","Lead, concentrates (Thousands of dollars)","","26","2","",,
"2","Lead, recoverable (tonnes)","","27","2","",,
"2","Lead, recoverable (Thousands of dollars)","","28","2","",,
"2","Lithium, recoverable (kilograms)","","29","2","",,
"2","Lithium, recoverable (Thousands of dollars)","","30","2","",,
"2","Molybdenum, concentrates (tonnes)","","31","2","",,
"2","Molybdenum, concentrates (Thousands of dollars)","","32","2","",,
"2","Molybdenum, recoverable (tonnes)","","33","2","",,
"2","Molybdenum, recoverable (Thousands of dollars)","","34","2","",,
"2","Nickel, concentrates (tonnes)","","35","2","",,
"2","Nickel, concentrates (Thousands of dollars)","","36","2","",,
"2","Nickel, recoverable (tonnes)","","37","2","",,
"2","Nickel, recoverable (Thousands of dollars)","","38","2","",,
"2","Niobium, concentrates (kilograms)","","39","2","",,
"2","Niobium, concentrates (Thousands of dollars)","","40","2","",,
"2","Niobium, recoverable (kilograms)","","41","2","",,
"2","Niobium, recoverable (Thousands of dollars)","","42","2","",,
"2","Palladium, concentrates (kilograms)","","43","2","",,
"2","Palladium, concentrates (Thousands of dollars)","","44","2","",,
"2","Platinum group, recoverable (grams)","","45","2","",,
"2","Platinum group, recoverable (Thousands of dollars)","","51","2","",,
"2","Silver, concentrates (kilograms)","","57","2","",,
"2","Silver, concentrates (Thousands of dollars)","","58","2","",,
"2","Silver, recoverable (kilograms)","","59","2","",,
"2","Silver, recoverable (Thousands of dollars)","","60","2","",,
"2","Spodumene, concentrates (kilograms)","","61","2","",,
"2","Spodumene, concentrates (Thousands of dollars)","","62","2","",,
"2","Tantalum, concentrates (kilograms)","","63","2","",,
"2","Tantalum, concentrates (Thousands of dollars)","","64","2","",,
"2","Titanium dioxide, recoverable (tonnes)","","65","2","",,
"2","Titanium dioxide, recoverable (Thousands of dollars)","","66","2","",,
"2","Uranium, concentrates (tonnes)","","67","2","",,
"2","Uranium, concentrates (Thousands of dollars)","","68","2","",,
"2","Uranium, recoverable (tonnes)","","69","2","",,
"2","Uranium, recoverable (Thousands of dollars)","","70","2","",,
"2","Zinc, concentrates (tonnes)","","71","2","",,
"2","Zinc, concentrates (Thousands of dollars)","","72","2","",,
"2","Zinc, recoverable (tonnes)","","73","2","",,
"2","Zinc, recoverable (Thousands of dollars)","","74","2","",,
"2","Iron, remelt (tonnes)","","23","2","",,
"2","Iridium, recoverable (grams)","","46","45","",,
"2","Palladium, recoverable (grams)","","47","45","",,
"2","Platinum, recoverable (grams)","","48","45","",,
"2","Rhodium, recoverable (grams)","","49","45","",,
"2","Ruthenium, recoverable (grams)","","50","45","",,
"2","Iridium, recoverable (Thousands of dollars)","","52","51","",,
"2","Palladium, recoverable (Thousands of dollars)","","53","51","",,
"2","Platinum, recoverable (Thousands of dollars)","","54","51","",,
"2","Rhodium, recoverable (Thousands of dollars)","","55","51","",,
"2","Ruthenium, recoverable (Thousands of dollars)","","56","51","",,
"2","Mica (Thousands of dollars)","","103","75","",,
"2","Peat (tonnes)","","106","75","",,
"2","Peat (Thousands of dollars)","","107","75","",,
"2","Potash, muriate of potash (MOP) (tonnes)","","110","75","",,
"2","Potash, muriate of potash (MOP) (Thousands of dollars)","","111","75","",,
"2","Potassium sulphate (tonnes)","","112","75","",,
"2","Potassium sulphate (Thousands of dollars)","","113","75","",,
"2","Pumice (tonnes)","","114","75","",,
"2","Pumice (Thousands of dollars)","","115","75","",,
"2","Salt (tonnes)","","116","75","",,
"2","Salt (Thousands of dollars)","","120","75","",,
"2","Serpentine (tonnes)","","130","75","",,
"2","Serpentine (Thousands of dollars)","","131","75","",,
"2","Soapstone, pyrophyllite and talc (tonnes)","","132","75","",,
"2","Soapstone, pyrophyllite and talc  (Thousands of dollars)","","133","75","",,
"2","Sodium sulphate (tonnes)","","134","75","",,
"2","Sodium sulphate (Thousands of dollars)","","135","75","",,
"2","Wollastonite (tonnes)","","150","75","",,
"2","Wollastonite (Thousands of dollars)","","151","75","",,
"2","Zeolite (tonnes)","","152","75","",,
"2","Zeolite (Thousands of dollars)","","153","75","",,
"2","Barite (tonnes)","","76","75","",,
"2","Barite (Thousands of dollars)","","77","75","",,
"2","Diamonds (carats)","","78","75","",,
"2","Diamonds (Thousands of dollars)","","79","75","",,
"2","Gemstones (kilograms)","","84","75","",,
"2","Gemstones (Thousands of dollars)","","85","75","",,
"2","Graphite (tonnes)","","86","75","",,
"2","Graphite (Thousands of dollars)","","87","75","",,
"2","Gypsum (tonnes)","","88","75","",,
"2","Gypsum (Thousands of dollars)","","89","75","",,
"2","Gypsum anhydrite (tonnes)","","90","75","",,
"2","Gypsum anhydrite (Thousands of dollars)","","91","75","",,
"2","Marl (tonnes)","","100","75","",,
"2","Marl (Thousands of dollars)","","101","75","",,
"2","Mica (tonnes)","","102","75","",,
"2","Lime, quicklime (tonnes)","","93","92","",,
"2","Lime, hydrated lime (tonnes)","","94","92","",,
"2","Lime, quicklime (Thousands of dollars)","","96","95","",,
"2","Lime, hydrated lime (Thousands of dollars)","","97","95","",,
"2","Potash, potassium oxide (K2O) (tonnes)","","108","110","",,
"2","Salt, fine vaccum (tonnes)","","117","116","",,
"2","Salt, in brine (tonnes)","","118","116","",,
"2","Salt, rock (tonnes)","","119","116","",,
"2","Salt, fine vaccum (Thousands of dollars)","","121","120","",,
"2","Salt, in brine (Thousands of dollars)","","122","120","",,
"2","Salt, rock (Thousands of dollars)","","123","120","",,
"2","Silica sand, quartz crude, quartz milled (tonnes)","","125","124","",,
"2","Gravel (natural/crushed), natural sand (tonnes)","","126","124","",,
"2","Silica sand, quartz crude, quartz milled (Thousands of dollars)","","128","127","",,
"2","Gravel (natural/crushed), natural sand (Thousands of dollars)","","129","127","",,
"2","Granite (tonnes)","","137","136","",,
"2","Limestone (tonnes)","","138","136","",,
"2","Marble (tonnes)","","139","136","",,
"2","Sandstone (tonnes)","","140","136","",,
"2","Shale (tonnes)","","141","136","",,
"2","Slate (tonnes)","","142","136","",,
"2","Granite (Thousands of dollars)","","144","143","",,
"2","Limestone (Thousands of dollars)","","145","143","",,
"2","Marble (Thousands of dollars)","","146","143","",,
"2","Sandstone (Thousands of dollars)","","147","143","",,
"2","Shale (Thousands of dollars)","","148","143","",,
"2","Slate (Thousands of dollars)","","149","143","",,
"2","Nepheline syenite (tonnes)","","104","154","",,
"2","Nepheline syenite (Thousands of dollars)","","105","154","",,
"2","Sand and gravel (tonnes)","","124","154","",9,
"2","Sand and gravel (Thousands of dollars)","","127","154","",,
"2","Stone (tonnes)","","136","154","",9,
"2","Stone (Thousands of dollars)","","143","154","",,
"2","Clay (tonnes)","","80","154","",,
"2","Clay (Thousands of dollars)","","81","154","",,
"2","Clay products (tonnes)","","82","154","",,
"2","Clay products (Thousands of dollars)","","83","154","",,
"2","Lime (tonnes)","","92","154","",,
"2","Lime (Thousands of dollars)","","95","154","",,
"2","Magnesite (tonnes)","","98","154","",,
"2","Magnesite (Thousands of dollars)","","99","154","",,
"2","Total metals recoverable, non-metals and aggregates, clay and refractory minerals (Thousands of dollars)","","1","","",,
"3","Quantity produced","","1","","",,
"3","Quantity shipped","","2","","",,
"3","Closing inventories","","3","","",,
"3","Value of shipments","","4","","",,

Symbol Legend
Description,Symbol
"not available for a specific reference period","..",
"less than the limit of detection","<LOD",
"value rounded to 0 (zero) where there is a meaningful distinction between true zero and the value that was rounded","0s",
"data quality: excellent","A",
"data quality: very good","B",
"data quality: good","C",
"data quality: acceptable","D",
"use with caution","E",
"too unreliable to be published","F",
"not applicable","...",
"preliminary","p",
"revised","r",
"suppressed to meet the confidentiality requirements of the Statistics Act","x",
"terminated","t",

"Survey Code","Survey Name"
"5246","Annual Mineral Production Survey"

"Subject Code","Subject Name"
"16","Manufacturing"

"Note ID",Note
1,"The preliminary estimates of mineral production provide an early indication of the state of the mining sector in Canada. Mineral producers participating in the Annual Mineral Production Survey provide data on production quantities, shipment quantities and shipment values for the survey year collected along with forecasted values for the following year. Therefore, the revisions to preliminary estimates can show greater fluctuations than revisions to historical data."
2,"The Institut de la Statistique du Québec is responsible for the collection and processing of mineral production data from Quebec respondents on an annual basis."
3,"The sum may not add up to the total due to rounding."
7,"Starting on March 2024, dollar values for all reference periods are presented in thousands of dollars."
8,"As of March 2024, region-level data was discontinued."
9,"The Department of Industry, Energy and Technology of Newfoundland and Labrador provides provincial data on the quantities of secondary aggregates namely stone, sand and gravel to Statistics Canada."

"Correction ID","Correction Date","Correction Note"
