site_id,activity_name,mining_processing_type,archetypes,flow_type,subflow_type,value,unit,data_source,concentrate,mass_conc,allocation_factor,facility_type,value_normalized,functional_unit,normalization_key,reference_mass_unit
BC-MAIN-857b7b89,Underground mining and beneficiation at Brucejack,"Underground, concentrator",Au–Ag free-milling,Energy,Acetylene,18475.650648,MJ,MetalliCan,Au,0.920409693877551,1.0,mining,20.073289939140896,Doré,concentrate_economic,kg
BC-MAIN-857b7b89,Underground mining and beneficiation at Brucejack,"Underground, concentrator",Au–Ag free-milling,Energy,Aviation fuel,72676110.7896,MJ,MetalliCan,Au,0.920409693877551,1.0,mining,78960.60990342921,Doré,concentrate_economic,kg
BC-MAIN-857b7b89,Underground mining and beneficiation at Brucejack,"Underground, concentrator",Au–Ag free-milling,Energy,Diesel,287042447.2315421,MJ,MetalliCan,Au,0.920409693877551,1.0,mining,311863.7810324165,Doré,concentrate_economic,kg
BC-MAIN-857b7b89,Underground mining and beneficiation at Brucejack,"Underground, concentrator",Au–Ag free-milling,Energy,Electricity consumption|Generated on-site,86225117.39559999,MJ,MetalliCan,Au,0.920409693877551,1.0,mining,93681.23561622457,Doré,concentrate_economic,kg
BC-MAIN-857b7b89,Underground mining and beneficiation at Brucejack,"Underground, concentrator",Au–Ag free-milling,Energy,Electricity consumption|Grid electricity,569009584.8,MJ,MetalliCan,Au,0.920409693877551,1.0,mining,618213.376700593,Doré,concentrate_economic,kg
BC-MAIN-857b7b89,Underground mining and beneficiation at Brucejack,"Underground, concentrator",Au–Ag free-milling,Energy,Gasoline,13568450.0,MJ,MetalliCan,Au,0.920409693877551,1.0,mining,14741.750429461592,Doré,concentrate_economic,kg
BC-MAIN-857b7b89,Underground mining and beneficiation at Brucejack,"Underground, concentrator",Au–Ag free-milling,Energy,Propane,42071041.3,MJ,MetalliCan,Au,0.920409693877551,1.0,mining,45709.03759472684,Doré,concentrate_economic,kg
BC-MAIN-857b7b89,Underground mining and beneficiation at Brucejack,"Underground, concentrator",Au–Ag free-milling,Energy,Used oil,2344024.4,MJ,MetalliCan,Au,0.920409693877551,1.0,mining,2546.7185054570305,Doré,concentrate_economic,kg
QC-MAIN-e7e6a960,Open-pit mining and beneficiation at Canadian Malartic,"Open-pit, concentrator",Au–Ag free-milling,Energy,Diesel,2557832000.0,MJ,MetalliCan,Au,29.039084533163262,1.0,mining,88082.3910643223,Doré,concentrate_economic,kg
QC-MAIN-e7e6a960,Open-pit mining and beneficiation at Canadian Malartic,"Open-pit, concentrator",Au–Ag free-milling,Energy,Electricity consumption|Grid electricity,2428287789.6,MJ,MetalliCan,Au,29.039084533163262,1.0,mining,83621.36164543488,Doré,concentrate_economic,kg
QC-MAIN-e7e6a960,Open-pit mining and beneficiation at Canadian Malartic,"Open-pit, concentrator",Au–Ag free-milling,Energy,Light Fuel & Gasoline,42833000.0,MJ,MetalliCan,Au,29.039084533163262,1.0,mining,1475.0120635202459,Doré,concentrate_economic,kg
QC-MAIN-e7e6a960,Open-pit mining and beneficiation at Canadian Malartic,"Open-pit, concentrator",Au–Ag free-milling,Energy,Natural gas,162805000.0,MJ,MetalliCan,Au,29.039084533163262,1.0,mining,5606.409520729663,Doré,concentrate_economic,kg
QC-MAIN-e7e6a960,Open-pit mining and beneficiation at Canadian Malartic,"Open-pit, concentrator",Au–Ag free-milling,Energy,Propane,1463609.37,MJ,MetalliCan,Au,29.039084533163262,1.0,mining,50.401360563847206,Doré,concentrate_economic,kg
QC-MAIN-b86f7d07,Open-pit and underground mining and beneficiation at Casa Berardi,"Open-pit, underground, concentrator",Au–Ag free-milling,Energy,Diesel|Mobile equipment,378542030.2939668,MJ,MetalliCan,Au,3.5165997959183577,1.0,mining,107644.33039361844,Doré,concentrate_economic,kg
QC-MAIN-b86f7d07,Open-pit and underground mining and beneficiation at Casa Berardi,"Open-pit, underground, concentrator",Au–Ag free-milling,Energy,Electricity consumption|Not specified,495635929.2,MJ,MetalliCan,Au,3.5165997959183577,1.0,mining,140941.80684855697,Doré,concentrate_economic,kg
QC-MAIN-b86f7d07,Open-pit and underground mining and beneficiation at Casa Berardi,"Open-pit, underground, concentrator",Au–Ag free-milling,Energy,Gasoline|Mobile equipment,17908178.0536758,MJ,MetalliCan,Au,3.5165997959183577,1.0,mining,5092.469741499001,Doré,concentrate_economic,kg
QC-MAIN-b86f7d07,Open-pit and underground mining and beneficiation at Casa Berardi,"Open-pit, underground, concentrator",Au–Ag free-milling,Energy,Propane,42813081.77158993,MJ,MetalliCan,Au,3.5165997959183577,1.0,mining,12174.567552805458,Doré,concentrate_economic,kg
ON-MAIN-aeafbb59,Open-pit mining and beneficiation at Detour Lake,"Open-pit, concentrator",Au–Ag free-milling,Energy,Diesel,3947008000.0,MJ,MetalliCan,Au,24.0082838377551,1.0,mining,164401.92171474535,Doré,concentrate_economic,kg
ON-MAIN-aeafbb59,Open-pit mining and beneficiation at Detour Lake,"Open-pit, concentrator",Au–Ag free-milling,Energy,Electricity consumption|Grid electricity,2991452173.2,MJ,MetalliCan,Au,24.0082838377551,1.0,mining,124600.83333801987,Doré,concentrate_economic,kg
ON-MAIN-aeafbb59,Open-pit mining and beneficiation at Detour Lake,"Open-pit, concentrator",Au–Ag free-milling,Energy,Light Fuel & Gasoline,71904000.0,MJ,MetalliCan,Au,24.0082838377551,1.0,mining,2994.9662577266245,Doré,concentrate_economic,kg
ON-MAIN-aeafbb59,Open-pit mining and beneficiation at Detour Lake,"Open-pit, concentrator",Au–Ag free-milling,Energy,Propane,182468000.0,MJ,MetalliCan,Au,24.0082838377551,1.0,mining,7600.210045544918,Doré,concentrate_economic,kg
QC-MAIN-6dc537e6,Underground mining and beneficiation at Éléonore,"Underground, concentrator",Au–Ag free-milling,Energy,Aviation fuel,21662098.88,MJ,MetalliCan,Au,7.738899920918366,1.0,mining,2799.118621685107,Doré,concentrate_economic,kg
QC-MAIN-6dc537e6,Underground mining and beneficiation at Éléonore,"Underground, concentrator",Au–Ag free-milling,Energy,Diesel,385327797.4,MJ,MetalliCan,Au,7.738899920918366,1.0,mining,49791.02990574319,Doré,concentrate_economic,kg
QC-MAIN-6dc537e6,Underground mining and beneficiation at Éléonore,"Underground, concentrator",Au–Ag free-milling,Energy,Electricity consumption|Generated on-site,3531106.8,MJ,MetalliCan,Au,7.738899920918366,1.0,mining,456.280199522333,Doré,concentrate_economic,kg
QC-MAIN-6dc537e6,Underground mining and beneficiation at Éléonore,"Underground, concentrator",Au–Ag free-milling,Energy,Electricity consumption|Grid electricity,892229950.44,MJ,MetalliCan,Au,7.738899920918366,1.0,mining,115291.57368068407,Doré,concentrate_economic,kg
QC-MAIN-6dc537e6,Underground mining and beneficiation at Éléonore,"Underground, concentrator",Au–Ag free-milling,Energy,Gasoline,10018117.9,MJ,MetalliCan,Au,7.738899920918366,1.0,mining,1294.5144661867084,Doré,concentrate_economic,kg
QC-MAIN-6dc537e6,Underground mining and beneficiation at Éléonore,"Underground, concentrator",Au–Ag free-milling,Energy,Propane,142393174.15,MJ,MetalliCan,Au,7.738899920918366,1.0,mining,18399.666051386586,Doré,concentrate_economic,kg
BC-MAIN-6b4800fe,Open-pit mining and beneficiation at Gibraltar,"Open-pit, concentrator",Cu polymetallic,Energy,Diesel,1683653000.0,MJ,MetalliCan,Cu,185367.93066666668,0.9761434843455175,mining,8.866080016851152,Cu concentrate,concentrate_economic,kg
BC-MAIN-6b4800fe,Open-pit mining and beneficiation at Gibraltar,"Open-pit, concentrator",Cu polymetallic,Energy,Diesel,1683653000.0,MJ,MetalliCan,Mo,1069.0540862745097,0.02385651565448254,mining,37.57162024532285,Mo concentrate,concentrate_economic,kg
BC-MAIN-6b4800fe,Open-pit mining and beneficiation at Gibraltar,"Open-pit, concentrator",Cu polymetallic,Energy,Electricity consumption|Grid electricity,1695665000.0,MJ,MetalliCan,Cu,185367.93066666668,0.9761434843455175,mining,8.929334947149982,Cu concentrate,concentrate_economic,kg
BC-MAIN-6b4800fe,Open-pit mining and beneficiation at Gibraltar,"Open-pit, concentrator",Cu polymetallic,Energy,Electricity consumption|Grid electricity,1695665000.0,MJ,MetalliCan,Mo,1069.0540862745097,0.02385651565448254,mining,37.83967447169065,Mo concentrate,concentrate_economic,kg
BC-MAIN-6b4800fe,Open-pit mining and beneficiation at Gibraltar,"Open-pit, concentrator",Cu polymetallic,Energy,Gasoline,38791000.0,MJ,MetalliCan,Cu,185367.93066666668,0.9761434843455175,mining,0.2042725608742853,Cu concentrate,concentrate_economic,kg
BC-MAIN-6b4800fe,Open-pit mining and beneficiation at Gibraltar,"Open-pit, concentrator",Cu polymetallic,Energy,Gasoline,38791000.0,MJ,MetalliCan,Mo,1069.0540862745097,0.02385651565448254,mining,0.8656419826034929,Mo concentrate,concentrate_economic,kg
BC-MAIN-6b4800fe,Open-pit mining and beneficiation at Gibraltar,"Open-pit, concentrator",Cu polymetallic,Energy,Natural gas,186977000.0,MJ,MetalliCan,Cu,185367.93066666668,0.9761434843455175,mining,0.9846168083986298,Cu concentrate,concentrate_economic,kg
BC-MAIN-6b4800fe,Open-pit mining and beneficiation at Gibraltar,"Open-pit, concentrator",Cu polymetallic,Energy,Natural gas,186977000.0,MJ,MetalliCan,Mo,1069.0540862745097,0.02385651565448254,mining,4.17249209819941,Mo concentrate,concentrate_economic,kg
BC-MAIN-6b4800fe,Open-pit mining and beneficiation at Gibraltar,"Open-pit, concentrator",Cu polymetallic,Energy,Propane,453000.0,MJ,MetalliCan,Cu,185367.93066666668,0.9761434843455175,mining,0.002385488130650183,Cu concentrate,concentrate_economic,kg
BC-MAIN-6b4800fe,Open-pit mining and beneficiation at Gibraltar,"Open-pit, concentrator",Cu polymetallic,Energy,Propane,453000.0,MJ,MetalliCan,Mo,1069.0540862745097,0.02385651565448254,mining,0.010108938107277005,Mo concentrate,concentrate_economic,kg
QC-MAIN-c0660aec,Underground mining and beneficiation at Goldex,"Underground, concentrator",Au–Ag polymetallic,Energy,Diesel,129455000.0,MJ,MetalliCan,Cu,130.12252666666666,0.003859237362487364,mining,3.8394395310245932,Cu concentrate,concentrate_economic,kg
QC-MAIN-c0660aec,Underground mining and beneficiation at Goldex,"Underground, concentrator",Au–Ag polymetallic,Energy,Diesel,129455000.0,MJ,MetalliCan,Au,4.474542118316694,0.9961407626375127,mining,28819.79854415847,Doré,concentrate_economic,kg
QC-MAIN-c0660aec,Underground mining and beneficiation at Goldex,"Underground, concentrator",Au–Ag polymetallic,Energy,Electricity consumption|Grid electricity,644118282.0,MJ,MetalliCan,Cu,130.12252666666666,0.003859237362487364,mining,19.10357417300565,Cu concentrate,concentrate_economic,kg
QC-MAIN-c0660aec,Underground mining and beneficiation at Goldex,"Underground, concentrator",Au–Ag polymetallic,Energy,Electricity consumption|Grid electricity,644118282.0,MJ,MetalliCan,Au,4.474542118316694,0.9961407626375127,mining,143396.23132246308,Doré,concentrate_economic,kg
QC-MAIN-c0660aec,Underground mining and beneficiation at Goldex,"Underground, concentrator",Au–Ag polymetallic,Energy,Light Fuel & Gasoline,1347000.0,MJ,MetalliCan,Cu,130.12252666666666,0.003859237362487364,mining,0.0399499829924694,Cu concentrate,concentrate_economic,kg
QC-MAIN-c0660aec,Underground mining and beneficiation at Goldex,"Underground, concentrator",Au–Ag polymetallic,Energy,Light Fuel & Gasoline,1347000.0,MJ,MetalliCan,Au,4.474542118316694,0.9961407626375127,mining,299.87461773574955,Doré,concentrate_economic,kg
QC-MAIN-c0660aec,Underground mining and beneficiation at Goldex,"Underground, concentrator",Au–Ag polymetallic,Energy,Natural gas,86234000.0,MJ,MetalliCan,Cu,130.12252666666666,0.003859237362487364,mining,2.557570032199411,Cu concentrate,concentrate_economic,kg
QC-MAIN-c0660aec,Underground mining and beneficiation at Goldex,"Underground, concentrator",Au–Ag polymetallic,Energy,Natural gas,86234000.0,MJ,MetalliCan,Au,4.474542118316694,0.9961407626375127,mining,19197.763760820064,Doré,concentrate_economic,kg
ON-MAIN-687b8c8d,Underground mining and beneficiation at Island,"Underground, concentrator",Au–Ag free-milling,Energy,Diesel,211308000.0,MJ,MetalliCan,Au,4.1704080612244905,1.0,mining,50668.42306504582,Doré,concentrate_economic,kg
ON-MAIN-687b8c8d,Underground mining and beneficiation at Island,"Underground, concentrator",Au–Ag free-milling,Energy,Electricity consumption|Generated on-site,717000.0,MJ,MetalliCan,Au,4.1704080612244905,1.0,mining,171.92562201922243,Doré,concentrate_economic,kg
ON-MAIN-687b8c8d,Underground mining and beneficiation at Island,"Underground, concentrator",Au–Ag free-milling,Energy,Electricity consumption|Grid electricity,334179000.0,MJ,MetalliCan,Au,4.1704080612244905,1.0,mining,80131.00758823115,Doré,concentrate_economic,kg
ON-MAIN-687b8c8d,Underground mining and beneficiation at Island,"Underground, concentrator",Au–Ag free-milling,Energy,Gasoline,14406000.0,MJ,MetalliCan,Au,4.1704080612244905,1.0,mining,3454.3382298590213,Doré,concentrate_economic,kg
ON-MAIN-687b8c8d,Underground mining and beneficiation at Island,"Underground, concentrator",Au–Ag free-milling,Energy,Propane,72011000.0,MJ,MetalliCan,Au,4.1704080612244905,1.0,mining,17267.135240203945,Doré,concentrate_economic,kg
YT-MAIN-44857446,Underground mining and beneficiation at Keno Hill Silver District,"Underground, concentrator",Ag polymetallic,Energy,Diesel|Mobile equipment,55697075.44526765,MJ,MetalliCan,Zn,2678.0,0.6212525602919646,mining,12.920818043744303,Zn concentrate,concentrate_economic,kg
YT-MAIN-44857446,Underground mining and beneficiation at Keno Hill Silver District,"Underground, concentrator",Ag polymetallic,Energy,Diesel|Mobile equipment,55697075.44526765,MJ,MetalliCan,Pb,2041.6666666666667,0.3787474397080354,mining,10.332305987324283,Pb concentrate,concentrate_economic,kg
YT-MAIN-44857446,Underground mining and beneficiation at Keno Hill Silver District,"Underground, concentrator",Ag polymetallic,Energy,Electricity consumption|Not specified,63343396.8,MJ,MetalliCan,Zn,2678.0,0.6212525602919646,mining,14.694640567434591,Zn concentrate,concentrate_economic,kg
YT-MAIN-44857446,Underground mining and beneficiation at Keno Hill Silver District,"Underground, concentrator",Ag polymetallic,Energy,Electricity consumption|Not specified,63343396.8,MJ,MetalliCan,Pb,2041.6666666666667,0.3787474397080354,mining,11.750767033670282,Pb concentrate,concentrate_economic,kg
YT-MAIN-44857446,Underground mining and beneficiation at Keno Hill Silver District,"Underground, concentrator",Ag polymetallic,Energy,Gasoline|Mobile equipment,8333350.1134884,MJ,MetalliCan,Zn,2678.0,0.6212525602919646,mining,1.9332020514615393,Zn concentrate,concentrate_economic,kg
YT-MAIN-44857446,Underground mining and beneficiation at Keno Hill Silver District,"Underground, concentrator",Ag polymetallic,Energy,Gasoline|Mobile equipment,8333350.1134884,MJ,MetalliCan,Pb,2041.6666666666667,0.3787474397080354,mining,1.5459110300446033,Pb concentrate,concentrate_economic,kg
YT-MAIN-44857446,Underground mining and beneficiation at Keno Hill Silver District,"Underground, concentrator",Ag polymetallic,Energy,Propane,36595602.20983067,MJ,MetalliCan,Zn,2678.0,0.6212525602919646,mining,8.489586097193273,Zn concentrate,concentrate_economic,kg
YT-MAIN-44857446,Underground mining and beneficiation at Keno Hill Silver District,"Underground, concentrator",Ag polymetallic,Energy,Propane,36595602.20983067,MJ,MetalliCan,Pb,2041.6666666666667,0.3787474397080354,mining,6.788811742798575,Pb concentrate,concentrate_economic,kg
QC-MAIN-9de9bb0d,Open-pit mining and beneficiation at Kiena,"Open-pit, concentrator",Au–Ag free-milling,Energy,Diesel,42655140.0,MJ,MetalliCan,Au,1.2201776096938775,1.0,mining,34958.14024214186,Doré,concentrate_economic,kg
QC-MAIN-9de9bb0d,Open-pit mining and beneficiation at Kiena,"Open-pit, concentrator",Au–Ag free-milling,Energy,Electricity consumption|Generated on-site,38464200.0,MJ,MetalliCan,Au,1.2201776096938775,1.0,mining,31523.44354986979,Doré,concentrate_economic,kg
QC-MAIN-9de9bb0d,Open-pit mining and beneficiation at Kiena,"Open-pit, concentrator",Au–Ag free-milling,Energy,Electricity consumption|Grid electricity,115392600.0,MJ,MetalliCan,Au,1.2201776096938775,1.0,mining,94570.33064960937,Doré,concentrate_economic,kg
QC-MAIN-9de9bb0d,Open-pit mining and beneficiation at Kiena,"Open-pit, concentrator",Au–Ag free-milling,Energy,Gasoline,1180080.0,MJ,MetalliCan,Au,1.2201776096938775,1.0,mining,967.1378909305365,Doré,concentrate_economic,kg
QC-MAIN-9de9bb0d,Open-pit mining and beneficiation at Kiena,"Open-pit, concentrator",Au–Ag free-milling,Energy,Natural gas,58064.0,MJ,MetalliCan,Au,1.2201776096938775,1.0,mining,47.586514896439795,Doré,concentrate_economic,kg
QC-MAIN-f9e41c2a,Underground mining and beneficiation at Lamaque,"Underground, concentrator",Au–Ag free-milling,Energy,Diesel|Mobile equipment,191632000.0,MJ,MetalliCan,Au,7.932820721938775,1.0,mining,24156.855009974974,Doré,concentrate_economic,kg
QC-MAIN-f9e41c2a,Underground mining and beneficiation at Lamaque,"Underground, concentrator",Au–Ag free-milling,Energy,Diesel|Stationary equipment,181000.0,MJ,MetalliCan,Au,7.932820721938775,1.0,mining,22.816600342351332,Doré,concentrate_economic,kg
QC-MAIN-f9e41c2a,Underground mining and beneficiation at Lamaque,"Underground, concentrator",Au–Ag free-milling,Energy,Electricity consumption|Grid electricity,276713000.0,MJ,MetalliCan,Au,7.932820721938775,1.0,mining,34882.04381509981,Doré,concentrate_economic,kg
QC-MAIN-f9e41c2a,Underground mining and beneficiation at Lamaque,"Underground, concentrator",Au–Ag free-milling,Energy,Gasoline,3549000.0,MJ,MetalliCan,Au,7.932820721938775,1.0,mining,447.3818487016844,Doré,concentrate_economic,kg
QC-MAIN-f9e41c2a,Underground mining and beneficiation at Lamaque,"Underground, concentrator",Au–Ag free-milling,Energy,LPG|Mobile equipment,45000.0,MJ,MetalliCan,Au,7.932820721938775,1.0,mining,5.672635444230994,Doré,concentrate_economic,kg
QC-MAIN-f9e41c2a,Underground mining and beneficiation at Lamaque,"Underground, concentrator",Au–Ag free-milling,Energy,LPG|Stationary equipment,187000.0,MJ,MetalliCan,Au,7.932820721938775,1.0,mining,23.572951734915467,Doré,concentrate_economic,kg
QC-MAIN-f9e41c2a,Underground mining and beneficiation at Lamaque,"Underground, concentrator",Au–Ag free-milling,Energy,Natural gas,76904000.0,MJ,MetalliCan,Au,7.932820721938775,1.0,mining,9694.407915625341,Doré,concentrate_economic,kg
QC-MAIN-e51eda66,Underground mining and beneficiation at LaRonde,"Underground, concentrator",Au–Ag polymetallic,Energy,Diesel,391146000.0,MJ,MetalliCan,Cu,8593.20125,0.09772240804218515,mining,4.448136137399151,Cu concentrate,concentrate_economic,kg
QC-MAIN-e51eda66,Underground mining and beneficiation at LaRonde,"Underground, concentrator",Au–Ag polymetallic,Energy,Diesel,391146000.0,MJ,MetalliCan,Zn,15404.877034,0.06548662801881933,mining,1.662774233544012,Zn concentrate,concentrate_economic,kg
QC-MAIN-e51eda66,Underground mining and beneficiation at LaRonde,"Underground, concentrator",Au–Ag polymetallic,Energy,Diesel,391146000.0,MJ,MetalliCan,Au,9.802902790306113,0.8367909639389955,mining,33388.82832792648,Doré,concentrate_economic,kg
QC-MAIN-e51eda66,Underground mining and beneficiation at LaRonde,"Underground, concentrator",Au–Ag polymetallic,Energy,Electricity consumption|Grid electricity,1689193026.0,MJ,MetalliCan,Cu,8593.20125,0.09772240804218515,mining,19.209605983426197,Cu concentrate,concentrate_economic,kg
QC-MAIN-e51eda66,Underground mining and beneficiation at LaRonde,"Underground, concentrator",Au–Ag polymetallic,Energy,Electricity consumption|Grid electricity,1689193026.0,MJ,MetalliCan,Zn,15404.877034,0.06548662801881933,mining,7.180813913768876,Zn concentrate,concentrate_economic,kg
QC-MAIN-e51eda66,Underground mining and beneficiation at LaRonde,"Underground, concentrator",Au–Ag polymetallic,Energy,Electricity consumption|Grid electricity,1689193026.0,MJ,MetalliCan,Au,9.802902790306113,0.8367909639389955,mining,144192.13275310156,Doré,concentrate_economic,kg
QC-MAIN-e51eda66,Underground mining and beneficiation at LaRonde,"Underground, concentrator",Au–Ag polymetallic,Energy,Light Fuel & Gasoline,8329000.0,MJ,MetalliCan,Cu,8593.20125,0.09772240804218515,mining,0.0947178953342167,Cu concentrate,concentrate_economic,kg
QC-MAIN-e51eda66,Underground mining and beneficiation at LaRonde,"Underground, concentrator",Au–Ag polymetallic,Energy,Light Fuel & Gasoline,8329000.0,MJ,MetalliCan,Zn,15404.877034,0.06548662801881933,mining,0.03540684703713723,Zn concentrate,concentrate_economic,kg
QC-MAIN-e51eda66,Underground mining and beneficiation at LaRonde,"Underground, concentrator",Au–Ag polymetallic,Energy,Light Fuel & Gasoline,8329000.0,MJ,MetalliCan,Au,9.802902790306113,0.8367909639389955,mining,710.9763391247762,Doré,concentrate_economic,kg
QC-MAIN-e51eda66,Underground mining and beneficiation at LaRonde,"Underground, concentrator",Au–Ag polymetallic,Energy,Natural gas,297435000.0,MJ,MetalliCan,Cu,8593.20125,0.09772240804218515,mining,3.3824489372953233,Cu concentrate,concentrate_economic,kg
QC-MAIN-e51eda66,Underground mining and beneficiation at LaRonde,"Underground, concentrator",Au–Ag polymetallic,Energy,Natural gas,297435000.0,MJ,MetalliCan,Zn,15404.877034,0.06548662801881933,mining,1.264405756812452,Zn concentrate,concentrate_economic,kg
QC-MAIN-e51eda66,Underground mining and beneficiation at LaRonde,"Underground, concentrator",Au–Ag polymetallic,Energy,Natural gas,297435000.0,MJ,MetalliCan,Au,9.802902790306113,0.8367909639389955,mining,25389.51223767293,Doré,concentrate_economic,kg
GRP-0a2c0d69,Open-pit and underground mining at Meadowbank complex,"Open-pit, underground",Au–Ag free-milling,Energy,Diesel,3590887000.0,MJ,MetalliCan,Au,17.66760135719143,1.0,mining,203247.0015256691,Doré,concentrate_economic,kg
GRP-0a2c0d69,Open-pit and underground mining at Meadowbank complex,"Open-pit, underground",Au–Ag free-milling,Energy,Electricity consumption|Generated on-site,593954510.4,MJ,MetalliCan,Au,17.66760135719143,1.0,mining,33618.28798328848,Doré,concentrate_economic,kg
GRP-0a2c0d69,Open-pit and underground mining at Meadowbank complex,"Open-pit, underground",Au–Ag free-milling,Energy,Light Fuel & Gasoline,51161000.0,MJ,MetalliCan,Au,17.66760135719143,1.0,mining,2895.7524547708567,Doré,concentrate_economic,kg
GRP-0a2c0d69,Open-pit and underground mining at Meadowbank complex,"Open-pit, underground",Au–Ag free-milling,Energy,Lubricating Oils & Greases,7311000.0,MJ,MetalliCan,Au,17.66760135719143,1.0,mining,413.80829531928094,Doré,concentrate_economic,kg
GRP-0a2c0d69,Open-pit and underground mining at Meadowbank complex,"Open-pit, underground",Au–Ag free-milling,Energy,Propane,235000.0,MJ,MetalliCan,Au,17.66760135719143,1.0,mining,13.301183066616199,Doré,concentrate_economic,kg
BC-MAIN-ed23117f,Open-pit mining and beneficiation at Mount Milligan,"Open-pit, concentrator",Cu Porphyry,Energy,Diesel,929608636.977058,MJ,MetalliCan,Cu,93533.69434666667,1.0,mining,9.938756760014442,Cu concentrate,concentrate_economic,kg
BC-MAIN-ed23117f,Open-pit mining and beneficiation at Mount Milligan,"Open-pit, concentrator",Cu Porphyry,Energy,Electricity consumption|Grid electricity,365541666.6666667,MJ,MetalliCan,Cu,93533.69434666667,1.0,mining,3.908128180117091,Cu concentrate,concentrate_economic,kg
BC-MAIN-ed23117f,Open-pit mining and beneficiation at Mount Milligan,"Open-pit, concentrator",Cu Porphyry,Energy,Electricity consumption|Generated on-site,36282051.28205128,MJ,MetalliCan,Cu,93533.69434666667,1.0,mining,0.3879035414508279,Cu concentrate,concentrate_economic,kg
BC-MAIN-ed23117f,Open-pit mining and beneficiation at Mount Milligan,"Open-pit, concentrator",Cu Porphyry,Energy,Gasoline,21012145.74898786,MJ,MetalliCan,Cu,93533.69434666667,1.0,mining,0.22464787578164003,Cu concentrate,concentrate_economic,kg
BC-MAIN-ed23117f,Open-pit mining and beneficiation at Mount Milligan,"Open-pit, concentrator",Cu Porphyry,Energy,Propane,22737896.49415693,MJ,MetalliCan,Cu,93533.69434666667,1.0,mining,0.2430984540168252,Cu concentrate,concentrate_economic,kg
ON-MAIN-fefeaee4,Underground mining and beneficiation at Musselwhite,"Underground, concentrator",Au–Ag free-milling,Energy,Aviation fuel,27653229.04,MJ,MetalliCan,Au,5.712887755102041,1.0,mining,4840.499275572774,Doré,concentrate_economic,kg
ON-MAIN-fefeaee4,Underground mining and beneficiation at Musselwhite,"Underground, concentrator",Au–Ag free-milling,Energy,Biodiesel,11770370.2287417,MJ,MetalliCan,Au,5.712887755102041,1.0,mining,2060.3188323155605,Doré,concentrate_economic,kg
ON-MAIN-fefeaee4,Underground mining and beneficiation at Musselwhite,"Underground, concentrator",Au–Ag free-milling,Energy,Diesel,308614730.821,MJ,MetalliCan,Au,5.712887755102041,1.0,mining,54020.79369498967,Doré,concentrate_economic,kg
ON-MAIN-fefeaee4,Underground mining and beneficiation at Musselwhite,"Underground, concentrator",Au–Ag free-milling,Energy,Electricity consumption|Generated on-site,3808984.28206273,MJ,MetalliCan,Au,5.712887755102041,1.0,mining,666.7353614047499,Doré,concentrate_economic,kg
ON-MAIN-fefeaee4,Underground mining and beneficiation at Musselwhite,"Underground, concentrator",Au–Ag free-milling,Energy,Electricity consumption|Grid electricity,509889600.0,MJ,MetalliCan,Au,5.712887755102041,1.0,mining,89252.51499027442,Doré,concentrate_economic,kg
ON-MAIN-fefeaee4,Underground mining and beneficiation at Musselwhite,"Underground, concentrator",Au–Ag free-milling,Energy,Gasoline,5437635.0,MJ,MetalliCan,Au,5.712887755102041,1.0,mining,951.8189807149249,Doré,concentrate_economic,kg
ON-MAIN-fefeaee4,Underground mining and beneficiation at Musselwhite,"Underground, concentrator",Au–Ag free-milling,Energy,Propane,229891868.95,MJ,MetalliCan,Au,5.712887755102041,1.0,mining,40240.92172031372,Doré,concentrate_economic,kg
ON-MAIN-fefeaee4,Underground mining and beneficiation at Musselwhite,"Underground, concentrator",Au–Ag free-milling,Energy,Solar,1483200.0,MJ,MetalliCan,Au,5.712887755102041,1.0,mining,259.6235150385005,Doré,concentrate_economic,kg
BC-MAIN-aa76f6f2,Underground mining and beneficiation at New Afton,"Underground, concentrator",Cu Porphyry,Energy,Diesel,170965251.5905,MJ,MetalliCan,Cu,71667.53600000001,1.0,mining,2.3855327130334154,Cu concentrate,concentrate_economic,kg
BC-MAIN-aa76f6f2,Underground mining and beneficiation at New Afton,"Underground, concentrator",Cu Porphyry,Energy,Electricity consumption|Generated on-site,56414676.5,MJ,MetalliCan,Cu,71667.53600000001,1.0,mining,0.7871719839789106,Cu concentrate,concentrate_economic,kg
BC-MAIN-aa76f6f2,Underground mining and beneficiation at New Afton,"Underground, concentrator",Cu Porphyry,Energy,Electricity consumption|Grid electricity,171984823.5,MJ,MetalliCan,Cu,71667.53600000001,1.0,mining,2.399759125247448,Cu concentrate,concentrate_economic,kg
BC-MAIN-aa76f6f2,Underground mining and beneficiation at New Afton,"Underground, concentrator",Cu Porphyry,Energy,Gasoline,3914535.152,MJ,MetalliCan,Cu,71667.53600000001,1.0,mining,0.054620758163082365,Cu concentrate,concentrate_economic,kg
BC-MAIN-aa76f6f2,Underground mining and beneficiation at New Afton,"Underground, concentrator",Cu Porphyry,Energy,Natural gas,59198000.0,MJ,MetalliCan,Cu,71667.53600000001,1.0,mining,0.826008584974932,Cu concentrate,concentrate_economic,kg
BC-MAIN-aa76f6f2,Underground mining and beneficiation at New Afton,"Underground, concentrator",Cu Porphyry,Energy,Propane,710263.5224,MJ,MetalliCan,Cu,71667.53600000001,1.0,mining,0.009910533583853085,Cu concentrate,concentrate_economic,kg
GRP-0d911886,Open-pit and underground mining at Porcupine complex,"Open-pit, underground",Au–Ag free-milling,Energy,Biodiesel,23524436.671511,MJ,MetalliCan,Au,8.251948979591836,1.0,mining,2850.7734027064457,Doré,concentrate_economic,kg
GRP-0d911886,Open-pit and underground mining at Porcupine complex,"Open-pit, underground",Au–Ag free-milling,Energy,Diesel,623021868.616,MJ,MetalliCan,Au,8.251948979591836,1.0,mining,75499.96614821733,Doré,concentrate_economic,kg
GRP-0d911886,Open-pit and underground mining at Porcupine complex,"Open-pit, underground",Au–Ag free-milling,Energy,Electricity consumption|Generated on-site,91025482.2599152,MJ,MetalliCan,Au,8.251948979591836,1.0,mining,11030.785876770844,Doré,concentrate_economic,kg
GRP-0d911886,Open-pit and underground mining at Porcupine complex,"Open-pit, underground",Au–Ag free-milling,Energy,Electricity consumption|Grid electricity,723967200.0,MJ,MetalliCan,Au,8.251948979591836,1.0,mining,87732.8739901891,Doré,concentrate_economic,kg
GRP-0d911886,Open-pit and underground mining at Porcupine complex,"Open-pit, underground",Au–Ag free-milling,Energy,Gasoline,17195846.5,MJ,MetalliCan,Au,8.251948979591836,1.0,mining,2083.852741034586,Doré,concentrate_economic,kg
GRP-0d911886,Open-pit and underground mining at Porcupine complex,"Open-pit, underground",Au–Ag free-milling,Energy,Natural gas,166705000.0,MJ,MetalliCan,Au,8.251948979591836,1.0,mining,20201.89417218691,Doré,concentrate_economic,kg
GRP-0d911886,Open-pit and underground mining at Porcupine complex,"Open-pit, underground",Au–Ag free-milling,Energy,Propane,6336058.0703,MJ,MetalliCan,Au,8.251948979591836,1.0,mining,767.8256477312101,Doré,concentrate_economic,kg
ON-MAIN-0aadf28f,Open-pit and underground mining and beneficiation at Rainy River,"Open-pit, underground, concentrator",Au–Ag free-milling,Energy,Diesel,1521587039.8633,MJ,MetalliCan,Au,8.05342613010203,1.0,mining,188936.61098795262,Doré,concentrate_economic,kg
ON-MAIN-0aadf28f,Open-pit and underground mining and beneficiation at Rainy River,"Open-pit, underground, concentrator",Au–Ag free-milling,Energy,Electricity consumption,2919222000.0,MJ,MetalliCan,Au,8.05342613010203,1.0,mining,362481.9986972446,Doré,concentrate_economic,kg
ON-MAIN-0aadf28f,Open-pit and underground mining and beneficiation at Rainy River,"Open-pit, underground, concentrator",Au–Ag free-milling,Energy,Gasoline,37604891.478,MJ,MetalliCan,Au,8.05342613010203,1.0,mining,4669.427752921299,Doré,concentrate_economic,kg
ON-MAIN-0aadf28f,Open-pit and underground mining and beneficiation at Rainy River,"Open-pit, underground, concentrator",Au–Ag free-milling,Energy,Propane,84441809.056336,MJ,MetalliCan,Au,8.05342613010203,1.0,mining,10485.203153563438,Doré,concentrate_economic,kg
BC-MAIN-8eb8be0d,Open-pit mining and beneficiation at Red Chris,"Open-pit, concentrator",Au–Ag polymetallic,Energy,Acetylene,2000.0,MJ,MetalliCan,Cu,13333.333333333334,0.9179884916984788,mining,0.00013769827375477182,Cu concentrate,concentrate_economic,kg
BC-MAIN-8eb8be0d,Open-pit mining and beneficiation at Red Chris,"Open-pit, concentrator",Au–Ag polymetallic,Energy,Acetylene,2000.0,MJ,MetalliCan,Au,0.15869132653061224,0.08201150830152126,mining,1.0335978669344716,Doré,concentrate_economic,kg
BC-MAIN-8eb8be0d,Open-pit mining and beneficiation at Red Chris,"Open-pit, concentrator",Au–Ag polymetallic,Energy,Aviation fuel,121071915.388,MJ,MetalliCan,Cu,13333.333333333334,0.9179884916984788,mining,8.335696874555698,Cu concentrate,concentrate_economic,kg
BC-MAIN-8eb8be0d,Open-pit mining and beneficiation at Red Chris,"Open-pit, concentrator",Au–Ag polymetallic,Energy,Aviation fuel,121071915.388,MJ,MetalliCan,Au,0.15869132653061224,0.08201150830152126,mining,62569.83674535381,Doré,concentrate_economic,kg
BC-MAIN-8eb8be0d,Open-pit mining and beneficiation at Red Chris,"Open-pit, concentrator",Au–Ag polymetallic,Energy,Diesel,1361713858.312,MJ,MetalliCan,Cu,13333.333333333334,0.9179884916984788,mining,93.75282381875617,Cu concentrate,concentrate_economic,kg
BC-MAIN-8eb8be0d,Open-pit mining and beneficiation at Red Chris,"Open-pit, concentrator",Au–Ag polymetallic,Energy,Diesel,1361713858.312,MJ,MetalliCan,Au,0.15869132653061224,0.08201150830152126,mining,703732.2696631962,Doré,concentrate_economic,kg
BC-MAIN-8eb8be0d,Open-pit mining and beneficiation at Red Chris,"Open-pit, concentrator",Au–Ag polymetallic,Energy,Electricity consumption|Generated on-site,5528566.7,MJ,MetalliCan,Cu,13333.333333333334,0.9179884916984788,mining,0.38063704546405774,Cu concentrate,concentrate_economic,kg
BC-MAIN-8eb8be0d,Open-pit mining and beneficiation at Red Chris,"Open-pit, concentrator",Au–Ag polymetallic,Energy,Electricity consumption|Generated on-site,5528566.7,MJ,MetalliCan,Au,0.15869132653061224,0.08201150830152126,mining,2857.1573741624757,Doré,concentrate_economic,kg
BC-MAIN-8eb8be0d,Open-pit mining and beneficiation at Red Chris,"Open-pit, concentrator",Au–Ag polymetallic,Energy,Electricity consumption|Grid electricity,1274584341.6,MJ,MetalliCan,Cu,13333.333333333334,0.9179884916984788,mining,87.75403179659119,Cu concentrate,concentrate_economic,kg
BC-MAIN-8eb8be0d,Open-pit mining and beneficiation at Red Chris,"Open-pit, concentrator",Au–Ag polymetallic,Energy,Electricity consumption|Grid electricity,1274584341.6,MJ,MetalliCan,Au,0.15869132653061224,0.08201150830152126,mining,658703.8283529188,Doré,concentrate_economic,kg
BC-MAIN-8eb8be0d,Open-pit mining and beneficiation at Red Chris,"Open-pit, concentrator",Au–Ag polymetallic,Energy,Gasoline,25050760.0,MJ,MetalliCan,Cu,13333.333333333334,0.9179884916984788,mining,1.724723204122544,Cu concentrate,concentrate_economic,kg
BC-MAIN-8eb8be0d,Open-pit mining and beneficiation at Red Chris,"Open-pit, concentrator",Au–Ag polymetallic,Energy,Gasoline,25050760.0,MJ,MetalliCan,Au,0.15869132653061224,0.08201150830152126,mining,12946.20605054369,Doré,concentrate_economic,kg
BC-MAIN-8eb8be0d,Open-pit mining and beneficiation at Red Chris,"Open-pit, concentrator",Au–Ag polymetallic,Energy,Propane,80313185.80000001,MJ,MetalliCan,Cu,13333.333333333334,0.9179884916984788,mining,5.529493522203127,Cu concentrate,concentrate_economic,kg
BC-MAIN-8eb8be0d,Open-pit mining and beneficiation at Red Chris,"Open-pit, concentrator",Au–Ag polymetallic,Energy,Propane,80313185.80000001,MJ,MetalliCan,Au,0.15869132653061224,0.08201150830152126,mining,41505.768764795954,Doré,concentrate_economic,kg
GRP-14bfbb82,Underground mining and beneficiation at Seabee Gold Operation,"Underground, concentrator",Au–Ag free-milling,Energy,Diesel,131655000.0,MJ,MetalliCan,Au,1.2300799484693878,1.0,mining,107029.62857318409,Doré,concentrate_economic,kg
GRP-14bfbb82,Underground mining and beneficiation at Seabee Gold Operation,"Underground, concentrator",Au–Ag free-milling,Energy,Electricity consumption|Generated on-site,1629990.0,MJ,MetalliCan,Au,1.2300799484693878,1.0,mining,1325.1089915157368,Doré,concentrate_economic,kg
GRP-14bfbb82,Underground mining and beneficiation at Seabee Gold Operation,"Underground, concentrator",Au–Ag free-milling,Energy,Electricity consumption|Grid electricity,193225046.4,MJ,MetalliCan,Au,1.2300799484693878,1.0,mining,157083.32343798762,Doré,concentrate_economic,kg
GRP-14bfbb82,Underground mining and beneficiation at Seabee Gold Operation,"Underground, concentrator",Au–Ag free-milling,Energy,Diesel,10277000.0,MJ,MetalliCan,Au,1.2300799484693878,1.0,mining,8354.741505044341,Doré,concentrate_economic,kg
GRP-14bfbb82,Underground mining and beneficiation at Seabee Gold Operation,"Underground, concentrator",Au–Ag free-milling,Energy,Propane,40177000.0,MJ,MetalliCan,Au,1.2300799484693878,1.0,mining,32662.10464611915,Doré,concentrate_economic,kg
GRP-a13779f8,Underground mining and beneficiation at Snow Lake,"Underground, concentrator",Au–Ag polymetallic,Energy,Diesel,387200000.0,MJ,MetalliCan,Cu,40513.333333333336,0.12903991169620735,mining,1.2332792613651016,Cu concentrate,concentrate_economic,kg
GRP-a13779f8,Underground mining and beneficiation at Snow Lake,"Underground, concentrator",Au–Ag polymetallic,Energy,Diesel,387200000.0,MJ,MetalliCan,Zn,69284.0,0.08249245877008354,mining,0.4610166854652784,Zn concentrate,concentrate_economic,kg
GRP-a13779f8,Underground mining and beneficiation at Snow Lake,"Underground, concentrator",Au–Ag polymetallic,Energy,Diesel,387200000.0,MJ,MetalliCan,Au,32.97878714387755,0.7884676295337092,mining,9257.304242983042,Doré,concentrate_economic,kg
GRP-a13779f8,Underground mining and beneficiation at Snow Lake,"Underground, concentrator",Au–Ag polymetallic,Energy,Electricity consumption,764000000.0,MJ,MetalliCan,Cu,40513.333333333336,0.12903991169620735,mining,2.4334332533133716,Cu concentrate,concentrate_economic,kg
GRP-a13779f8,Underground mining and beneficiation at Snow Lake,"Underground, concentrator",Au–Ag polymetallic,Energy,Electricity consumption,764000000.0,MJ,MetalliCan,Zn,69284.0,0.08249245877008354,mining,0.9096506913622745,Zn concentrate,concentrate_economic,kg
GRP-a13779f8,Underground mining and beneficiation at Snow Lake,"Underground, concentrator",Au–Ag polymetallic,Energy,Electricity consumption,764000000.0,MJ,MetalliCan,Au,32.97878714387755,0.7884676295337092,mining,18265.961884398355,Doré,concentrate_economic,kg
GRP-a13779f8,Underground mining and beneficiation at Snow Lake,"Underground, concentrator",Au–Ag polymetallic,Energy,Gasoline,1760000.0,MJ,MetalliCan,Cu,40513.333333333336,0.12903991169620735,mining,0.005605814824386825,Cu concentrate,concentrate_economic,kg
GRP-a13779f8,Underground mining and beneficiation at Snow Lake,"Underground, concentrator",Au–Ag polymetallic,Energy,Gasoline,1760000.0,MJ,MetalliCan,Zn,69284.0,0.08249245877008354,mining,0.0020955303884785384,Zn concentrate,concentrate_economic,kg
GRP-a13779f8,Underground mining and beneficiation at Snow Lake,"Underground, concentrator",Au–Ag polymetallic,Energy,Gasoline,1760000.0,MJ,MetalliCan,Au,32.97878714387755,0.7884676295337092,mining,42.07865564992292,Doré,concentrate_economic,kg
GRP-a13779f8,Underground mining and beneficiation at Snow Lake,"Underground, concentrator",Au–Ag polymetallic,Energy,Propane,48400000.0,MJ,MetalliCan,Cu,40513.333333333336,0.12903991169620735,mining,0.1541599076706377,Cu concentrate,concentrate_economic,kg
GRP-a13779f8,Underground mining and beneficiation at Snow Lake,"Underground, concentrator",Au–Ag polymetallic,Energy,Propane,48400000.0,MJ,MetalliCan,Zn,69284.0,0.08249245877008354,mining,0.0576270856831598,Zn concentrate,concentrate_economic,kg
GRP-a13779f8,Underground mining and beneficiation at Snow Lake,"Underground, concentrator",Au–Ag polymetallic,Energy,Propane,48400000.0,MJ,MetalliCan,Au,32.97878714387755,0.7884676295337092,mining,1157.1630303728803,Doré,concentrate_economic,kg
GRP-147b3123,Underground mining and beneficiation at Timmins Operation,"Underground, concentrator",Au–Ag free-milling,Energy,Diesel,384285800.0,MJ,MetalliCan,Au,4.218015459183674,1.0,mining,91105.83015131293,Doré,concentrate_economic,kg
GRP-147b3123,Underground mining and beneficiation at Timmins Operation,"Underground, concentrator",Au–Ag free-milling,Energy,Electricity consumption|Grid electricity,738226800.0,MJ,MetalliCan,Au,4.218015459183674,1.0,mining,175017.56623311937,Doré,concentrate_economic,kg
GRP-147b3123,Underground mining and beneficiation at Timmins Operation,"Underground, concentrator",Au–Ag free-milling,Energy,Gasoline,2946100.0,MJ,MetalliCan,Au,4.218015459183674,1.0,mining,698.4564254229093,Doré,concentrate_economic,kg
GRP-147b3123,Underground mining and beneficiation at Timmins Operation,"Underground, concentrator",Au–Ag free-milling,Energy,Natural gas,159325598.85,MJ,MetalliCan,Au,4.218015459183674,1.0,mining,37772.64459832843,Doré,concentrate_economic,kg
QC-MAIN-02884fb5,Underground mining and beneficiation at Westwood-Doyon,"Underground, concentrator",Au–Ag free-milling,Energy,Diesel,206946000.0,MJ,MetalliCan,Au,4.118166876530612,1.0,mining,50251.97040444936,Doré,concentrate_economic,kg
QC-MAIN-02884fb5,Underground mining and beneficiation at Westwood-Doyon,"Underground, concentrator",Au–Ag free-milling,Energy,Electricity consumption|Grid electricity,525946699.9999999,MJ,MetalliCan,Au,4.118166876530612,1.0,mining,127713.79008397265,Doré,concentrate_economic,kg
QC-MAIN-02884fb5,Underground mining and beneficiation at Westwood-Doyon,"Underground, concentrator",Au–Ag free-milling,Energy,Gasoline,3350800.0,MJ,MetalliCan,Au,4.118166876530612,1.0,mining,813.6629962948253,Doré,concentrate_economic,kg
QC-MAIN-02884fb5,Underground mining and beneficiation at Westwood-Doyon,"Underground, concentrator",Au–Ag free-milling,Energy,Natural gas,63958300.0,MJ,MetalliCan,Au,4.118166876530612,1.0,mining,15530.769373261111,Doré,concentrate_economic,kg
QC-MAIN-02884fb5,Underground mining and beneficiation at Westwood-Doyon,"Underground, concentrator",Au–Ag free-milling,Energy,Propane,33000.0,MJ,MetalliCan,Au,4.118166876530612,1.0,mining,8.013274106998102,Doré,concentrate_economic,kg
