﻿"Cube Title","Product Id","CANSIM Id",URL,"Cube Notes","Archive Status",Frequency,"Start Reference Period","End Reference Period","Total number of dimensions"
"Production and shipments of metallic minerals, monthly","16100019",,"https://www150.statcan.gc.ca/t1/tbl1/en/tv.action?pid=1610001901",2;3,"CURRENT - a cube available to the public and that is current","Monthly","2020-01-01","2025-04-01","3",

"Dimension ID","Dimension name","Dimension Notes","Dimension Definitions"
"1","Geography",,""
"2","Products",,""
"3","Variables",,""

"Dimension ID","Member Name","Classification Code","Member ID","Parent Member ID",Terminated,"Member Notes","Member Definitions"
"1","Atlantic region","[1]","2","1","",,
"1","Quebec","[24]","7","1","",,
"1","Ontario","[35]","8","1","",,
"1","Prairies region","[4]","9","1","",,
"1","British Columbia","[59]","13","1","",,
"1","Yukon","[60]","14","1","",,
"1","Northwest Territories","[61]","15","1","",,
"1","Nunavut","[62]","16","1","",,
"1","Newfoundland and Labrador","[10]","3","2","",,
"1","Prince Edward Island","[11]","4","2","",,
"1","Nova Scotia","[12]","5","2","",,
"1","New Brunswick","[13]","6","2","",,
"1","Manitoba","[46]","10","9","",,
"1","Saskatchewan","[47]","11","9","",,
"1","Alberta","[48]","12","9","",,
"1","Canada","[11124]","1","","",,
"2","Iridium, recoverable (grams)","","23","103","",,
"2","Palladium, recoverable (grams)","","55","103","",,
"2","Platinum, recoverable (grams)","","57","103","",,
"2","Rhodium, recoverable (grams)","","59","103","",,
"2","Ruthenium, recoverable (grams)","","61","103","",,
"2","Iridium, recoverable (dollars)","","24","104","",,
"2","Palladium, recoverable (dollars)","","56","104","",,
"2","Platinum, recoverable (dollars)","","58","104","",,
"2","Rhodium, recoverable (dollars)","","60","104","",,
"2","Ruthenium, recoverable (dollars)","","62","104","",,
"2","Iridium, refined (grams)","","106","105","",7,
"2","Palladium, refined (grams)","","107","105","",7,
"2","Platinum, refined (grams)","","108","105","",7,
"2","Rhodium, refined (grams)","","109","105","",7,
"2","Ruthenium, refined (grams)","","110","105","",7,
"2","Iridium, refined (dollars)","","112","111","",7,
"2","Palladium, refined (dollars)","","113","111","",7,
"2","Platinum, refined (dollars)","","114","111","",7,
"2","Rhodium, refined (dollars)","","115","111","",7,
"2","Ruthenium, refined (dollars)","","116","111","",7,
"2","Aluminum (tonnes)","","1","","",,
"2","Aluminum, molten metal (tonnes)","","2","","",,
"2","Aluminum, alloys (tonnes)","","3","","",,
"2","Cobalt recoverable (kilograms)","","4","","",,
"2","Cobalt recoverable (dollars)","","5","","",,
"2","Cobalt, refined (kilograms)","","6","","",,
"2","Copper, concentrates (kilograms)","","7","","",,
"2","Copper, concentrates (dollars)","","8","","",,
"2","Copper, recoverable (kilograms)","","9","","",,
"2","Copper, recoverable (dollars)","","10","","",,
"2","Copper, refined (kilograms)","","11","","",,
"2","Gold and silver bullion, crude and dore (kilograms)","","12","","",1,
"2","Gold and silver bullion, crude and dore (dollars)","","13","","",1,
"2","Gold, concentrates (kilograms)","","14","","",,
"2","Gold, concentrates (dollars)","","15","","",,
"2","Gold, recoverable (kilograms)","","16","","",1,
"2","Gold, recoverable (dollars)","","17","","",1,
"2","Ilmenite, concentrates (tonnes)","","18","","",,
"2","Ilmenite, concentrates (dollars)","","19","","",,
"2","Ilmenite, recoverable (tonnes)","","20","","",,
"2","Ilmenite, recoverable (dollars)","","21","","",,
"2","Indium, refined (grams)","","22","","",,
"2","Iron, agglomerates (tonnes)","","25","","",,
"2","Iron, agglomerates (dollars)","","26","","",,
"2","Iron, concentrates (tonnes)","","27","","",,
"2","Iron, concentrates (dollars)","","28","","",,
"2","Iron, remelt (tonnes)","","29","","",,
"2","Iron, remelt (dollars)","","30","","",,
"2","Lead, concentrates (kilograms)","","31","","",,
"2","Lead, concentrates (dollars)","","32","","",,
"2","Lead, recoverable (kilograms)","","33","","",,
"2","Lead, recoverable (dollars)","","34","","",,
"2","Lead, refined from primary (kilograms)","","35","","",,
"2","Lead, refined from secondary (kilograms)","","36","","",,
"2","Lithium, recoverable (kilograms)","","37","","",,
"2","Lithium, recoverable (dollars)","","38","","",,
"2","Molybdenum, concentrates (kilograms)","","39","","",,
"2","Molybdenum, concentrates (dollars)","","40","","",,
"2","Molybdenum, recoverable (kilograms)","","41","","",,
"2","Molybdenum, recoverable (dollars)","","42","","",,
"2","Nickel, concentrates (kilograms)","","43","","",,
"2","Nickel, concentrates (dollars)","","44","","",,
"2","Nickel, recoverable (kilograms)","","45","","",,
"2","Nickel, recoverable (dollars)","","46","","",,
"2","Nickel, refined (kilograms)","","47","","",,
"2","Niobium, concentrates (kilograms)","","49","","",,
"2","Niobium, concentrates (dollars)","","50","","",,
"2","Niobium, recoverable (kilograms)","","51","","",,
"2","Niobium, recoverable (dollars)","","52","","",,
"2","Palladium, concentrates (grams)","","53","","",,
"2","Palladium, concentrates (dollars)","","54","","",,
"2","Selenium, refined (kilograms)","","63","","",,
"2","Silver, concentrates (kilograms)","","64","","",,
"2","Silver, concentrates (dollars)","","65","","",,
"2","Silver, recoverable (kilograms)","","66","","",,
"2","Silver, recoverable (dollars)","","67","","",,
"2","Silver, refined (kilograms)","","68","","",,
"2","Spodumene, concentrates (kilograms)","","69","","",,
"2","Spodumene, concentrates (dollars)","","70","","",,
"2","Sulphuric acid, smelter (tonnes)","","71","","t",,
"2","Tantalum (kilograms)","","72","","",,
"2","Tantalum (dollars)","","73","","",,
"2","Tellurium, refined (kilograms)","","74","","",,
"2","Titanium dioxide (tonnes)","","75","","",,
"2","Titanium dioxide (dollars)","","76","","",,
"2","Uranium, concentrates (kilograms)","","77","","",,
"2","Uranium, concentrates (dollars)","","78","","",,
"2","Uranium, recoverable (kilograms)","","79","","",,
"2","Uranium, recoverable (dollars)","","80","","",,
"2","Zeolite, concentrates (tonnes)","","81","","",,
"2","Zeolite, concentrates (dollars)","","82","","",,
"2","Zinc, concentrates (kilograms)","","83","","",,
"2","Zinc, concentrates (dollars)","","84","","",,
"2","Zinc, recoverable (kilograms)","","85","","",,
"2","Zinc, recoverable (dollars)","","86","","",,
"2","Zinc, refined (kilograms)","","87","","",,
"2","Aluminum (dollars)","","88","","",6,
"2","Bismuth, refined (kilograms)","","91","","",7,
"2","Bismuth, refined (dollars)","","92","","",7,
"2","Cadmium, refined (kilograms)","","93","","",7,
"2","Cadmium, refined (dollars)","","94","","",7,
"2","Cobalt, refined (dollars)","","95","","",6,
"2","Copper, refined (dollars)","","96","","",6,
"2","Germanium, refined (kilograms)","","97","","",7,
"2","Germanium, refined (dollars)","","98","","",7,
"2","Indium, refined (dollars)","","99","","",6,
"2","Lead, refined from primary (dollars)","","100","","",,
"2","Lead, refined from secondary (dollars)","","101","","",,
"2","Nickel, refined (dollars)","","102","","",6,
"2","Platinum group, recoverable (grams)","","103","","",,
"2","Platinum group, recoverable (dollars)","","104","","",,
"2","Platinum group, refined (grams)","","105","","",7,
"2","Platinum group, refined (dollars)","","111","","",7,
"2","Selenium, refined (dollars)","","117","","",6,
"2","Silver, refined (dollars)","","118","","",6,
"2","Tellurium, refined (dollars)","","119","","",6,
"2","Zinc, refined (dollars)","","120","","",6,
"3","Quantity produced","","1","","",,
"3","Quantity shipped","","2","","",,
"3","Closing inventories","","3","","",,
"3","Value of shipments","","4","","",,

Symbol Legend
Description,Symbol
"not available for a specific reference period","..",
"less than the limit of detection","<LOD",
"value rounded to 0 (zero) where there is a meaningful distinction between true zero and the value that was rounded","0s",
"data quality: excellent","A",
"data quality: very good","B",
"data quality: good","C",
"data quality: acceptable","D",
"use with caution","E",
"too unreliable to be published","F",
"not applicable","...",
"preliminary","p",
"revised","r",
"suppressed to meet the confidentiality requirements of the Statistics Act","x",
"terminated","t",

"Survey Code","Survey Name"
"5247","Monthly Mineral Production Survey"

"Subject Code","Subject Name"
"16","Manufacturing"

"Note ID",Note
1,"Estimates for placer gold are not included in the monthly gold production data. Placer gold entities will be collected as part of the Annual Mineral Production Survey."
2,"Data for Quebec is collected by the Institut de la statistique du Québec (ISQ). Therefore, in some cases data is not available for Quebec, and Quebec’s estimates may not be directly comparable to data published for the rest of Canada. Statistics Canada is working with the ISQ to harmonize the survey content, so that respondents operating in Quebec will eventually answer the same monthly questionnaire being distributed to the rest of the provinces and territories."
3,"The sum may not add up to the total due to rounding."
6,"The value for refined metals was added in January 2021.
"
7,"The following refined commodities were added to the table in January 2021: bismuth, cadmium, germanium, iridium, palladium, platinum, rhodium and ruthenium.
"

"Correction ID","Correction Date","Correction Note"
"2317","2021-04-01","On April 1, 2021, data on refined copper, lead, nickel and zinc quantity produced, shipped and in closing inventories were corrected to align with the new unit of measurement in kilograms (formerly tonnes), for the reference months of January to October 2020.",

