﻿"Cube Title","Product Id","CANSIM Id",URL,"Cube Notes","Archive Status",Frequency,"Start Reference Period","End Reference Period","Total number of dimensions"
"Mining industries, energy consumption by North American Industry Classification System (NAICS) and by province","16100030",,"https://www150.statcan.gc.ca/t1/tbl1/en/tv.action?pid=1610003001",1;3;4;7,"CURRENT - a cube available to the public and that is current","Annual","2019-01-01","2023-01-01","3",

"Dimension ID","Dimension name","Dimension Notes","Dimension Definitions"
"1","Geography",,""
"2","North American Industry Classification System (NAICS)",,""
"3","Energy types",,""

"Dimension ID","Member Name","Classification Code","Member ID","Parent Member ID",Terminated,"Member Notes","Member Definitions"
"1","Atlantic Region","[1]","2","1","",7,
"1","Quebec","[24]","7","1","",4,
"1","Ontario","[35]","8","1","",,
"1","Prairie Region","[4]","9","1","",7,
"1","British Columbia","[59]","13","1","",,
"1","Northern Territories","[6]","14","1","",7,
"1","Newfoundland and Labrador","[10]","3","2","",,
"1","Prince Edward Island","[11]","4","2","",,
"1","Nova Scotia","[12]","5","2","",,
"1","New Brunswick","[13]","6","2","",,
"1","Manitoba","[46]","10","9","",,
"1","Saskatchewan","[47]","11","9","",,
"1","Alberta","[48]","12","9","",,
"1","Yukon","[60]","15","14","",,
"1","Northwest Territories","[61]","16","14","",,
"1","Nunavut","[62]","17","14","",,
"1","Canada","[11124]","1","","",,
"2","Metal ore mining","[2122]","1","","",,
"2","Non-metallic mineral mining (excluding aggregates, clay and refractory mineral mining and quarrying)","[2123]","11","","",,
"2","Aggregates, clay and refractory mineral mining and quarrying (excluding non-metallic mineral mining)","[2123]","19","","",,
"3","Coal, quantity purchased (tonnes)","","2","1","",,
"3","Coal, expenses (thousands of dollars)","","3","1","",,
"3","Petroleum coke, quantity purchased (tonnes)","","4","1","",,
"3","Petroleum coke, expenses (thousands of dollars)","","5","1","",,
"3","Coke, quantity purchased (tonnes)","","6","1","",,
"3","Coke, expenses (thousands of dollars)","","7","1","",,
"3","Natural gas, quantity purchased (cubic metres)","","8","1","",,
"3","Natural gas, expenses (thousands of dollars)","","9","1","",,
"3","Gasoline - aviation, quantity purchased (litres)","","10","1","",,
"3","Gasoline - aviation, expenses (thousands of dollars)","","11","1","",,
"3","Gasoline - motor, quantity purchased (litres)","","12","1","",,
"3","Gasoline - motor, expenses (thousands of dollars)","","13","1","",,
"3","Kerosene, quantity purchased (litres)","","14","1","",,
"3","Kerosene, expenses (thousands of dollars)","","15","1","",,
"3","Diesel fuel, quantity purchased (litres)","","16","1","",,
"3","Diesel fuel, expenses (thousands of dollars)","","17","1","",,
"3","Light Fuel Oil, quantity purchased (litres)","","18","1","",,
"3","Light Fuel Oil, expenses (thousands of dollars)","","19","1","",,
"3","Heavy Fuel Oil, quantity purchased (litres)","","20","1","",,
"3","Heavy Fuel Oil, expenses (thousands of dollars)","","21","1","",,
"3","Propane, quantity purchased (litres)","","22","1","",,
"3","Propane, expenses (thousands of dollars)","","23","1","",,
"3","Butane, quantity purchased (litres)","","24","1","",,
"3","Butane, expenses (thousands of dollars)","","25","1","",,
"3","Electricity, quantity purchased (kilowatt-hour)","","26","1","",,
"3","Electricity, expenses (thousands of dollars)","","27","1","",,
"3","Steam, quantity purchased (gigajoules)","","28","1","",,
"3","Steam, expenses (thousands of dollars)","","29","1","",,
"3","Wood, quantity purchased (metric tonnes)","","30","1","",,
"3","Wood, expenses (thousands of dollars)","","31","1","",,
"3","Water, quantity purchased (litres)","","32","1","",,
"3","Water, expenses (thousands of dollars)","","33","1","",,
"3","Other, expenses (thousands of dollars)","","34","1","",,
"3","Total, energy expenses (thousands of dollars)","","1","","",,

Symbol Legend
Description,Symbol
"not available for a specific reference period","..",
"less than the limit of detection","<LOD",
"value rounded to 0 (zero) where there is a meaningful distinction between true zero and the value that was rounded","0s",
"data quality: excellent","A",
"data quality: very good","B",
"data quality: good","C",
"data quality: acceptable","D",
"use with caution","E",
"too unreliable to be published","F",
"not applicable","...",
"preliminary","p",
"revised","r",
"suppressed to meet the confidentiality requirements of the Statistics Act","x",
"terminated","t",

"Survey Code","Survey Name"
"5246","Annual Mineral Production Survey"

"Subject Code","Subject Name"
"16","Manufacturing"

"Note ID",Note
1,"The data are classified by industry based on the North American Industry Classification System (NAICS) Canada 2022 Version 1.0."
3,"The sum may not add up to the total due to rounding."
4,"The Institut de la Statistique du Québec is responsible for the collection and processing of mineral production data from Quebec respondents on an annual basis."
7,"Beginning with reference year 2019, the details for all energy types at the regional level are no longer available."

"Correction ID","Correction Date","Correction Note"
