gid,value
1,Al
2,barite
3,Be
3,Nb
3,Sn
4,Cr
5,Cu
6,Cu
6,Mo
6,Au
7,emerald
8,Au
9,Fe
10,kunzite
11,"lapis lazuli"
12,Li
12,Ta
13,magnesite
13,talc
14,REE
14,P
15,ruby
16,tourmaline
17,Al
18,Al
19,Al
20,Al
21,barite
22,clay
22,bentonite
23,clay
23,bentonite
24,clay
24,kaolinite
25,clay
25,kaolinite
26,Cu
27,Cu
27,Au
28,Cu
28,Au
29,Cu
29,Mo
30,Cu
30,U
30,Pb
31,Cu
31,Zn
31,Pb
31,Ag
32,diamond
33,diamond
34,Au
35,Au
36,salt
36,gypsum
37,Fe
38,Fe
39,Fe
40,Fe
41,Fe
42,Pb
42,Zn
42,Ag
43,Pb
43,Zn
43,Ag
44,Li
45,magnesite
46,Ni
46,Cu
47,Ni
47,Cu
48,Ni
48,Cu
49,Ni
49,Cu
49,Co
50,opal
51,P
52,P
53,P
54,REE
54,P
55,"silica sand"
56,talc
56,asbestos
57,Ti
57,Zr
57,REE
58,Ti
58,Zr
58,REE
59,Ti
59,Zr
59,REE
60,Ti
60,Zr
60,REE
61,Ti
61,Zr
61,REE
62,Ti
62,Zr
62,REE
63,Ti
63,Zr
63,REE
64,Ti
64,Zr
64,REE
65,Ti
65,Zr
65,REE
66,Ti
66,Zr
66,REE
67,Ti
67,Zr
67,REE
68,U
68,Au
69,Zn
69,Cu
69,Pb
69,S
70,Zn
70,Pb
71,Zn
71,Pb
71,Ag
72,Zn
72,Pb
72,Ag
73,Zn
73,Pb
73,Ag
74,Ti
74,Zr
74,REE
75,graphite
76,gypsum
77,Cu
77,Ag
77,Au
78,jade
79,jade
80,jade
81,Pb
81,Zn
81,Ni
81,Co
82,Ni
82,Cu
82,Co
83,Sn
84,Al
85,corundum
86,Fe
87,sapphire
88,zircon
89,Al
90,Al
91,Al
92,Al
93,Al
94,Al
95,Al
96,Al
97,barite
98,barite
99,barite
100,barite
101,Be
101,Ta
102,B
103,B
103,Li
103,K
104,clay
104,bentonite
105,clay
105,bentonite
106,clay
106,bentonite
107,clay
107,bentonite
108,clay
108,bentonite
109,clay
109,bentonite
110,clay
110,kaolinite
111,clay
111,kaolinite
112,coal
112,clay
113,Cu
114,Cu
115,Cu
116,Cu
117,Cu
118,Cu
119,Cu
120,Cu
121,Cu
122,Cu
123,Cu
124,Cu
125,Cu
126,Cu
126,Au
126,Ag
127,Cu
127,Au
127,Ag
128,Cu
128,Pb
128,Zn
129,Cu
129,Pb
129,Zn
129,Ag
130,Cu
130,Pb
130,Zn
130,Ag
131,Cu
131,Mo
132,Cu
132,Mo
133,Cu
133,Mo
134,Cu
134,Mo
135,Cu
135,Mo
136,Cu
136,Mo
136,Au
137,Cu
137,Mo
137,Au
138,Cu
138,Mo
138,Au
139,Cu
139,Mo
139,Au
140,Cu
140,Ni
141,Cu
141,Ag
141,Au
142,Cu
142,Ag
142,Au
143,diamond
144,Au
145,Au
146,Au
147,Au
148,Au
149,Au
150,Au
151,Au
152,Au
153,Au
154,Au
155,Au
156,Au
157,Au
157,Sb
158,Au
158,As
158,Hg
159,Au
159,Cu
159,Pb
160,Au
160,Cu
160,Pb
161,Au
161,Hg
162,Au
162,Hg
163,Au
163,Hg
164,Au
164,Ag
165,Au
165,Ag
166,Au
166,W
167,Au
167,U
168,graphite
169,graphite
170,salt
171,salt
172,Fe
173,Fe
174,Fe
175,Fe
176,Fe
177,Fe
178,Fe
179,Fe
180,Fe
181,Fe
182,Fe
183,Fe
184,Fe
185,Fe
186,Fe
187,Fe
188,Fe
189,Fe
190,Fe
191,Fe
192,Fe
192,Ta
192,V
193,Fe
193,W
194,Fe
194,Zn
194,Cd
195,Pb
195,Zn
196,Pb
196,Zn
197,Pb
197,Zn
198,Pb
198,Zn
199,Pb
199,Zn
200,Pb
200,Zn
201,Pb
201,Zn
201,Ag
202,Pb
202,Zn
202,Ag
202,Sr
203,Pb
203,Zn
203,Sn
204,magnesite
205,magnesite
206,magnesite
207,magnesite
208,magnesite
209,Mo
210,Ni
210,Cu
211,perlite
212,P
213,P
214,P
215,P
216,P
217,potash
218,potash
219,potash
220,REE
220,Fe
221,"silica sand"
222,sillimanite
223,Ag
223,Au
223,Pb
224,talc
224,asbestos
225,talc
225,asbestos
226,talc
226,asbestos
227,talc
227,asbestos
228,Sn
229,Sn
230,Sn
231,Sn
232,Sn
233,Ti
233,V
233,Fe
234,W
235,W
236,W
237,W
238,W
239,W
240,wollastonite
241,wollastonite
242,Zn
243,Zn
243,Cu
244,Zn
244,Pb
244,Cu
245,Cu
245,Au
245,Mo
246,Au
247,Al
248,Al
249,Al
250,Al
251,Al
252,barite
253,Cr
254,Cu
255,Cu
256,Cu
256,Ag
256,Au
257,diamond
258,fluorite
258,P
259,Au
260,Fe
261,Fe
262,Fe
263,Fe
264,Fe
265,Fe
266,Fe
267,Pb
268,Mn
269,Ni
269,Cu
269,Co
270,Ni
270,Cu
270,Co
271,REE
271,Sn
272,Ti
272,Zr
272,REE
273,Ti
273,Zr
273,REE
274,Ti
274,Zr
274,REE
275,Ti
275,Zr
275,REE
276,Ti
276,Zr
276,REE
277,wollastonite
278,Zn
278,Pb
279,Zn
279,Pb
280,Zn
280,Pb
281,Al
282,Cu
282,Au
283,Cu
283,Mo
284,Cu
284,Ag
284,Au
285,Cu
285,Ag
285,Au
286,Au
287,Ni
287,Cu
287,Co
288,Ni
288,Cu
288,Co
289,Ni
289,Cu
289,Co
290,Ni
290,Cu
290,Co
291,Cu
292,Cu
293,Cu
294,Cu
294,Au
294,Ag
295,Cu
295,Pb
295,Zn
296,Cu
296,Zn
296,Pb
296,Ag
297,Au
298,Au
298,Ag
299,Au
299,Ag
300,Au
300,Ag
301,Au
301,Ag
302,Au
302,Ag
303,Au
303,Ag
304,Fe
304,Cu
305,Pb
305,Zn
305,Ag
306,Mn
306,Zn
306,Pb
307,Hg
308,Hg
309,Ag
309,Au
310,Ag
310,Au
310,Cu
311,Ag
311,Au
311,Pb
312,Zn
312,Cu
312,Pb
312,Ag
313,Zn
313,Cu
313,Pb
313,Ag
314,Zn
314,Cu
314,Pb
314,Ag
315,Zn
315,Pb
315,Cu
316,Zn
316,Pb
316,Cu
317,Zn
317,Pb
317,Cu
317,Ag
318,Zn
318,Pb
318,Ag
319,Zn
319,Pb
319,Ag
320,Fe
321,Fe
322,Fe
323,Fe
323,Mo
324,Fe
324,Sr
325,pyrophyllite
326,U
327,Al
328,gypsum
328,salt
328,K
329,Fe
330,Fe
331,potash
332,sapphire
333,Sn
334,Cu
334,Ag
334,Au
335,Sn
336,Sn
337,Sn
338,Al
339,Al
340,Cu
341,Cu
342,Cu
343,Cu
343,Au
344,Cu
344,Mo
345,Cu
345,Mo
346,Cu
346,Mo
347,Cu
347,Mo
348,fluorite
349,fluorite
350,fluorite
351,fluorite
352,fluorite
353,Au
354,Au
355,Au
356,Au
357,Au
357,Ag
357,Pb
358,gypsum
359,salt
360,salt
361,Fe
362,Fe
363,Mn
364,Mn
365,Mo
366,Nb
366,Zr
367,P
368,P
369,P
370,P
371,P
372,REE
373,REE
374,REE
375,Ag
376,Ag
376,Sb
377,Ag
377,Sb
378,Ag
378,Au
378,Pb
379,Ta
380,W
380,Mo
381,W
381,Mo
382,U
383,V
384,zeolite
385,zeolite
386,Zn
386,Pb
386,Ag
387,Zn
387,Pb
387,Sn
387,Ag
388,Zr
388,Ta
388,REE
389,magnesite
389,talc
390,Ni
390,Cu
390,Co
391,Ni
391,Cu
391,Co
392,Ni
392,Cu
392,Co
393,Ni
393,Cu
393,Co
394,Au
395,Au
396,Au
396,W
397,Fe
397,Ta
398,magnesite
399,"silica sand"
400,Ti
400,Zr
400,REE
401,Ti
401,Zr
401,REE
402,barite
402,Pb
402,Zn
403,Cr
404,Cr
405,Cr
405,Pt
406,Cu
406,Au
407,Cu
407,Au
407,Mo
408,Cu
408,Au
408,Mo
409,emerald
410,salt
411,salt
412,salt
412,K
413,salt
413,K
414,Fe
415,Pb
415,Zn
415,barite
416,P
417,ruby
417,spinel
417,sapphire
418,Zn
418,Pb
418,Ag
419,Cu
419,Mo
420,Cu
420,Mo
420,Au
421,Cu
421,Ag
421,Au
422,Cu
422,Ag
422,Au
423,Au
423,Ag
424,Cr
425,Cr
426,Cu
426,Au
427,Cu
427,Au
428,Cu
428,Ag
428,Au
429,Cu
429,Ag
429,Au
430,Cu
430,Ag
430,Au
431,Cu
431,Ag
431,Au
432,Cu
432,Ag
432,Au
433,Cu
433,Ag
433,Au
434,Cu
434,Ag
434,Au
435,Cu
435,Ag
435,Au
436,Cu
436,Ag
436,Au
437,Cu
437,Ag
437,Au
438,Cu
438,S
439,Au
439,Cu
440,Au
440,Ag
441,Ni
441,Cu
441,Co
442,Ni
442,Cu
442,Co
443,gem
444,gem
445,gem
446,P
447,Ti
447,Zr
447,REE
448,salt
448,K
449,salt
449,K
450,salt
450,K
451,salt
451,K
452,potash
453,sapphire
454,Sn
455,Sn
456,Sn
457,Sn
458,Zn
459,Cu
459,Au
460,Fe
461,P
462,K
462,gypsum
462,salt
463,REE
464,Ti
464,Zr
464,REE
465,Ti
465,Zr
465,REE
466,Ti
466,Zr
466,REE
467,Ti
467,Zr
467,REE
468,Be
469,Cu
470,Cu
471,Cu
472,Cu
473,Cu
474,Cu
475,Cu
476,Cu
477,Cu
478,Cu
479,Cu
480,Cu
481,Cu
482,Cu
483,Cu
484,Cu
485,Cu
486,Cu
487,Cu
488,Cu
489,Cu
490,Cu
490,Co
491,Cu
491,Co
492,Cu
492,Co
493,Cu
493,Au
494,Cu
494,Au
495,Cu
495,Au
496,Cu
496,Au
497,Cu
497,Au
498,Cu
498,Au
499,Cu
499,Au
500,Cu
500,Mo
500,Ag
500,Au
501,Cu
501,Mo
501,Ag
501,Au
502,Cu
502,Mo
502,Ag
502,Au
503,Cu
503,Mo
503,Ag
503,Au
504,Cu
504,Mo
504,Ag
504,Au
505,Cu
505,Mo
505,Ag
505,Au
506,Cu
506,Mo
506,Ag
506,Au
507,Cu
507,Mo
507,Ag
507,Au
508,Cu
508,Mo
508,Ag
508,Au
509,Cu
509,Mo
509,Ag
509,Au
510,Cu
510,Mo
510,Ag
510,Au
511,Cu
511,Mo
511,Ag
511,Au
512,Cu
512,Mo
512,Ag
512,Au
513,Cu
513,Mo
513,Ag
513,Au
514,Cu
514,Ag
515,Cu
515,Ag
516,Cu
516,Ag
517,Cu
517,Ag
518,Cu
518,Ag
519,Cu
519,Ag
520,Cu
520,Ag
521,Cu
521,Ag
522,Cu
522,Ag
522,Au
523,Cu
523,Ag
523,Au
524,Cu
524,Ag
524,Au
525,Cu
525,Ag
525,Au
526,Cu
526,Ag
526,Zn
526,Au
526,Pb
527,Au
528,Au
529,Au
530,Au
531,Au
532,Au
533,Au
534,Au
535,Au
536,Au
536,Ag
537,Au
537,Ag
538,Au
538,Ag
539,Au
539,Ag
540,Au
540,Ag
541,Au
541,Ag
542,Au
542,Ag
543,Au
543,Ag
544,Au
544,Ag
545,Au
545,Ag
546,Au
546,Ag
547,Au
547,Ag
548,Au
548,Ag
549,Au
549,Ag
550,Au
550,Ag
551,Au
551,Ag
552,Au
552,Ag
553,Au
553,Ag
554,Au
554,Ag
555,Au
555,Ag
556,Au
556,Ag
557,Au
557,Ag
558,Au
558,Ag
559,Au
559,Ag
560,Au
560,Ag
561,Au
561,Ag
562,Au
562,Ag
563,Au
563,Ag
564,Au
564,Ag
565,Au
565,Ag
566,Au
566,Ag
567,Au
567,Ag
568,Au
568,Ag
569,Au
569,Ag
570,Au
570,Ag
571,Au
571,Ag
571,Zn
571,Pb
572,Au
572,Ag
572,Zn
572,Pb
572,Cu
573,halloysite
574,hectorite
575,hectorite
576,Fe
577,Fe
578,Fe
579,Fe
580,Pb
580,Zn
581,Pb
581,Zn
582,Pb
582,Zn
582,Ag
583,Pb
583,Zn
583,Ag
584,Pb
584,Zn
584,Ag
584,Cu
585,Mo
586,Mo
587,Mo
588,Mo
589,Mo
590,Mo
591,Mo
592,Mo
593,Mo
594,Mo
595,Mo
595,Cu
596,Mo
596,Cu
597,Mo
597,Cu
598,Ag
598,Cu
598,Au
598,Zn
598,Pb
599,Ag
599,Cu
599,Zn
600,Ag
600,Au
600,Cu
601,Ag
601,Au
601,Pb
601,Zn
601,Cu
602,Ag
602,Au
602,Zn
602,Pb
603,Ag
603,Au
603,Zn
603,Pb
603,Cu
604,Ag
604,Pb
605,Ag
605,Pb
605,Zn
606,Ag
606,Pb
606,Zn
607,Ag
607,Pb
607,Zn
608,Ag
608,Pb
608,Zn
609,Ag
609,Pb
609,Zn
610,Ag
610,Pb
610,Zn
610,Cu
611,Ag
611,Pb
611,Zn
611,Au
611,Cu
612,Ag
612,Pb
612,Zn
612,Au
612,Cu
613,Ag
613,Pb
613,Zn
613,Au
613,Cu
614,Ag
614,Zn
614,Au
614,Cu
614,Pb
615,talc
616,talc
617,talc
618,talc
619,Zn
620,Zn
621,Zn
621,Pb
622,Zn
622,Pb
623,Zn
623,Pb
624,Zn
624,Pb
624,Ag
625,Zn
625,Pb
625,Ag
626,Zn
626,Ag
626,Cu
626,Pb
627,Cu
628,Cu
628,Ni
628,PGE
629,Cu
629,Ni
629,PGE
630,Cu
630,Ni
630,PGE
631,Li
632,"lithium mica"
633,mica
633,"feldspathic sand"
634,"nepheline syenite"
635,Nb
636,Nb
636,REE
636,Ba
636,fluorite
636,P
636,Ti
637,Nb
637,REE
637,P
637,F
637,Sr
638,Pd
638,Pt
639,Pd
639,Pt
640,P
640,Nb
640,vermiculite
640,REE
640,Th
640,Cu
640,Ba
641,REE
641,Ba
642,REE
642,fluorite
643,REE
643,Th
644,Ti
644,magnetite
645,vermiculite
646,vermiculite
647,asbestos
648,garnet
649,garnet
650,olivine
651,olivine
652,wollastonite
653,wollastonite
654,wollastonite
654,garnet
655,palygorskite
656,barite
657,barite
658,barite
659,barite
660,barite
661,barite
662,diatomite
663,diatomite
664,diatomite
665,diatomite
666,diatomite
667,diatomite
668,Fe
669,Fe
670,Fe
671,Fe
672,Fe
673,Fe
674,Fe
675,Fe
676,Fe
677,Fe
678,Fe
679,Fe
680,Fe
681,Fe
682,Fe
683,Fe
684,Fe
685,Fe
686,Fe
687,Fe
688,Fe
689,Fe
690,Fe
691,Fe
692,Fe
693,Fe
694,Fe
695,Fe
696,Fe
697,phosphate
698,phosphate
699,phosphate
700,phosphate
701,phosphate
702,phosphate
703,phosphate
704,phosphate
705,phosphate
706,phosphate
707,phosphate
708,phosphate
709,phosphate
710,phosphate
711,phosphate
712,phosphate
713,phosphate
714,phosphate
715,phosphate
716,phosphate
717,phosphate
718,phosphate
719,phosphate
720,phosphate
721,phosphate
722,phosphate
723,phosphate
724,phosphate
725,phosphate
726,phosphate
727,phosphate
728,phosphate
729,phosphate
730,phosphate
731,phosphate
732,phosphate
733,phosphate
734,phosphate
735,phosphate
736,sepiolite
736,bentonite
736,saponite
736,hectorite
737,Na
737,bentonite
738,Na
738,bentonite
739,V
739,phosphate
740,zeolite
741,zeolite
742,zeolite
743,zeolite
744,halloysite
745,kaolinite
746,kaolinite
747,kaolinite
748,kaolinite
749,kaolinite
750,kaolinite
750,bauxite
751,kaolinite
751,bauxite
752,phosphate
753,anhydrite
754,B
755,B
756,B
757,B
758,B
759,Br
760,gypsum
761,gypsum
762,gypsum
763,gypsum
764,gypsum
765,gypsum
766,gypsum
767,salt
768,salt
769,salt
770,salt
771,salt
772,salt
773,salt
773,gypsum
774,salt
774,gypsum
774,magnesia
774,Br
775,salt
775,gypsum
775,potash
775,Br
775,I
775,magnesia
776,salt
776,potash
777,salt
777,potash
778,salt
778,potash
779,I
780,Li
780,potash
781,Li
781,potash
781,"sodium carbonate"
781,B
782,magnesia
783,potash
784,potash
785,potash
786,potash
787,potash
788,potash
789,potash
790,potash
791,potash
792,potash
793,potash
794,potash
795,potash
796,potash
797,potash
798,potash
799,potash
799,Br
799,I
799,magnesia
800,potash
800,Br
800,Li
800,magnesia
801,potash
801,magnesia
801,Li
801,"sodium sulfate"
802,potash
802,"sodium sulfate"
802,salt
803,"sodium carbonate"
804,"sodium carbonate"
805,"sodium carbonate"
806,"sodium carbonate"
807,"sodium carbonate"
808,"sodium carbonate"
809,"sodium carbonate"
810,"sodium carbonate"
811,"sodium sulfate"
811,salt
811,gypsum
812,S
813,garnet
814,garnet
815,Au
816,Au
817,Au
818,Au
819,Au
820,Au
821,Au
822,Au
823,Au
824,Au
825,Au
826,REE
826,Au
826,Ti
827,Ti
827,Zr
827,garnet
827,Au
827,REE
828,Ti
828,Zr
828,garnet
828,Nb
828,REE
829,Ti
829,Zr
829,REE
830,Ti
830,Zr
830,REE
831,Ti
831,Zr
831,REE
832,Ti
832,Zr
832,REE
833,Ti
833,Zr
833,REE
834,Ti
834,Zr
834,REE
835,Ti
835,Zr
835,REE
836,Ti
836,Zr
836,REE
837,Ti
837,Zr
837,REE
838,Ti
838,Zr
838,REE
839,Ti
839,Zr
839,REE
840,Ti
840,Zr
840,REE
841,barite
842,barite
843,feldspar
843,mica
843,kaolinite
843,Nb
843,Ta
844,Au
845,Au
845,Cu
846,Ag
846,Pb
846,Zn
847,zeolite
848,zeolite
849,perlite
850,Cu
850,Mo
851,Ag
851,Pb
852,Cu
852,Au
853,Cu
853,Au
854,Cu
855,rhodochrosite
856,Cu
857,limestone
858,Au
859,limestone
860,Au
860,Ag
861,Ag
861,Pb
862,Cu
862,Mo
863,Ag
863,Au
864,gypsum
865,limestone
866,Cu
866,Pb
867,B
868,Cu
868,Mo
869,Cu
870,Cu
870,Mo
871,Cu
872,Cu
872,Au
873,Ag
873,Sn
874,potash
874,salt
875,salt
876,Li
876,B
877,salt
878,Cu
878,Au
879,Fe
880,B
881,salt
882,Cu
882,Au
883,Cu
883,Au
884,B
885,Au
885,Ag
886,Sn
886,Zn
887,Sn
887,W
888,Sb
888,Au
889,Ag
889,Sn
890,Cu
891,W
892,W
893,Ag
893,Pb
894,W
895,Sn
895,W
896,Sn
896,Zn
897,Cu
898,Sn
898,Zn
899,W
900,Au
900,Ag
901,Sn
901,W
902,Ag
902,Zn
903,Pt
904,Li
904,B
905,Ag
905,Pb
906,Sn
906,Ag
907,Ag
908,Sn
908,W
909,Fe
910,Al
911,Li
912,potash
912,salt
913,Nb
913,phosphate
913,Ti
913,REE
914,Mn
915,Ni
915,Co
916,magnesite
917,Pb
917,Zn
918,Sn
919,magnesite
919,talc
920,magnesite
921,Cu
922,"nepheline syenite"
923,Fe
923,Cu
923,Au
924,phosphate
924,Nb
925,magnesite
926,Au
927,kaolinite
928,emerald
929,Fe
930,phosphate
930,calcite
930,Nb
930,Ti
930,Zr
931,Cu
932,Al
933,phosphate
934,amethyst
935,gypsum
936,Fe
937,Nb
937,REE
937,Be
938,Au
938,Ag
939,beryl
940,Ni
940,Co
941,emerald
942,potash
942,salt
943,topaz
944,Au
945,Al
946,phosphate
947,Ti
947,phosphate
948,graphite
949,magnesite
949,talc
950,Cu
951,Sn
952,Al
953,talc
953,calcite
954,Fe
955,Fe
956,kaolinite
957,Sn
958,phosphate
959,Cu
959,Au
960,graphite
961,Au
962,Nb
962,REE
963,Mn
964,Cu
965,Au
965,Pd
966,Mn
967,phosphate
967,Nb
967,Ti
967,REE
967,vermiculite
968,potash
968,salt
969,Al
970,Mn
971,Zn
972,salt
973,potash
973,salt
974,Au
975,Zn
975,Pb
975,Ag
975,Au
975,Cu
976,potash
976,salt
977,Cu
977,Mo
978,Li
978,Ta
978,Rb
979,Ni
979,Cu
979,Pt
979,Pd
980,graphite
981,"nepheline syenite"
982,Au
983,Au
984,Zn
984,Pb
984,Ag
984,Cu
985,Zn
985,Pb
985,Ag
985,Au
985,Cu
986,Au
987,Zn
987,Au
987,Pb
987,Ag
988,Cu
988,Au
988,Mo
989,jade
990,Zn
990,Pb
991,Cu
992,Ag
992,Co
992,Ni
992,Cu
993,potash
993,salt
994,Au
995,Ni
995,Cu
995,Pt
995,Pd
995,Co
996,Cu
996,Au
997,Ni
997,Cu
997,Pt
997,Pd
997,Co
998,diamond
999,Au
1000,Cu
1001,Au
1001,Ag
1001,Cu
1001,Zn
1002,Au
1003,Zn
1003,Pb
1003,Ag
1004,gypsum
1005,diamond
1006,Mo
1007,Ag
1007,Cu
1007,Au
1007,Sb
1008,Zn
1008,Pb
1008,Au
1008,Ag
1009,potash
1009,salt
1010,Ni
1010,Cu
1010,Pt
1010,Pd
1010,Co
1011,Zn
1011,Pb
1011,Ag
1012,kaolinite
1013,Cu
1013,Au
1014,Zn
1014,Cu
1014,Au
1014,Ag
1015,Ni
1015,Cu
1015,Pt
1015,Pd
1015,Co
1016,Cu
1016,Au
1017,Cu
1017,Mo
1018,Zn
1018,Ag
1018,Cu
1018,Pb
1019,Cu
1019,Mo
1019,Au
1020,limestone
1021,salt
1022,Zn
1022,Pb
1022,Ag
1022,Cu
1023,Au
1023,Mo
1023,Ag
1024,gypsum
1025,Au
1026,Au
1026,Cu
1026,Ag
1026,Zn
1026,Se
1026,Te
1027,Zn
1027,Pb
1027,Ag
1028,Cu
1028,Au
1028,Mo
1029,asbestos
1030,Fe
1030,Ti
1030,V
1031,Cu
1031,Au
1032,Cu
1032,Au
1033,Ag
1033,Pb
1033,Zn
1034,Au
1035,limestone
1036,Zn
1036,Ag
1036,Cu
1036,Pb
1037,Au
1038,Fe
1039,Zn
1039,Ag
1039,Cu
1039,Pb
1040,Pd
1040,Pt
1040,Au
1041,Ti
1041,Fe
1042,Au
1042,Ag
1042,Cu
1043,potash
1044,Ni
1044,Cu
1044,Pt
1044,Pd
1044,Co
1045,Cu
1046,W
1046,Mo
1047,Cu
1047,Mo
1048,W
1048,Cu
1049,salt
1050,Fe
1050,Ti
1050,V
1051,magnesite
1052,Cu
1052,Zn
1052,Ag
1053,potash
1053,salt
1054,magnesite
1055,Cu
1055,Au
1056,Fe
1057,Ni
1057,Cu
1057,Pt
1057,Pd
1057,Co
1058,Au
1059,Zn
1059,Pb
1059,Ag
1060,Ti
1060,Fe
1060,Zr
1060,garnet
1061,salt
1062,graphite
1063,Au
1064,Zn
1064,Pb
1065,Cu
1065,Au
1065,Mo
1066,Zn
1066,Pb
1067,graphite
1068,salt
1069,Ni
1069,Cu
1069,Pt
1069,Pd
1070,Cu
1070,Au
1071,potash
1071,salt
1072,Cu
1072,Mo
1072,Au
1073,salt
1074,Au
1075,Fe
1076,diamond
1077,Nb
1077,Ta
1078,Ni
1078,Cu
1078,Pt
1078,Pd
1078,Co
1079,Zn
1079,Pb
1079,Ag
1080,Cu
1080,Au
1081,Cu
1081,Au
1081,Ag
1082,mica
1082,phlogopite
1083,Ta
1083,Li
1083,Cs
1083,Rb
1084,limestone
1085,Ni
1085,Cu
1085,Pt
1085,Pd
1086,Ta
1086,Nb
1086,REE
1086,Be
1086,Zr
1087,Au
1088,potash
1089,Cu
1089,Mo
1090,Ni
1090,Cu
1090,Co
1091,gypsum
1092,Cu
1092,Co
1092,Au
1093,kaolinite
1094,Pb
1094,Zn
1095,I
1095,"sodium sulfate"
1095,nitrate
1096,Cu
1096,Au
1097,limestone
1098,Ti
1099,Cu
1099,Au
1100,Cu
1101,Cu
1102,Cu
1102,Mo
1103,Cu
1103,Mo
1104,Cu
1105,S
1106,Cu
1107,Au
1107,Ag
1108,Cu
1108,Au
1109,Cu
1110,Cu
1110,Mo
1111,Cu
1112,Cu
1113,S
1114,Cu
1115,Cu
1116,Cu
1117,Cu
1117,Au
1118,Ag
1118,Au
1119,Cu
1119,Au
1120,Cu
1120,Au
1121,Fe
1122,Au
1122,Cu
1123,Cu
1124,Cu
1124,Mo
1125,Cu
1125,Mo
1126,Cu
1126,Mo
1127,Cu
1128,Au
1129,S
1130,Cu
1130,Au
1131,Cu
1131,Au
1132,Cu
1133,Au
1133,Cu
1134,Cu
1135,Li
1135,potash
1136,Cu
1136,Au
1137,Cu
1138,Cu
1139,Cu
1140,S
1141,I
1141,nitrate
1142,Cu
1142,Mo
1143,Ni
1144,emerald
1145,Pt
1145,Au
1146,emerald
1147,Cu
1147,Mo
1148,emerald
1149,Cu
1150,Au
1150,Pt
1151,diatomite
1152,Ni
1152,Co
1153,Ni
1153,Co
1154,Ni
1154,Co
1155,Ni
1156,Au
1156,Ag
1157,Cu
1157,Mo
1158,Cu
1158,Mo
1159,Au
1159,Cu
1160,Au
1160,Ag
1161,Cu
1162,Ni
1163,diatomite
1164,Al
1165,Al
1166,Au
1167,Ag
1167,Pb
1168,Al
1169,Al
1170,"sodium carbonate"
1171,fluorite
1172,Ag
1173,gypsum
1174,Ag
1174,Au
1174,Cu
1174,Pb
1175,Au
1175,Ag
1175,Pb
1175,Zn
1175,Cu
1176,Ag
1176,Pb
1177,Sr
1178,Ag
1178,Zn
1178,Pb
1178,Cu
1179,Zn
1179,Pb
1179,Cu
1179,Ag
1179,Au
1180,Cu
1180,Mo
1181,Pb
1181,Ag
1181,Zn
1182,Au
1182,Ag
1182,Zn
1182,Pb
1183,Ag
1183,Au
1183,Pb
1183,Zn
1183,Cu
1184,Ag
1184,Pb
1184,Zn
1184,Au
1184,Cu
1185,Ag
1185,Au
1185,Zn
1185,Pb
1185,Cu
1186,Ag
1186,Au
1187,Cu
1187,Au
1188,Cu
1188,Co
1188,Zn
1189,Ag
1189,Cu
1189,Au
1190,Ag
1190,Au
1191,Ag
1191,Au
1191,Pb
1191,Zn
1192,fluorite
1193,fluorite
1194,Au
1194,Zn
1194,Pb
1194,Cu
1195,Ag
1195,Pb
1195,Zn
1195,Au
1195,Cu
1196,Ag
1196,Au
1197,Ag
1197,Au
1198,salt
1199,wollastonite
1200,Cu
1200,Mo
1201,Fe
1202,Ag
1202,Pb
1202,Zn
1203,fluorite
1204,Au
1205,Sr
1206,Ag
1206,Pb
1206,Zn
1206,Au
1206,Cu
1207,magnesia
1207,"sodium sulfate"
1208,fluorite
1209,graphite
1210,barite
1211,Au
1211,Ag
1211,Zn
1212,Mn
1213,Au
1213,Cu
1214,Ag
1214,Pb
1214,Zn
1215,Au
1216,Ag
1216,Pb
1216,Zn
1216,Au
1216,Cu
1217,Ag
1217,Au
1218,Ag
1218,Au
1218,Cu
1218,Pb
1218,Zn
1219,Ag
1219,Pb
1219,Zn
1219,Au
1219,Cu
1220,Fe
1221,Ag
1221,Pb
1221,Zn
1221,Au
1222,fluorite
1223,wollastonite
1224,Ag
1224,Au
1225,Ag
1225,Pb
1225,Zn
1226,Ag
1226,Pb
1226,Zn
1226,Cu
1227,Ag
1227,Pb
1228,limestone
1229,Ag
1230,Sr
1231,Ag
1231,Zn
1231,Pb
1231,Cu
1232,phosphate
1233,gypsum
1234,Ag
1235,Ag
1235,Zn
1235,Cu
1235,Pb
1236,Cu
1236,Zn
1237,Ag
1237,Pb
1237,Zn
1237,Au
1237,Cu
1238,Au
1238,Ag
1239,Ag
1239,Zn
1239,Pb
1240,wollastonite
1241,barite
1242,Cu
1243,gypsum
1244,phosphate
1245,Ag
1245,Zn
1245,Pb
1245,Cu
1246,Zn
1246,Pb
1246,Ag
1246,Au
1247,Ag
1248,Ag
1248,Au
1249,graphite
1250,Ag
1250,Zn
1250,Pb
1251,graphite
1252,Ag
1252,Cu
1252,Zn
1252,Pb
1253,Ag
1253,Pb
1253,Zn
1253,Cu
1253,Au
1254,Cu
1254,Mo
1255,Cu
1256,Au
1257,Cu
1257,Zn
1258,Cu
1258,Au
1259,Cu
1260,Au
1260,Cu
1261,Zn
1261,Pb
1262,pyrophyllite
1263,Cu
1264,Fe
1265,Cu
1266,Cu
1266,Au
1267,Fe
1268,Cu
1269,Cu
1270,Cu
1270,Au
1271,Cu
1271,Au
1272,Au
1272,Ag
1273,Cu
1274,Sn
1274,Cu
1275,phosphate
1276,Cu
1276,Zn
1277,Cu
1278,Cu
1278,Mo
1279,Cu
1280,Au
1281,Cu
1281,Mo
1282,Al
1283,Al
1284,kaolinite
1285,amethyst
1286,Fe
1287,Ni
1288,Al
1289,Cr
1290,Cu
1291,Ni
1292,Sb
1293,Cu
1294,Pb
1295,Au
1296,Zn
1297,graphite
1298,Fe
1299,graphite
1300,W
1301,graphite
1302,Fe
1303,Fe
1304,Pb
1305,Cu
1306,Au
1307,Cu
1308,Pb
1309,Cu
1310,Mn
1311,Mn
1312,graphite
1313,graphite
1314,Sn
1315,graphite
1316,graphite
1317,Ni
1318,Ni
1319,Au
1320,Cr
1321,Ni
1322,Au
1323,Ni
1324,W
1325,Zn
1326,V
1327,Au
1328,Ti
1329,Cu
1330,Au
1331,Pt
1332,Zn
1333,REE
1334,Au
1335,Ni
1336,Zn
1337,Ni
1338,Fe
1339,W
1340,Fe
1341,Zn
1342,Au
1343,Mn
1344,Pb
1345,Cu
1346,Mn
1347,Fe
1348,Au
1349,Sn
1350,Cu
1351,graphite
1352,Pb
1353,Zn
1354,Zn
1355,Fe
1356,Cu
1357,Ni
1358,Au
1359,Al
1360,Cu
1361,Mg
1362,Al
1363,Cu
1364,Mn
1365,Zn
1366,Zn
1367,Zn
1368,Zn
1369,Pb
1370,F
1371,Au
1372,Ti
1373,graphite
1374,Au
1375,Zr
1376,Zn
1377,Zn
1378,Cr
1379,Fe
1380,Zr
1381,Cu
1382,Mo
1383,Nb
1384,Au
1385,Au
1386,Nb
1387,Cu
1388,P
1389,Cr
1390,Cu
1391,Pb
1392,Cu
1393,Pb
1394,Al
1395,W
1396,Al
1397,Pb
1398,Fe
1399,Cr
1400,Au
1401,W
1402,Au
1403,Cu
1404,Pb
1405,Sr
1406,Fe
1407,V
1408,Au
1409,W
1410,Ta
1411,Pb
1412,Pb
1413,Cu
1414,Cu
1415,Pb
1416,Au
1417,Ni
1418,W
1419,Au
1420,Al
1421,Cu
1422,W
1423,Sn
1424,Cr
1425,Mo
1426,Ti
1427,Cu
1428,Cr
1429,Pb
1430,Fe
1431,Fe
1432,Mo
1433,Fe
1434,W
1435,Cr
1436,Fe
1437,Cu
1438,Al
1439,Mo
1440,Mo
1441,Al
1442,Al
1443,Ti
1444,Zr
1445,REE
1446,Ni
1447,V
1448,Au
1449,Fe
1450,Zr
1451,Au
1452,Cu
1453,Pb
1454,Cu
1455,Cr
1456,Zn
1457,Mo
1458,Au
1459,Ni
1460,Cu
1461,Pb
1462,W
1463,Fe
1464,Cu
1465,Pb
1466,Al
1467,Fe
1468,Cu
1469,V
1470,Cu
1471,Pb
1472,Ti
1473,Mo
1474,Al
1475,W
1476,Sn
1477,Pb
1478,Pb
1479,Pb
1480,Pb
1481,Au
1482,Au
1483,Zr
1484,W
1485,W
1486,W
1487,Al
1488,Pb
1489,Cu
1490,Mo
1491,Au
1492,Pb
1493,Au
1494,REE
1495,Fe
1496,Au
1497,Hg
1498,Fe
1499,Hg
1500,Au
1501,Sb
1502,Hg
1503,Au
1504,Au
1505,Au
1506,W
1507,Au
1508,Hg
1509,Au
1510,Sb
1511,As
1512,Sn
1513,Fe
1514,Cu
1515,Ni
1516,Ni
1517,Mo
1518,Ag
1519,Cu
1520,REE
1521,Ti
1522,Cu
1523,Pb
1524,Cu
1525,Cu
1526,Zn
1527,Li
1528,Zn
1529,Cu
1530,Cu
1531,graphite
1532,Pb
1533,Ti
1534,Ti
1535,Fe
1536,Fe
1537,Au
1538,Au
1539,W
1540,Cu
1541,Cu
1542,Cu
1543,Hg
1544,Al
1545,Cu
1546,Pt
1547,Zr
1548,Au
1549,Au
1550,Au
1551,Ti
1552,Sn
1553,Au
1554,Au
1555,Fe
1556,W
1557,Au
1558,Fe
1559,W
1560,Cu
1561,Cu
1562,Cu
1563,Ta
1564,Fe
1565,W
1566,Zn
1567,Au
1568,Cu
1569,Cu
1570,Au
1571,Au
1572,W
1573,W
1574,Cu
1575,Mo
1576,Cu
1577,W
1578,Au
1579,Cu
1580,Cu
1581,Au
1582,Cu
1583,Au
1584,Au
1585,Cu
1586,Sn
1587,REE
1588,Au
1589,Au
1590,P
1591,W
1592,Al
1593,Fe
1594,Fe
1595,Fe
1596,Cu
1597,Cu
1598,Fe
1599,Sn
1600,Fe
1601,Au
1602,Pb
1603,P
1604,Fe
1605,Cu
1606,Fe
1607,Fe
1608,Ti
1609,Cu
1610,Cu
1611,Fe
1612,Cu
1613,Cu
1614,Al
1615,Sn
1616,Cu
1617,Fe
1618,Zn
1619,Au
1620,Fe
1621,W
1622,Cu
1623,Fe
1624,Cu
1625,Cu
1626,Fe
1627,Au
1628,Au
1629,Cu
1630,Cu
1631,P
1632,Fe
1633,Cu
1634,Au
1635,Al
1636,Fe
1637,phosphate
1638,Pb
1639,Pb
1640,Cu
1641,Au
1642,Cu
1643,Fe
1644,Pt
1645,Zn
1646,Fe
1647,Fe
1648,Al
1649,Cu
1650,Cu
1651,W
1652,Au
1653,Sn
1654,Au
1655,Pb
1656,Ag
1657,Cu
1658,Au
1659,Au
1660,Au
1661,Cu
1662,Mn
1663,Fe
1664,Pb
1665,Au
1666,W
1667,Cu
1668,Cu
1669,Fe
1670,W
1671,Fe
1672,Pt
1673,REE
1674,Ag
1675,Fe
1676,Ti
1677,Au
1678,Pt
1679,Au
1680,Cu
1681,Au
1682,Pb
1683,Fe
1684,Ni
1685,Cu
1686,Cu
1687,Cu
1688,Au
1689,Fe
1690,Au
1691,Au
1692,Pt
1693,Cu
1694,Fe
1695,Au
1696,Fe
1697,Au
1698,Pt
1699,Cu
1700,Fe
1701,Au
1702,Au
1703,Cu
1704,Fe
1705,Au
1706,Fe
1707,Cu
1708,Cu
1709,Cu
1710,Cu
1711,Fe
1712,Au
1713,Ni
1714,Cu
1715,Cu
1716,Fe
1717,Au
1718,Cu
1719,Au
1720,Ag
1721,Sn
1722,Au
1723,Cu
1724,Cu
1725,Zn
1726,Cu
1727,Pb
1728,Cu
1729,Cu
1730,Au
1731,REE
1732,Au
1733,Fe
1734,Sn
1735,Au
1736,Cu
1737,Au
1738,Cu
1739,Mo
1740,Fe
1741,Pt
1742,Mo
1743,Cu
1744,Au
1745,Pb
1746,Au
1747,Pt
1748,Pb
1749,Cu
1750,Au
1751,Fe
1752,Au
1753,Sn
1754,Fe
1755,Fe
1756,Cu
1757,Zn
1758,Hg
1759,Fe
1760,Au
1761,Fe
1762,Li
1763,graphite
1764,Fe
1765,Fe
1766,Fe
1767,Au
1768,Cu
1769,Nb
1770,Cu
1771,Fe
1772,Cu
1773,W
1774,Cu
1775,Cu
1776,Fe
1777,Cu
1778,Cu
1779,Pb
1780,Cu
1781,Cu
1782,Sn
1783,Au
1784,Cu
1785,Au
1786,Fe
1787,Au
1788,Au
1789,Au
1790,Au
1791,Au
1792,Fe
1793,Au
1794,Cu
1795,W
1796,Cu
1797,Cu
1798,Sn
1799,Cu
1800,Cu
1801,Zn
1802,Zn
1803,Hg
1804,Au
1805,Au
1806,Mo
1807,Zn
1808,Cu
1809,Pb
1810,Pb
1811,Au
1812,Mg
1813,Mg
1814,Fe
1815,Mg
1816,Hg
1817,Zn
1818,Hg
1819,Pb
1820,Pb
1821,Pb
1822,Au
1823,Mg
1824,Cu
1825,W
1826,Sr
1827,Pb
1828,Zn
1829,Cu
1830,Zn
1831,Cu
1832,Fe
1833,Cu
1834,Au
1835,Cu
1836,Zn
1837,Zn
1838,Fe
1839,Pb
1840,Zn
1841,Zn
1842,W
1843,Zn
1844,Sn
1845,Au
1846,W
1847,Mo
1848,Hg
1849,Au
1850,Sb
1851,Au
1852,Cu
1853,Au
1854,Sr
1855,Sr
1856,Sr
1857,Cu
1858,REE
1859,Cu
1860,Fe
1861,Au
1862,Mn
1863,Cu
1864,Cu
1865,Cu
1866,Fe
1867,Fe
1868,Ti
1869,Pb
1870,Mn
1871,Al
1872,REE
1873,graphite
1874,Sc
1875,Fe
1876,Sn
1877,W
1878,Fe
1879,Sn
1880,Sn
1881,Au
1882,alunite
1883,Fe
1884,Au
1885,W
1886,Cu
1887,Pb
1888,W
1889,Au
1890,Ag
1891,Pb
1892,Au
1893,Sr
1894,Pb
1895,Au
1896,Mg
1897,Mg
1898,talc
1899,Mg
1900,salt
1901,phosphate
1902,salt
1903,sylvite
1904,salt
1905,barite
1906,salt
1907,amber
1908,diatomite
1909,feldspar
1910,kaolinite
1911,kaolinite
1912,kaolinite
1913,gypsum
1914,kaolinite
1915,phosphate
1916,F
1917,feldspar
1918,F
1919,andalusite
1920,F
1921,potash
1922,gypsum
1923,diatomite
1924,salt
1925,limestone
1926,gypsum
1927,talc
1928,Ba
1929,diatomite
1930,salt
1931,salt
1932,salt
1933,barite
1934,salt
1935,"silica sand"
1936,kaolinite
1937,"silica sand"
1938,salt
1939,kaolinite
1940,bentonite
1941,limestone
1942,potash
1943,gypsum
1944,F
1945,potash
1946,"silica sand"
1947,bentonite
1948,pumice
1949,asbestos
1950,limestone
1951,bentonite
1952,perlite
1953,diatomite
1954,pumice
1955,asbestos
1956,feldspar
1957,feldspar
1958,Ba
1959,perlite
1960,pumice
1961,salt
1962,cryolite
1963,phosphate
1964,phosphate
1965,salt
1966,asbestos
1967,Ba
1968,phosphate
1969,phosphate
1970,Ti
1971,asbestos
1972,talc
1973,asbestos
1974,salt
1975,B
1976,phosphate
1977,salt
1978,vermiculite
1979,salt
1980,salt
1981,talc
1982,phosphate
1983,phosphate
1984,talc
1985,phosphate
1986,vermiculite
1987,salt
1988,muscovite
1989,phosphate
1990,salt
1991,salt
1992,phosphate
1993,B
1994,sylvite
1995,F
1996,Ba
1997,salt
1998,phosphate
1999,perlite
2000,salt
2001,salt
2002,salt
2003,olivine
2004,dolomite
2005,olivine
2006,S
2007,limestone
2008,salt
2009,feldspar
2010,diamond
2011,asbestos
2012,B
2013,salt
2014,Ti
2015,diamond
2016,Na
2017,gypsum
2018,feldspar
2019,diamond
2020,sylvite
2021,gypsum
2022,diamond
2023,Mg
2024,phosphate
2025,salt
2026,talc
2027,salt
2028,diamond
2029,phosphate
2030,salt
2031,diamond
2032,diamond
2033,salt
2034,diamond
2035,phosphate
2036,F
2037,diamond
2038,Mg
2039,Mg
2040,perlite
2041,Mg
2042,dolomite
2043,diatomite
2044,phosphate
2045,Na
2046,Na
2047,salt
2048,salt
2049,potash
2050,salt
2051,sepiolite
2052,feldspar
2053,limestone
2054,salt
2055,salt
2056,salt
2057,salt
2058,sylvite
2059,salt
2060,potash
2061,salt
2062,salt
2063,salt
2064,gypsum
2065,P
2066,limestone
2067,kaolinite
2068,kaolinite
2069,potash
2070,Br
2071,salt
2072,potash
2073,Ti
2074,kaolinite
2075,potash
2076,kaolinite
2077,limestone
2078,kaolinite
2079,salt
2080,F
2081,kaolinite
2082,bentonite
2083,phosphate
2084,phosphate
2085,barite
2086,barite
2087,barite
2088,barite
2089,barite
2090,barite
2091,barite
2092,clay
2093,clay
2093,bentonite
2094,clay
2094,bentonite
2095,clay
2095,kaolinite
2096,clay
2096,kaolinite
2097,Cu
2098,Cu
2098,Fe
2099,Cu
2099,Fe
2100,Cu
2100,Pb
2101,Cu
2101,Zn
2102,gypsum
2103,salt
2104,Fe
2105,Fe
2106,Fe
2107,Fe
2108,Fe
2109,Fe
2110,Fe
2111,Fe
2112,Fe
2113,Fe
2114,Fe
2115,Fe
2116,Fe
2117,Fe
2118,Fe
2118,Cu
2119,Fe
2119,Pb
2120,Fe
2120,Mn
2121,Pb
2122,Pb
2122,Zn
2123,Pb
2123,Zn
2124,Pb
2124,Zn
2125,Pb
2125,Zn
2126,Pb
2126,Zn
2127,Pb
2127,Zn
2128,Pb
2128,Zn
2129,limestone
2130,limestone
2131,limestone
2132,limestone
2133,limestone
2134,limestone
2135,limestone
2136,limestone
2136,marble
2137,limestone
2137,marble
2138,limestone
2138,marble
2139,Hg
2140,Hg
2141,phosphate
2142,phosphate
2143,phosphate
2144,phosphate
2145,"sodium sulfate"
2146,"sodium sulfate"
2147,"sodium sulfate"
2148,"sodium sulfate"
2149,"sodium sulfate"
2150,Sr
2151,W
2151,Sn
2152,Zn
2153,Zn
2154,Zn
2155,Zn
2156,Zn
2157,Zn
2158,Zn
2159,Zn
2160,Zn
2161,Zn
2162,Zn
2163,Zn
2163,Pb
2163,Cu
2163,Ag
2163,Co
2163,Au
2164,Cu
2165,Cu
2166,diamond
2167,diamond
2168,diamond
2169,diamond
2170,diamond
2171,diamond
2172,Fe
2173,Fe
2174,Fe
2175,Fe
2176,V
2176,Pb
2177,Fe
2178,Fe
2179,clay
2180,Cu
2181,Cu
2182,diamond
2183,diamond
2184,diamond
2185,Au
2186,Au
2187,Mn
2188,Mn
2189,Mn
2190,Ni
2190,Cu
2190,PGE
2191,Ni
2191,Cu
2191,Co
2192,Ni
2192,Cu
2192,PGE
2193,Ag
2194,"sodium carbonate"
2194,salt
2195,Au
2196,Au
2197,Au
2197,Ag
2197,Cu
2197,Sb
2198,Mn
2199,phosphate
2200,Zn
2200,Ag
2201,Ni
2201,Cu
2201,Co
2201,PGE
2202,REE
2203,Al
2204,Al
2205,Fe
2206,diamond
2207,diamond
2208,Pb
2208,Zn
2209,Pb
2209,Zn
2209,Cu
2209,V
2210,Mg
2210,potash
2211,Nb
2212,Nb
2212,phosphate
2213,Cu
2214,Cu
2215,Cu
2215,Co
2216,Cu
2216,Co
2217,Cu
2217,Co
2218,Cu
2218,Co
2219,Cu
2219,Co
2220,Cu
2220,Co
2221,Cu
2221,Co
2222,Cu
2222,Co
2223,Cu
2223,Co
2224,Cu
2224,Co
2225,Cu
2225,Co
2226,Cu
2226,Co
2226,Au
2226,PGE
2226,V
2227,Cu
2227,Co
2227,U
2228,Cu
2228,Co
2228,Zn
2229,Cu
2229,Zn
2229,Pb
2229,Ag
2230,diamond
2231,diamond
2232,diamond
2233,Au
2234,Li
2234,Nb
2234,Sn
2235,Li
2235,Ta
2235,Sn
2236,Mn
2237,Sn
2238,Sn
2239,Sn
2240,Sn
2240,Nb
2240,Ta
2241,Sn
2241,Nb
2241,Ta
2242,Sn
2242,Au
2242,W
2242,Nb
2242,Ta
2243,Sn
2243,Mo
2243,Nb
2244,Sn
2244,W
2244,Nb
2244,Ta
2244,Li
2244,Au
2245,W
2245,Sn
2246,U
2246,Ni
2246,Co
2246,Au
2246,PGE
2246,Mo
2247,diamond
2248,diamond
2249,Au
2250,Au
2251,Au
2252,Fe
2253,Mn
2254,Ni
2254,Co
2255,S
2255,Cu
2255,Zn
2256,S
2256,Cu
2256,Zn
2257,S
2257,Cu
2257,Zn
2258,S
2258,Cu
2258,Zn
2259,S
2259,Cu
2259,Zn
2260,Al
2261,Al
2262,asbestos
2263,Cr
2264,clay
2265,clay
2266,clay
2266,bentonite
2267,clay
2267,kaolinite
2268,clay
2268,kaolinite
2269,clay
2269,kaolinite
2270,Nb
2270,Ta
2271,Nb
2271,Ta
2272,Cu
2273,Cu
2274,Cu
2274,Zn
2275,Cu
2275,Zn
2275,Pb
2276,gem
2277,gem
2278,gem
2279,Au
2280,Au
2281,Au
2282,Au
2283,Au
2283,Cu
2284,Au
2284,Cu
2285,Au
2285,Cu
2286,Au
2286,Cu
2287,Au
2287,Cu
2287,Ag
2288,Au
2288,Cu
2288,Ag
2289,Au
2289,Ag
2290,Au
2290,Ag
2291,Au
2291,Ag
2291,Cu
2292,gypsum
2293,gypsum
2294,gypsum
2295,gypsum
2296,gypsum
2297,gypsum
2298,gypsum
2299,salt
2300,Fe
2301,Fe
2302,Fe
2303,Fe
2304,Fe
2305,Fe
2306,Fe
2307,Fe
2308,Pb
2308,Zn
2309,Pb
2309,Zn
2310,Pb
2310,Zn
2311,limestone
2312,limestone
2312,dolomite
2313,Mg
2314,Mn
2315,Mn
2315,Fe
2316,Ni
2316,Fe
2316,Cu
2317,phosphate
2318,phosphate
2319,phosphate
2320,phosphate
2321,phosphate
2322,phosphate
2323,phosphate
2324,phosphate
2325,phosphate
2326,phosphate
2326,fluorspar
2327,"sodium carbonate"
2328,"sodium carbonate"
2329,"sodium carbonate"
2329,"sodium sulfate"
2330,Ti
2331,Ti
2331,Fe
2331,Zr
2332,Ti
2332,REE
2333,Ti
2333,Zr
2334,Zn
2334,Cu
2334,Ag
2334,Au
2335,Br
2335,"sodium carbonate"
2336,Br
2336,"sodium carbonate"
2337,Cu
2338,Cu
2338,Pb
2338,Zn
2339,Au
2340,Au
2341,Au
2342,Au
2343,Au
2343,PGE
2343,Ag
2343,Cr
2343,Ni
2343,Fe
2344,Au
2344,Ag
2345,Au
2345,Ag
2346,Ni
2346,Cr
2347,Ni
2347,Cu
2348,potash
2348,salt
2349,Ta
2349,Nb
2350,Nb
2350,phosphate
2350,Zr
2350,REE
2351,Fe
2352,Mn
2353,U
2354,Al
2355,Al
2356,Al
2357,Al
2357,Fe
2357,Ti
2358,diamond
2359,diamond
2359,Au
2360,Au
2361,Au
2362,Au
2363,Au
2364,Au
2365,Au
2366,Au
2367,Au
2368,Au
2368,Ag
2369,Mn
2370,Mn
2371,Mn
2371,Fe
2372,Al
2373,Al
2374,Al
2375,Al
2376,Al
2377,Al
2378,Al
2379,Al
2380,Al
2381,Au
2382,Au
2383,Au
2384,Au
2385,Fe
2386,Fe
2387,Fe
2388,barite
2389,Cr
2390,Cr
2391,Cu
2392,Cu
2393,Cu
2393,Mo
2393,Ag
2393,Au
2394,Au
2395,Au
2396,Fe
2397,Fe
2398,Fe
2399,Fe
2399,phosphate
2400,Pb
2400,Zn
2400,Cu
2400,Ag
2400,barite
2401,Mg
2402,phosphate
2403,Sr
2404,Sr
2405,Zn
2405,Pb
2406,phosphate
2407,phosphate
2408,S
2409,S
2410,Cu
2411,phosphate
2411,U
2412,phosphate
2412,U
2413,phosphate
2413,U
2414,phosphate
2414,U
2414,fluorspar
2415,potash
2415,"sodium carbonate"
2415,Mg
2415,Br
2416,Cu
2417,phosphate
2418,phosphate
2419,phosphate
2419,U
2420,potash
2421,potash
2421,Mg
2421,salt
2421,Br
2422,Cr
2422,Ni
2423,Nb
2423,REE
2424,fluorspar
2425,fluorspar
2425,Fe
2426,gem
2426,sapphire
2427,Au
2428,graphite
2429,graphite
2430,Fe
2430,phosphate
2431,Pb
2432,Mn
2433,REE
2434,"sodium carbonate"
2435,"sodium carbonate"
2435,potash
2435,salt
2436,Ti
2436,Zr
2437,Ti
2437,Zr
2438,Ti
2438,Zr
2439,diamond
2440,Au
2440,PGE
2441,Fe
2442,Fe
2443,Fe
2444,Fe
2445,Fe
2446,Fe
2447,U
2447,Fe
2448,clay
2448,kaolinite
2449,graphite
2450,gypsum
2451,Fe
2452,limestone
2453,limestone
2454,limestone
2454,dolomite
2454,"sodium carbonate"
2455,potash
2456,"sodium sulfate"
2457,"sodium sulfate"
2458,S
2459,S
2460,Cr
2461,Cr
2462,Cr
2463,Cr
2464,Cr
2465,graphite
2466,graphite
2467,graphite
2468,graphite
2469,graphite
2470,graphite
2471,graphite
2472,graphite
2473,graphite
2474,graphite
2475,graphite
2476,graphite
2477,graphite
2478,Ni
2478,Cr
2479,Ni
2479,Co
2479,Cr
2479,Ti
2480,Ti
2481,Ti
2482,Ti
2482,REE
2483,Ti
2483,REE
2483,Zr
2484,Ti
2484,Zr
2485,Ti
2485,Zr
2486,Al
2487,Nb
2487,Mn
2488,gem
2488,ruby
2488,sapphire
2489,limestone
2489,marble
2490,REE
2490,Sr
2490,fluorspar
2490,barite
2491,REE
2491,Ta
2491,phosphate
2492,Al
2493,Au
2494,Li
2495,Mn
2495,Fe
2496,Cu
2496,Au
2497,Au
2498,Fe
2499,Fe
2500,Fe
2501,Fe
2502,REE
2503,Sb
2504,Sb
2505,barite
2506,barite
2507,barite
2508,barite
2509,barite
2510,Co
2511,Co
2511,Ni
2512,Cu
2513,Cu
2514,Cu
2515,Cu
2516,Cu
2516,S
2517,fluorspar
2518,fluorspar
2519,fluorspar
2520,fluorspar
2520,barite
2520,Mn
2521,Au
2521,Ag
2521,Cu
2522,salt
2523,Fe
2524,Pb
2525,Pb
2525,Ag
2525,barite
2526,Pb
2526,Ag
2526,Cu
2527,Pb
2527,Ag
2527,Zn
2528,Pb
2528,Zn
2529,Pb
2529,Zn
2530,Pb
2530,Zn
2531,Pb
2531,Zn
2531,Cu
2531,Ag
2532,Pb
2532,Zn
2532,Ag
2533,Pb
2533,Zn
2533,Ag
2534,Pb
2534,Zn
2534,Ag
2535,Mn
2536,Mn
2537,Mn
2538,Mn
2538,barite
2539,Mn
2539,Pb
2540,phosphate
2541,phosphate
2542,phosphate
2543,phosphate
2544,phosphate
2545,phosphate
2545,fluorspar
2545,U
2546,phosphate
2546,fluorspar
2546,U
2547,Ag
2548,Ag
2549,Ag
2549,Cu
2549,Zn
2550,S
2551,V
2551,Pb
2551,Zn
2552,asbestos
2553,Cu
2553,Ag
2554,gem
2554,beryl
2554,aquamarine
2554,Ta
2554,Nb
2554,Ti
2555,limestone
2555,marble
2555,dolomite
2556,Li
2557,Li
2558,Li
2558,Ta
2559,Ta
2560,Ta
2560,Nb
2561,Ta
2561,gem
2561,emerald
2562,Ti
2562,REE
2563,Ti
2563,Zr
2564,Ti
2564,Zr
2565,Ti
2565,Zr
2566,Ti
2566,Zr
2566,REE
2567,Ti
2567,Zr
2567,REE
2568,Cu
2569,Cu
2570,Cu
2571,Cu
2572,Cu
2573,Cu
2573,Au
2574,Cu
2574,Pb
2575,Cu
2575,Pb
2575,Zn
2575,Ag
2576,Cu
2576,Ag
2577,Cu
2577,Ag
2578,Cu
2578,Zn
2578,S
2578,PGE
2578,Au
2579,fluorspar
2580,fluorspar
2580,phosphate
2580,barite
2581,gem
2581,tourmaline
2581,garnet
2581,aquamarine
2581,topaz
2581,Li
2581,Ta
2582,Au
2583,limestone
2583,marble
2584,Li
2585,Li
2585,Nb
2585,Ta
2586,Mn
2587,phosphate
2588,REE
2589,"sodium carbonate"
2590,Sn
2590,Nb
2590,Ta
2591,Sn
2591,W
2592,Ti
2592,Zr
2593,W
2593,Sn
2594,U
2595,V
2595,Zn
2595,Pb
2595,Cu
2595,Ag
2596,Zn
2596,Pb
2596,Cu
2597,Zn
2597,Pb
2597,V
2598,Au
2599,phosphate
2600,U
2600,V
2600,Mo
2601,Nb
2602,Fe
2603,Fe
2604,limestone
2605,Sn
2605,Nb
2606,Sn
2606,Nb
2606,W
2606,Ta
2607,Cu
2608,Cu
2609,Nb
2609,Sn
2609,W
2610,Al
2611,Nb
2611,Ta
2611,REE
2612,Cu
2613,Au
2614,Au
2615,Au
2616,Au
2616,Cu
2617,Au
2617,Ag
2617,Zn
2617,Cu
2618,Au
2618,Ag
2618,Zn
2618,Cu
2619,salt
2620,Fe
2621,Pb
2621,Zn
2622,phosphate
2623,phosphate
2624,phosphate
2625,phosphate
2626,phosphate
2627,phosphate
2628,phosphate
2629,potash
2629,salt
2630,Zn
2630,Cu
2631,Zn
2631,Cu
2631,Au
2632,Zn
2632,Cu
2632,Au
2632,Ag
2633,Au
2634,Au
2634,diamond
2634,Fe
2635,phosphate
2636,phosphate
2637,phosphate
2638,Al
2639,Al
2640,diamond
2641,diamond
2642,diamond
2642,Au
2643,Fe
2644,Mo
2644,Cu
2644,Pb
2644,Zn
2644,Au
2645,PGE
2646,PGE
2647,PGE
2648,PGE
2649,PGE
2650,PGE
2651,Ti
2652,Ti
2653,Ti
2653,Zr
2654,Ti
2654,Zr
2655,Nb
2656,Nb
2657,phosphate
2658,Sn
2659,Sb
2659,Au
2660,Sb
2660,Au
2660,Ag
2661,asbestos
2662,asbestos
2663,asbestos
2664,asbestos
2665,asbestos
2666,asbestos
2667,asbestos
2668,asbestos
2669,asbestos
2670,asbestos
2671,asbestos
2672,asbestos
2673,asbestos
2674,asbestos
2675,asbestos
2676,asbestos
2677,asbestos
2678,asbestos
2679,Cr
2680,Cr
2681,Cr
2682,Cr
2683,Cr
2684,Cr
2685,Cr
2686,Cr
2687,Cr
2688,Cr
2689,Cr
2690,Cr
2691,Cr
2692,Cr
2693,Cr
2694,Cr
2695,Cr
2696,Cr
2697,Cr
2697,PGE
2698,Cr
2698,PGE
2698,Fe
2698,Ag
2699,Cr
2699,PGE
2699,Fe
2699,Ag
2700,Cr
2700,PGE
2700,Fe
2700,Ag
2701,Cr
2701,PGE
2701,Fe
2701,Ag
2702,Cr
2702,PGE
2702,Fe
2702,Ag
2703,Cr
2703,PGE
2703,Fe
2703,Ag
2704,Cr
2704,PGE
2704,Fe
2704,Ag
2705,Cr
2705,PGE
2705,Ni
2705,Cu
2705,Au
2706,Cr
2706,PGE
2706,Ni
2706,Au
2707,Nb
2707,Ta
2707,Li
2708,Cu
2709,Cu
2710,Cu
2711,Cu
2711,Au
2711,Ag
2711,S
2711,PGE
2712,Cu
2712,PGE
2713,Cu
2713,PGE
2713,Au
2714,Cu
2714,Zn
2714,S
2714,Pb
2715,diamond
2716,diamond
2717,diamond
2718,diamond
2719,diamond
2720,diamond
2721,diamond
2722,diamond
2723,diamond
2724,diamond
2725,diamond
2726,diamond
2727,diamond
2728,diamond
2729,diamond
2730,diamond
2731,fluorspar
2732,fluorspar
2733,fluorspar
2734,fluorspar
2735,fluorspar
2736,fluorspar
2737,fluorspar
2738,fluorspar
2739,fluorspar
2740,fluorspar
2740,Fe
2741,fluorspar
2741,Pb
2741,Zn
2742,fluorspar
2742,REE
2743,Au
2744,Au
2745,Au
2746,Au
2747,Au
2748,Au
2749,Au
2750,Au
2751,Au
2752,Au
2753,Au
2754,Au
2755,Au
2756,Au
2757,Au
2757,Sb
2757,PGE
2757,Ag
2758,Au
2758,PGE
2759,Au
2759,PGE
2760,Au
2760,PGE
2761,Au
2761,PGE
2762,Au
2762,PGE
2763,Au
2763,PGE
2764,Au
2764,PGE
2765,Au
2765,PGE
2766,Au
2766,PGE
2767,Au
2767,PGE
2768,Au
2768,PGE
2769,Au
2769,PGE
2770,Au
2770,PGE
2770,Ag
2771,Au
2771,PGE
2771,Ag
2772,Au
2772,PGE
2772,Ag
2773,Au
2773,PGE
2773,Ag
2774,Au
2774,PGE
2774,Ag
2775,Au
2775,PGE
2775,Ag
2776,Au
2776,PGE
2776,Ag
2777,Au
2777,PGE
2777,Ag
2778,Au
2778,PGE
2778,Ag
2779,Au
2779,PGE
2779,Ag
2780,Au
2780,PGE
2780,Ag
2781,Au
2781,PGE
2781,Ag
2782,Au
2782,PGE
2782,Ag
2783,Au
2783,PGE
2783,Ag
2784,Au
2784,PGE
2784,Ag
2785,Au
2785,PGE
2785,Ag
2786,Au
2786,PGE
2786,Ag
2787,Au
2787,PGE
2787,Ag
2788,Au
2788,PGE
2788,Ag
2789,Au
2789,PGE
2789,Ag
2790,Au
2790,PGE
2790,Ag
2791,Au
2791,PGE
2791,Ag
2792,Au
2792,PGE
2792,Ag
2793,Au
2793,PGE
2793,Ag
2794,Au
2794,PGE
2794,Ag
2795,Au
2795,PGE
2795,Ag
2796,Au
2796,PGE
2796,Ag
2797,Au
2797,PGE
2797,Ag
2798,Au
2798,PGE
2798,Ag
2799,Au
2799,PGE
2799,Ag
2800,Au
2800,PGE
2800,Ag
2801,Au
2801,PGE
2801,Ag
2802,Au
2802,Ag
2802,PGE
2803,Au
2803,Ag
2803,U
2804,Au
2804,Ag
2804,U
2805,Au
2805,S
2806,Au
2806,S
2807,Au
2807,S
2807,PGE
2808,Au
2808,S
2808,PGE
2808,Ag
2809,Au
2809,S
2809,PGE
2809,Ag
2810,Au
2810,U
2811,Au
2811,U
2812,Au
2812,U
2813,Au
2813,U
2813,PGE
2813,Ag
2814,Au
2814,U
2814,PGE
2814,Ag
2815,Au
2815,U
2815,PGE
2815,Ag
2816,Au
2816,U
2816,PGE
2816,Ag
2817,Au
2817,U
2817,PGE
2817,Ag
2818,Au
2818,U
2818,PGE
2818,Ag
2819,Au
2819,U
2819,PGE
2819,Ag
2820,Au
2820,U
2820,PGE
2820,Ag
2821,Au
2821,U
2821,PGE
2821,Ag
2822,Au
2822,U
2822,PGE
2822,Ag
2823,Au
2823,U
2823,PGE
2823,Ag
2823,S
2824,Au
2824,U
2824,PGE
2824,Ag
2824,S
2825,Au
2825,U
2825,Ag
2826,Au
2826,U
2826,Ag
2826,S
2827,Au
2827,U
2827,Ag
2827,S
2827,PGE
2828,Au
2828,U
2828,S
2828,PGE
2829,Au
2829,U
2829,S
2829,PGE
2829,Ag
2830,graphite
2831,graphite
2832,Fe
2833,Fe
2834,Fe
2835,Fe
2836,Fe
2837,Fe
2838,Fe
2839,Fe
2839,Mn
2840,Fe
2840,V
2840,Ti
2841,Pb
2841,Zn
2842,Pb
2842,Zn
2842,Cu
2842,Ag
2843,Pb
2843,Zn
2843,Cu
2843,Ag
2844,limestone
2844,dolomite
2845,Mg
2846,Mg
2847,Mn
2848,Mn
2849,Mn
2850,Mn
2851,Mn
2852,Mn
2853,Mn
2854,Mn
2855,Mn
2856,Mn
2857,Mn
2858,Mn
2859,Mn
2860,Mn
2861,Mn
2862,Mn
2862,Fe
2863,Mn
2863,Fe
2864,Mn
2864,Fe
2865,Mn
2865,Fe
2866,Mn
2866,Fe
2867,Hg
2868,Ni
2868,Cr
2869,Ni
2869,Cr
2869,Cu
2869,PGE
2870,Ni
2870,Cu
2870,Au
2870,Ag
2871,PGE
2872,PGE
2873,PGE
2874,PGE
2875,PGE
2876,PGE
2877,PGE
2878,PGE
2879,PGE
2880,PGE
2881,PGE
2882,PGE
2883,PGE
2884,PGE
2884,Au
2884,Ni
2884,Cu
2885,PGE
2885,Cr
2885,Au
2885,Ni
2886,PGE
2886,Cr
2886,Ni
2886,Cu
2886,Au
2887,PGE
2887,Cu
2888,PGE
2888,Cu
2889,PGE
2889,Cu
2889,Ni
2890,PGE
2890,Cu
2890,Ni
2891,PGE
2891,Cu
2891,Ni
2891,Au
2892,PGE
2892,Cu
2892,Ni
2892,Au
2893,PGE
2893,Au
2894,PGE
2894,Au
2894,Cu
2894,Ni
2895,PGE
2895,Au
2895,Cu
2895,Ni
2896,PGE
2896,Ni
2896,Cu
2897,PGE
2897,Ni
2897,Cu
2898,PGE
2898,Ni
2898,Cu
2898,Co
2898,Au
2899,PGE
2899,Ni
2899,Cu
2899,Au
2900,PGE
2900,Ni
2900,Cu
2900,Au
2900,Cr
2900,Mo
2900,Pb
2901,PGE
2901,V
2902,phosphate
2903,phosphate
2903,Cu
2903,vermiculite
2903,Fe
2903,U
2903,Zr
2903,Au
2903,Ag
2904,phosphate
2904,Fe
2904,vermiculite
2905,phosphate
2905,vermiculite
2906,REE
2906,Cu
2906,Zr
2906,U
2907,Sn
2907,Cu
2908,Sn
2908,Fe
2908,Cu
2908,Pb
2909,Sn
2909,Zn
2909,W
2909,Cu
2910,Ti
2910,Zr
2910,Fe
2911,Ti
2911,Zr
2911,Fe
2912,Ti
2912,Zr
2912,Fe
2912,REE
2913,Ti
2913,Zr
2913,REE
2914,Ti
2914,Zr
2914,REE
2914,Fe
2915,W
2916,W
2917,W
2918,W
2918,Sn
2919,U
2919,Au
2920,U
2920,Au
2920,Ag
2921,V
2921,Fe
2921,Ti
2922,Zn
2922,Cu
2922,Ag
2922,Au
2923,Zn
2923,Pb
2924,Zn
2924,Pb
2925,Zn
2925,Pb
2925,Cu
2925,Ag
2925,Au
2926,Zn
2926,Pb
2926,Ag
2927,Zr
2928,Zr
2929,Zr
2929,Ti
2930,Cr
2930,asbestos
2930,Mg
2931,Cr
2931,asbestos
2931,Mg
2932,Cu
2933,Au
2933,Cu
2934,Au
2934,Cu
2935,Au
2935,Cu
2935,Zn
2935,Pb
2935,Ag
2936,asbestos
2937,Fe
2938,Fe
2939,Sn
2940,Sn
2941,phosphate
2942,clay
2943,Nb
2944,Cu
2944,Ni
2945,diamond
2946,diamond
2947,gem
2947,graphite
2948,Au
2949,Au
2949,Mo
2950,Au
2950,Ag
2951,Mg
2952,Mg
2953,Mg
2953,gem
2953,peridot
2954,Mg
2954,gem
2954,ruby
2955,phosphate
2956,REE
2956,phosphate
2956,Zn
2957,"sodium carbonate"
2958,Sn
2958,W
2959,Ti
2959,Fe
2959,V
2960,Ti
2960,Zr
2961,Cr
2962,phosphate
2963,fluorspar
2964,fluorspar
2965,fluorspar
2966,fluorspar
2967,Fe
2968,Fe
2969,Fe
2970,Pb
2971,Pb
2972,Pb
2973,Pb
2974,Pb
2975,Pb
2976,Pb
2977,Pb
2978,Pb
2979,Pb
2980,Pb
2980,Zn
2981,Pb
2981,Zn
2982,Pb
2982,Zn
2983,Pb
2983,Zn
2984,Pb
2984,Zn
2985,phosphate
2986,phosphate
2987,phosphate
2988,phosphate
2989,phosphate
2990,phosphate
2991,phosphate
2992,phosphate
2993,phosphate
2994,phosphate
2994,fluorspar
2995,phosphate
2995,fluorspar
2996,Zn
2996,Pb
2997,B
2998,B
2999,B
3000,B
3001,Cr
3002,Cr
3003,Cr
3004,Cu
3005,Cu
3006,Cu
3006,Au
3007,Cu
3007,Au
3008,Au
3009,Au
3010,Au
3011,Au
3012,Au
3013,phosphate
3013,Fe
3014,phosphate
3014,U
3014,Al
3014,Fe
3015,"sodium carbonate"
3016,Zn
3016,Cu
3017,Zn
3017,Cu
3017,Ag
3018,Cr
3019,Cu
3020,Cu
3020,Co
3021,Li
3021,Ta
3021,Nb
3022,phosphate
3022,Nb
3022,Fe
3022,Zr
3022,limestone
3023,phosphate
3023,Cu
3023,barite
3023,Sr
3023,fluorspar
3024,W
3025,phosphate
3026,Zn
3026,Pb
3026,Ag
3027,Cu
3028,Cu
3029,Cu
3030,Cu
3031,Cu
3032,Cu
3033,Cu
3034,Cu
3035,Cu
3036,Cu
3036,Co
3037,Cu
3037,Co
3038,Cu
3038,Co
3039,Cu
3039,Co
3040,Cu
3040,Co
3041,Cu
3041,Au
3042,Cu
3042,Au
3043,Cu
3043,Fe
3044,Cu
3044,Ag
3045,Cu
3045,Ag
3045,Au
3046,gem
3046,aquamarine
3046,amethyst
3047,gem
3047,emerald
3048,Au
3048,Ag
3048,Cu
3049,Au
3049,Ag
3049,Cu
3050,Fe
3051,Fe
3052,Fe
3053,Fe
3053,Mn
3054,Pb
3054,Zn
3054,Ag
3055,Pb
3055,Zn
3055,V
3055,Ag
3056,Mn
3056,Fe
3057,S
3057,Cu
3058,asbestos
3059,asbestos
3060,asbestos
3061,asbestos
3062,asbestos
3063,asbestos
3064,asbestos
3065,Cr
3066,Cr
3067,Cr
3068,Cr
3069,Cr
3070,Cr
3071,Cr
3072,Cr
3073,Cr
3074,Cr
3075,Cr
3076,Cr
3077,Cr
3078,Cr
3079,Cr
3080,Cr
3081,Cr
3082,Cr
3083,Cr
3084,Cr
3085,Cr
3086,Cr
3087,Cr
3088,Cr
3089,Cr
3090,Cr
3091,Cr
3092,Cr
3093,Cr
3094,Cr
3095,Cr
3096,Cr
3097,Cr
3098,Cr
3099,Cr
3100,Cr
3101,Cr
3102,Cr
3103,Cr
3103,Ni
3103,PGE
3103,Au
3104,Cu
3105,Cu
3106,Cu
3107,Cu
3108,Cu
3108,Ag
3109,Cu
3109,Ag
3109,Au
3110,diamond
3111,Au
3112,Au
3113,Au
3114,Au
3115,Au
3116,Au
3117,Au
3118,Au
3119,Au
3120,Au
3121,Au
3122,Au
3123,Au
3124,Au
3125,Au
3126,Au
3127,Au
3128,Au
3129,Au
3130,Au
3131,Au
3132,Au
3133,Au
3134,Au
3135,Au
3135,Sb
3136,Au
3136,Cu
3137,Au
3137,Cu
3137,Ag
3138,Au
3138,Fe
3139,Au
3139,Ag
3140,Au
3140,Ag
3141,Au
3141,Ag
3142,Au
3142,Ag
3143,Au
3143,S
3144,Au
3144,W
3145,Au
3145,W
3146,Au
3146,W
3146,Cu
3147,graphite
3148,Fe
3149,Fe
3150,Fe
3151,Fe
3151,Mn
3152,Li
3152,REE
3152,Ta
3152,clay
3152,kaolinite
3152,Sn
3153,Hg
3153,As
3154,Ni
3155,Ni
3155,Co
3155,Cu
3156,Ni
3156,Cu
3157,Ni
3157,Cu
3157,Co
3158,Ni
3158,Cu
3158,Co
3159,Ni
3159,Cu
3159,Co
3160,Ni
3160,Cu
3160,PGE
3161,PGE
3162,PGE
3162,Cu
3163,PGE
3163,Ni
3163,Cu
3163,Au
3164,phosphate
3164,Fe
3165,phosphate
3165,vermiculite
3166,Ta
3167,Sn
3167,Ta
3167,W
3167,Nb
3168,Zn
3168,Cu
3168,Pb
3168,Ag
3168,Au
