﻿"Cube Title","Product Id","CANSIM Id",URL,"Cube Notes","Archive Status",Frequency,"Start Reference Period","End Reference Period","Total number of dimensions"
"Mining industries, principal statistics by industry, by province","16100032",,"https://www150.statcan.gc.ca/t1/tbl1/en/tv.action?pid=1610003201",1;2;3;4,"CURRENT - a cube available to the public and that is current","Annual","2019-01-01","2023-01-01","3",

"Dimension ID","Dimension name","Dimension Notes","Dimension Definitions"
"1","Geography",,""
"2","North American Industry Classification System (NAICS)",,""
"3","Principal statistics",,""

"Dimension ID","Member Name","Classification Code","Member ID","Parent Member ID",Terminated,"Member Notes","Member Definitions"
"1","Newfoundland and Labrador","[10]","3","1","",,
"1","Prince Edward Island","[11]","4","1","",,
"1","Nova Scotia","[12]","5","1","",,
"1","New Brunswick","[13]","6","1","",,
"1","Quebec","[24]","7","1","",2,
"1","Ontario","[35]","8","1","",,
"1","Manitoba","[46]","10","1","",,
"1","Saskatchewan","[47]","11","1","",,
"1","Alberta","[48]","12","1","",,
"1","British Columbia","[59]","13","1","",,
"1","Yukon","[60]","15","1","",,
"1","Northwest Territories","[61]","16","1","",,
"1","Nunavut","[62]","17","1","",,
"1","Canada","[11124]","1","","",,
"2","Iron ore mining","[21221]","2","1","",,
"2","Gold and silver ore mining","[21222]","3","1","",,
"2","Copper, nickel, lead and zinc ore mining","[21223]","4","1","",,
"2","Other metal ore mining","[21229]","5","1","",,
"2","Other non-metallic mineral mining and quarrying","[21239]","7","6","",,
"2","Stone mining and quarrying","[21231]","9","8","",,
"2","Sand, gravel, clay, and ceramic and refractory minerals mining and quarrying","[21232]","10","8","",,
"2","Metal ore mining","[2122]","1","","",,
"2","Non-metallic mineral mining (excluding aggregates, clay and refractory mineral mining and quarrying)","[2123]","6","","",,
"2","Aggregates, clay and refractory mineral mining and quarrying (excluding non-metallic mineral mining)","[2123]","8","","",,
"3","Revenue from goods of own production","","2","1","",,
"3","Total energy and water expenses","","19","3","",,
"3","Cost of raw materials and supplies","","20","3","",,
"3","Total hours worked, direct and indirect labour","","30","3","",,
"3","Total salaries, wages and commissions, direct and indirect labour","","4","3","",,
"3","Total number of employees, direct and indirect labour","","7","3","",1,
"3","Number of production and related workers, direct labour","","11","3","",1,
"3","Number of all other employees, indirect labour","","15","3","",1,
"3","Salaries of production and related workers, direct labour","","5","4","",,
"3","All other employees' salaries, indirect labour","","6","4","",,
"3","Male, number of employees","","8","7","",,
"3","Female, number of employees","","9","7","",,
"3","Male, number of production and related workers","","12","11","",,
"3","Female, number of production and related workers","","13","11","",,
"3","Female, number of all other employees","","17","15","",,
"3","Male, number of all other employees","","16","15","",,
"3","Total opening inventories","","21","","",,
"3","Total closing inventories","","25","","",,
"3","Mineral industries value added","","29","","",,
"3","Total revenues","","1","","",,
"3","Total expenses","","3","","",4,

Symbol Legend
Description,Symbol
"not available for a specific reference period","..",
"less than the limit of detection","<LOD",
"value rounded to 0 (zero) where there is a meaningful distinction between true zero and the value that was rounded","0s",
"data quality: excellent","A",
"data quality: very good","B",
"data quality: good","C",
"data quality: acceptable","D",
"use with caution","E",
"too unreliable to be published","F",
"not applicable","...",
"preliminary","p",
"revised","r",
"suppressed to meet the confidentiality requirements of the Statistics Act","x",
"terminated","t",

"Survey Code","Survey Name"
"5246","Annual Mineral Production Survey"

"Subject Code","Subject Name"
"16","Manufacturing"

"Note ID",Note
1,"Total may not equal the sum of components due to rounding."
2,"The Institut de la Statistique du Québec is responsible for the collection and processing of mineral production data from Quebec respondents on an annual basis."
3,"The data are classified by industry based on the North American Industry Classification System (NAICS) Canada 2022 Version 1.0."
4,"The sub-categories for total expenses are not all published. "

"Correction ID","Correction Date","Correction Note"
